:020000040800F2
:10000000506E002045010008BD510008553200081F
:100010003D390008C9120008ADAE0008000000001C
:100020000000000000000000000000006D58000803
:100030001515000800000000E5510008196D0008C2
:100040005F0100085F0100085F01000859530008C4
:100050005F0100085F0100085F0100085F01000800
:100060005F0100085F0100085F0100085F010008F0
:100070005F0100085F0100085F01000871140008BB
:100080005F0100085F010008A50900085F01000882
:100090005F0100085F0100085F0100085F010008C0
:1000A0005F0100085F0100085F0100085F010008B0
:1000B0005F0100085F0100085F0100085F010008A0
:1000C0005F0100085F0100085F0100085F01000890
:1000D0005F0100085F0100085F0100085F01000880
:1000E0005F0100085F0100085F0100085F01000870
:1000F0005F0100085F0100085F0100085F01000860
:100100005F0100085F0100085F0100085F0100084F
:100110005F0100085F010008FD6D00081D6E00080A
:100120005F0100085F0100085F0100085F0100082F
:10013000DFF80CD000F000FC0048004751470108F0
:10014000506E00200648804706480047FEE7FEE75D
:10015000FEE7FEE7FEE7FEE7FEE7FEE7FEE7FEE777
:100160001D6D0008310100080048704758B70108AC
:1001700040EA01039B0703D009E008C9121F08C029
:10018000042AFAD203E011F8013B00F8013B521EA9
:10019000F9D27047D2B201E000F8012B491EFBD220
:1001A00070470022F6E710B513460A460446194682
:1001B000FFF7F0FF204610BD30B50446002003468F
:1001C00000E05B1C934203D2E05CCD5C401BF8D0A6
:1001D00030BD30B503461D783DB10A4612F8014BDB
:1001E0001CB1AC42FAD15B1CF5E7181A30BD30B532
:1001F0000546002008E00A4602E0A34207D0521C50
:100200001378002BF9D1401C2C5C002CF3D130BDAD
:100210002DE9FE4F804681EA0300C00F0C46009096
:1002200021F0004123F00045B8EB0200A94105D2BE
:100230004046214690461C460B46024623F00040AD
:10024000104347D0270DC7F30A00C3F30A510290A9
:10025000401A019040286BDAC3F3130040F4801B6E
:100260000098924620B10023D2EB030A63EB0B0BFC
:1002700001985946C0F14002504600F048FA06463F
:100280000D4650465946019A00F060FA10EB0800FE
:100290006141002487EA115284EAE7731A4340D08F
:1002A000009A62B3019A012A4FEA075215DC001B3B
:1002B00061EB02014FF0004202EA0752CDE9004231
:1002C000001C41F5801132462B4600F0B5FA03B010
:1002D000BDE8F08F40462146F9E7001B61EB0201C3
:1002E000001C41F5801300185B412018A2F500178F
:1002F00047EB030140EAD570B6196D4111E06D0876
:100300004FEA360645EAC0754FEA0752001B61EB1B
:100310000201001C41F5801149084FEA3000001924
:10032000514132462B4603B0BDE8F04F00F075BA9C
:100330000098012240000023D0EB020263EBE0733F
:10034000009821464FEAE074B8EB000061EB04012D
:10035000E9E783F000435BE781F0004158E72DE9CE
:10036000FE4F81EA030404F0004421F000410094B0
:100370004FF0000B23F0004350EA01045ED052EA34
:1003800003045BD0C3F30A54C1F30A552C44A4F20E
:10039000F3340194A0FB0254C1F3130141F4801122
:1003A000C3F3130343F4801301FB024400FB034E29
:1003B000840A970A44EA815447EA8357A4FB0768F2
:1003C00002958D0A05FB07854FEA932C04FB0C541C
:1003D0002705029D4FEA065847EA1637B5EB080590
:1003E0006EEB070C870E920E47EA811742EA8312E2
:1003F000A7FB0201B6EB0B0164EB00042B0D43EAF3
:100400000C335E1844EB1C50DA465146E7FB020100
:10041000C5F313044FEA0B3343EA14534FEA043293
:10042000019C43EA0603A4F10C040294009CCDE96C
:1004300000B400F001FA03B0BDE8F08F00200146DF
:10044000F9E72DE9F04D81EA030404F0004B21F0B7
:10045000004514464FF0000A23F0004150EA05021F
:1004600020D054EA01021DD0C5F30A570246C5F355
:100470001303C1F31300C1F30A5640F4801543F48B
:100480008013A7EB0608101BD64608F2FD3873EB65
:10049000050002D308F1010801E092185B41B8F1B0
:1004A000000F03DA00200146BDE8F08D00204FF474
:1004B0008011064684460EE0171B73EB050705D333
:1004C000121B63EB050306434CEA010C49084FEA93
:1004D000300092185B4150EA0107EDD152EA030067
:1004E00012D082EA040083EA0501084305D0101BFC
:1004F000AB4106D20122002306E000224FF0004368
:1005000002E06FF0010253101AEB06004CEB0851A9
:1005100010EB0A0041EB0B01BDE8F04D00F07DB996
:1005200030B5041E71F1000404DB4FF0004440427A
:1005300064EB0101141E73F1000405DB1C464FF04F
:100540000043524263EB0403801A994101D3012016
:1005500030BD002030BD30B5041E71F1000404DB55
:100560004FF00044404264EB0101141E73F100049B
:1005700005DB1C464FF00043524263EB0403101AA4
:100580008B4101D2012030BD002030BD30B5041EAA
:1005900071F1000404DB4FF00044404264EB0101C0
:1005A000141E73F1000405DB1C464FF00043524259
:1005B00063EB0403101A8B4101D3012030BD0020EE
:1005C00030BD0EB5C10F80EAE0700844CA070021B3
:1005D00040F233438DE80E000A460B4600F02CF93A
:1005E00003B000BD70B5C1F30A5201F0004500240C
:1005F000C1F3130140F2FF3341F480119A4201DA52
:10060000002070BD40F233439A42A2F2334203DC31
:10061000524200F08BF800E090402C43F1D0404271
:1006200070BD00F0004230F000400AD0C10D01F56D
:100630006071C0F3160042EA0151C208400711433D
:10064000704700200146704701F0004330B421F0AC
:10065000004150EA010206D00A0DA2F56072C1F312
:100660001301002A02DC30BC00207047440F44EA2A
:10067000C104C100E01830BC00EBC25000F078B8F3
:1006800030B50B46014600202022012409E021FA62
:1006900002F59D4205D303FA02F5491B04FA02F55F
:1006A0002844151EA2F10102F1DC30BD2DE9F05FF6
:1006B0000546002092469B468846064681464024D1
:1006C0001BE0284641464746224600F02FF8534695
:1006D0005A46C01A914110D311461846224600F0DE
:1006E00016F82D1A67EB01084F462246012000211B
:1006F00000F00DF817EB00094E41201EA4F1010493
:10070000DFDC484631462A464346BDE8F09F202AB2
:1007100004DB203A00FA02F1002070479140C2F158
:10072000200320FA03F3194390407047202A04DB8A
:10073000203A21FA02F00021704721FA02F3D0405A
:10074000C2F120029140084319467047202A06DB77
:10075000CB17203A41FA02F043EAE07306E041FA8F
:1007600002F3D040C2F1200291400843194670477D
:100770000029A8BF7047401C490008BF20F00100B5
:10078000704710B4B0FA80FC00FA0CF050EA010493
:1007900004BF10BC704749B1CCF1200421FA04F425
:1007A00011FA0CF118BF012121430843A3EB0C01FE
:1007B000CB1D4FEA00614FEA102042BF002010BC61
:1007C000704700EBC35010440029A4BF10BC704711
:1007D000401C490008BF20F0010010BC704710B554
:1007E00041000CD0C0F3C751962908DC7E2909DCF2
:1007F00006DB410204D000F0004040F07E5010BD06
:10080000002010BDC1F19604C4F1200100FA01F1ED
:10081000E040FFF7ADFFA04010BD10B5141E73F10E
:10082000000408DA401C41F1000192185B411A43B0
:1008300001D120F0010010BD2DE9F04D92469B46FC
:1008400011B1B1FA81F202E0B0FA80F220329046A2
:10085000FFF75DFF04460F4640EA0A0041EA0B013C
:1008600053465A46084313D0114653EA010019D0A3
:10087000C8F140025046FFF759FF05460E46504664
:1008800059464246FFF743FF084305D0012004E0E4
:1008900020463946BDE8F08D0020054346EAE07663
:1008A0002C4337430A986305E40AA0EB08000022B2
:1008B000FD0A44EA47540A3002D500200146E9E720
:1008C000010510196941DDE9084500196941BDE8D4
:1008D000F04DA2E7C1F30A52C1F3130140F2FF3316
:1008E00041F480119A4202DA00200146704740F23A
:1008F00033439A42A2F2334202DC5242FFF716BF60
:10090000FFF705BF30B5041E71F1000404DB4FF0A2
:100910000044404264EB0101141E73F1000405DB46
:100920001C464FF00043524263EB0403994208BF58
:10093000904230BD002070471CB50948009009481E
:1009400001900546009C06E0E06840F0010394E851
:10095000070098471034AC42F6D3FFF7EDFB0000D8
:10096000F83602081837020830B58C1810F8012B39
:1009700012F00F0301D110F8013B120906D110F853
:10098000012B03E010F8015B01F8015B5B1EF9D15C
:1009900001E001F8013B521EFBD1A142E6D3002049
:1009A00030BD000080B542F20040C4F201000221D7
:1009B0000AF054FE28B1FFE70020522100F010F8A1
:1009C000FFE742F20040C4F2010004210AF046FEB3
:1009D00028B1FFE70020492100F002F8FFE780BDC1
:1009E00080B586B08DF817008DF816100020ADF890
:1009F0001400ADF812009DF81700002840F0638144
:100A0000FFE79DF81600522840F0C580FFE742F24C
:100A10000040C4F201000AF03DFFADF81400BDF83B
:100A2000140040F6775188420BDCFFE7BDF8140054
:100A3000B0F53E6F05DBFFE70021084602F0C8FD78
:100A400080E0BDF8140040F6D32188420CDCFFE7BB
:100A5000BDF8140040F63C11884205DBFFE7012099
:100A6000002102F0B5FD6CE0BDF8140040F24671C3
:100A700088420CDCFFE7BDF8140040F2AF51884219
:100A800005DBFFE70220002102F0A2FD58E0BDF8DF
:100A90001400B0F5667F0BDCFFE7BDF81400B0F57D
:100AA000007F05DDFFE70320002102F091FD46E015
:100AB000BDF81400CC2814DCFFE740F2C070C2F28D
:100AC000000090F83300012805D1FFE70420002141
:100AD00002F07EFD04E00520002102F079FDFFE731
:100AE0002CE0BDF8140040F63371884225DBFFE7A7
:100AF00000200121039102F06BFD0399084602F0EA
:100B000067FD0399022002F063FD0399032002F0C0
:100B10005FFD40F2C070C2F2000090F8330001287F
:100B200005D1FFE70420012102F052FD04E0052079
:100B3000012102F04DFDFFE7FFE7FFE7FFE7FFE7D9
:100B4000FFE7FFE740F2C070C2F2000090F8330008
:100B500001280CD1FFE740F60000C4F2010001219A
:100B60000BF0D2FD0146052002F032FD0BE040F60D
:100B70000000C4F2010001210BF0C6FD0146042073
:100B800002F026FDFFE742F20040C4F2010002211C
:100B90000AF05AFD96E09DF81600492840F0918031
:100BA000FFE742F20040C4F20100029000210AF087
:100BB000FDFCADF81200BDF8120000EE100AB8EE10
:100BC000400A10EE100AFFF72CFD41EC100B9FEDD0
:100BD000401B53EC112B51EC100BFFF7C0FB41EC09
:100BE000100B51EC100B9FED3C0B53EC102BFFF74F
:100BF00028FC41EC100B51EC100BFFF7F3FC40F21A
:100C0000C071C2F200010191888541F20000C4F276
:100C1000010008210BF092FC029801210AF0C6FCA9
:100C2000ADF81200BDF8120000EE100AB8EE400A4E
:100C300010EE100AFFF7F5FC41EC100B9FED281B9E
:100C400053EC112B51EC100BFFF789FB41EC100B0F
:100C500051EC100B9FED240B53EC102BFFF7F1FB25
:100C600041EC100B51EC100B9FED210B53EC102BB2
:100C7000FFF7CEFA41EC100B51EC100B9FED1E0B61
:100C800053EC102BFFF7DDFB41EC100B51EC100B7C
:100C90009FED1B0B53EC102BFFF7BAFA41EC100B36
:100CA00051EC100BFFF7D0FC00EE100A14F040FBE3
:100CB000019A0146029882F82E1004210AF0C4FC21
:100CC000FFE7FFE7FFE706B080BD00BF00BF00BF42
:100CD000000000000025B140000000000000E440DA
:100CE0006666666666660AC0000000000000B040E6
:100CF000333333333333F73F091B9E5E29CB703FC9
:100D0000000000000000394080B586B042F200408B
:100D1000C4F2010005900AF021FB002002900AF0C5
:100D2000EFFC05984FF48071012201920AF0D8FD82
:100D3000029905980AF0FEFA019A059811460AF000
:100D4000C1FA029905980222039206230AF0E8FCF0
:100D5000019905984FF460220AF086FB019A0598E4
:100D600011460AF045FB039A059811460AF0AAFAC3
:100D7000029905980C22072300930AF09FFB009B21
:100D80000199059810220AF099FB039905984FF4F0
:100D9000E0420AF069FB019A039905980AF028FBE2
:100DA000029A1220032114F045FB039905980AF0DA
:100DB0004BFC0598042104910AF046FC0399059820
:100DC0000AF01AFC049905980AF016FC05980AF036
:100DD000FFFA05200BF07CF805980AF055FA0AF0A6
:100DE000D3FD06B080BD000080B582B043F6F4505C
:100DF000C2F20000807CADF80400BDF8042040F28F
:100E00006411C2F200014FF4CA7302FB03105A438B
:100E10004078895C884204DBFFE700208DF80700FA
:100E200017E1BDF8040040F26412C2F200024FF470
:100E3000CA7100FB0120407838BBFFE7BDF80430E1
:100E400043F6F450C2F2000000EB4300808A40F207
:100E50006412C2F200024FF4CA7103FB01239880AE
:100E6000BDF8040000FB0123587801305870BDF82C
:100E7000040000FB0121002088709DF8040015F09B
:100E8000CDFE01208DF80700E3E000208DF803007F
:100E9000BDF8040040F26412C2F200024FF4CA71BD
:100EA00000FB0120407801388DF80300FFE79DF832
:100EB0000300002800F1B880FFE7BDF8041043F6F6
:100EC000F450C2F2000000EB4100808A40F264134B
:100ED000C2F200034FF4CA7201FB02319DF80320F5
:100EE00001EB42018988884211D1FFE79DF8030098
:100EF000BDF8041040F26413C2F200034FF4CA724A
:100F000001FB0231887001208DF80700A1E0BDF8D7
:100F1000041043F6F450C2F2000000EB4100808A56
:100F200040F26413C2F200034FF4CA7201FB0231B3
:100F30009DF8032001EB42018988884211DAFFE71E
:100F4000BDF8040040F26412C2F200024FF4CA710C
:100F500000FB01209DF8031000EB41018888C88048
:100F600038E0BDF8041043F6F450C2F2000000EB84
:100F70004100808A40F26413C2F200034FF4CA7247
:100F800001FB02319DF8032001EB42018988884270
:100F90001FDDFFE7BDF8041043F6F450C2F2000075
:100FA00000EB4100808A40F26413C2F200034FF468
:100FB000CA7201FB02319DF803C001EB4C01C880ED
:100FC0009DF803000130BDF8041001FB0231887068
:100FD0002AE0FFE7FFE79DF80300F0B9FFE7BDF85F
:100FE000041043F6F450C2F2000000EB4100808A86
:100FF00040F26413C2F200034FF4CA7201FB0231E3
:101000009DF803C001EB4C0188809DF80300BDF8FA
:10101000041001FB0231887006E0FFE79DF8030031
:1010200001388DF8030042E7BDF8040040F2641275
:10103000C2F200024FF4CA7100FB0121487801306E
:1010400048709DF8040015F0E9FD01208DF80700B7
:10105000FFE79DF8070002B080BD000080B582B0B8
:101060008DF8070043F6F450C2F20000C17C08443A
:1010700090F821008DF806009DF807109DF80600F5
:1010800008448DF806009DF9062000200F210BF082
:1010900071FD8DF806009DF8060005F067F902B0B5
:1010A00080BD000080B582B08DF8070043F6F45093
:1010B000C2F2000010F812CF009000EB4C014B88F8
:1010C0009DF9071040F24012C2F2000202EBCC027E
:1010D00084449CF80AC032F81C2001FB0231ADF8B0
:1010E0000410027841F64820C0F6020030F91200E0
:1010F00041F64021C0F6020131F91210BDF804207A
:101100000BF038FD01460098ADF80410407830B976
:10111000FFE7BDF80400042106F082F905E0BDF800
:101120000400012106F07CF9FFE704F0B1F802B0F9
:1011300080BD000080B582B08DF8070043F6F45002
:10114000C2F200008178405C8DF806009DF906002F
:101150009DF9071000EB4102002064210BF00AFD0D
:101160008DF806009DF8060005F01EFC02B080BD5B
:1011700080B584B08DF80F009DF80F0001281BD1B9
:10118000FFE743F6F451C2F2000101910020029002
:10119000887041F20000C4F2010010210BF0CEF97A
:1011A00040F60000C4F2010040210BF0CFF9019994
:1011B000029881F831004DE043F6F451C2F200018B
:1011C0000120887040F60000C4F2010040210BF0BD
:1011D000B5F940F2C070C2F2000090F8300048BB90
:1011E000FFE740F2C070C2F2000090F8310008BB87
:1011F000FFE741F20000C4F2010010210BF0A6F954
:1012000040F2C070C2F2000090F82F00012808D10F
:10121000FFE743F6F451C2F20001012081F83100EA
:1012200007E043F6F451C2F20001002081F83100DA
:10123000FFE70EE041F20000C4F2010010210BF0C4
:101240007DF943F6F451C2F20001002081F831002B
:10125000FFE7FFE705F0E0F904B080BD80B582B09C
:1012600041F20000C4F2010000904FF4806101914E
:101270000BF064F905200AF02BFE009801990BF0A1
:1012800065F914200AF024FE43F63460C2F200002F
:10129000006890F82000012807D1FFE74BF2AE70FC
:1012A000C0F6010000F0FAF8FFE74BF27C70C0F6E0
:1012B000010000F0F3F84BF28170C0F6010000F07D
:1012C000EDF802B080BD0000FFE7FEE782B00190BC
:1012D0008DF80310019840899DF80310C84000F074
:1012E000030002B07047000081B000900098808831
:1012F000000B01B07047000081B0009000980078AA
:10130000C0F3001001B0704780B582B08DF80700BF
:101310000020ADF804009DF8070001460091012867
:1013200004D0FFE70098022806D00BE000200AF066
:1013300081FCADF8040005E001200AF07BFCADF86B
:101340000400FFE7BDF8040002B080BD80B584B0A2
:101350000AF016FC00200290382101910AF0BAFC34
:1013600002980AF09DFC029908460AF0D7FC029800
:101370000AF046FC0199012003900AF0ABFC0398A7
:101380000AF08EFC029903980AF0C8FC03980AF050
:1013900037FC02980AF000FC03980AF0FDFB04B049
:1013A00080BD00000000000080B586B08DF81700F9
:1013B000ADF814109DF8170001460391012804D0E0
:1013C000FFE70398022834D048E0BDF8140020B9A4
:1013D000FFE70020ADF8120020E0BDF81400FFF791
:1013E000F0F841EC100B9FED1E1B53EC112B51EC50
:1013F000100BFEF7B4FF41EC100B51EC100B9FEDFE
:101400001A0B53EC102BFEF703FF41EC100B51ECC1
:10141000100BFFF7E7F8ADF81200FFE7BDF8122058
:101420000021029108460AF055FB02980AF01EFCC2
:1014300014E0BDF814200020009040F214510BF08D
:1014400099FB0099ADF81200BDF81220012001901F
:101450000AF040FB01980AF009FCFFE706B080BDE6
:10146000666666666666444000000000000028402C
:1014700080B50020C4F20200042102220AF02CFFF1
:1014800050B1FFE70020C4F20200042101220AF05B
:1014900011FF0CF071FBFFE780BD000080B584B048
:1014A000039003980190FFE7019800788DF80B00F6
:1014B0000198013001909DF80B0008B9FFE727E083
:1014C0009DF80B00FF2803D1FFE709F035FDEBE79E
:1014D0009DF80B00000600280DD5FFE79DF80B00D6
:1014E00000F07F010198421C0192007840EA01203F
:1014F0000AF0EEFC0BE001999DF80B20382001F07A
:101500009FFF01989DF80B1008440190FFE7CBE77F
:1015100004B080BD7047000080B582B00190019892
:1015200003F01CFF01980421FFF7D0FE002815DC12
:10153000FFE70198FFF7D8FE0146009120B1FFE7D1
:101540000098022804D007E0019803F04FFF04E060
:10155000019803F0AFFF00E0FFE7FFE702B080BDB6
:1015600082B08DF8060043F6F450C2F20000807C91
:10157000ADF804009DF80600BDF8041040F26413B5
:10158000C2F200034FF4CA7201FB0231497888426B
:1015900004DBFFE700208DF80700A7E0BDF804009A
:1015A00040F26412C2F200024FF4CA7100FB012043
:1015B0009DF8061000EB4101002088809DF8060090
:1015C0008DF80300FFE79DF80300BDF8041040F21A
:1015D0006413C2F200034FF4CA7201FB023149786E
:1015E0000139884217DAFFE7BDF8040040F26412BF
:1015F000C2F200024FF4CA7100FB01209DF80310F3
:1016000000EB4101C8888880FFE79DF803000130A6
:101610008DF80300D7E7BDF8040040F26412C2F26F
:1016200000024FF4CA7100FB0120437800EB430332
:1016300000205880BDF8040000FB012358780138D1
:101640005870BDF8040000FB0120407868B9FFE73E
:10165000BDF8040040F26412C2F200024FF4CA71F5
:1016600000FB0121002088703CE0BDF8040040F23E
:101670006412C2F200024FF4CA7100FB01208078AC
:101680009DF8061088420EDDFFE7BDF8040040F229
:101690006412C2F200024FF4CA7100FB0121887883
:1016A000013888701DE0BDF8040040F26412C2F2F7
:1016B00000024FF4CA7100FB012041788078884213
:1016C0000EDBFFE7BDF8040040F26412C2F2000234
:1016D0004FF4CA7100FB0121487801388870FFE798
:1016E000FFE7FFE701208DF80700FFE79DF80700FF
:1016F00002B0704780B582B0ADF80600BDF80600B4
:10170000C82806DBFFE7BDF80600B0F5967F05DDCB
:10171000FFE740F20910FFF7EDFF17E00020ADF8FA
:1017200004009DF8060000F03F008DF80400BDF8AD
:101730000600C0F382108DF805009DF804209DF886
:101740000530812002210CF0FFFBFFE702B080BDD5
:1017500080B584B0844606988DF80FC08DF80E10C1
:10176000ADF80C208DF80B308DF80A00BDF80C0098
:10177000ADF808009DF80B008008ADF806009DF854
:101780000E009DF80F10BDF80C200244013ABDF880
:1017900006300B44013BD2B2DBB20CF07DFA5C2088
:1017A00000210CF0D1FB9DF80A00BDF80810BDF82F
:1017B0000620514389B20CF055FC04B080BD0000F6
:1017C00080B592B08DF847008DF846109DF847001F
:1017D0001F2805DCFFE79DF84600202801DBFFE716
:1017E00023E03120002110910CF0AEFB109B9DF8FE
:1017F00047109DF8462068460F9043630363C2621A
:10180000826242620362C361826143610361C160BB
:10181000816041600360202010211A460CF094FB87
:10182000109930200CF090FBFFE712B080BD000053
:1018300080B582B08DF80700A6208DF806009DF8CF
:101840000700C00730B1FFE79DF8060001308DF8B2
:101850000600FFE79DF8060000210CF075FB02B0C2
:1018600080BD000080B582B08DF807009DF80700AC
:1018700028B9FFE7AE2000210CF066FB04E0AF20A2
:1018800000210CF061FBFFE702B080BDB0B58AB06B
:10189000ADF826008DF82510ADF8222000258DF832
:1018A0002150079542F22000C0F220000690BDF8BA
:1018B000220007A9049113F081FD014604988DF8D8
:1018C00021109DF8211017F0C9FE04999DF82120E0
:1018D00006A80590801A0330FEF74AFCBDF82600E2
:1018E0009DF8251040F21404C2F20004A28802EB15
:1018F0004202A379EC46CCF8005092B200F0E8FB2B
:10190000DDF814C0BDF826009DF82510A28802EB72
:1019100042020244E3880B44EE46CEF80C50032505
:10192000CEF80850CEF80440CEF800C01BB212B278
:1019300001F028F90AB0B0BD80B586B0ADF8160048
:101940008DF81510ADF8122000208DF811000390CD
:10195000BDF8120003A9029113F030FD029B8DF82F
:1019600011009DF816009DF815109DF811201A44DD
:1019700012F8013C4FF6FF42C0F6010202EB43129F
:101980006B461A600822102300F0FEFA9DF8110041
:10199000022819DBFFE7BDF8160008389DF815107E
:1019A0009DF8112003AB1A4412F8023C4FF6FF4297
:1019B000C0F6010202EB43126B461A60C0B2082265
:1019C000102300F0E1FA0DE0BDF8160008389DF88C
:1019D00015106B4600221A6080B20822102300F016
:1019E0007DFCFFE79DF81100032819DBFFE7BDF838
:1019F000160010389DF815109DF8112003AB1A44FD
:101A000012F8033C4FF6FF42C0F6010202EB43120C
:101A10006B461A60C0B20822102300F0B5FA0DE040
:101A2000BDF8160010389DF815106B4600221A609C
:101A300080B20822102300F051FCFFE706B080BD01
:101A400080B584B0039002918DF8072009F088FAE0
:101A500003999DF8072044F23900C0F2F40005F024
:101A60002FF802999220C0F2F40004F0F5FF9DF8DF
:101A700007109320C0F2F40004F0EEFF002004B041
:101A800080BD000080B584B003908DF80B100192EA
:101A900003989DF80B200199FEF77CFB03990198B0
:101AA0000144002001F8010C04B080BD80B586B06F
:101AB0008DF817008DF8161004928DF80F309DF8F0
:101AC000170040F26412C2F200024FF4CA7110FB18
:101AD00001209DF8161000EB41008088ADF80C0045
:101AE0009DF81700F0B9FFE704989DF80F109DF8D6
:101AF0001620531CBDF80CE045F62942C0F28F2297
:101B0000AEFB02C24FF0640C02FB1CEEEC46CCF8BC
:101B100004E0CCF8002042F24042C0F6020218F085
:101B200055FA11E004989DF80F109DF81620531CEB
:101B3000BDF80C20EC46CCF8002042F25142C0F631
:101B4000020218F043FAFFE706B080BD80B588B006
:101B500040F20020C0F2300001210AF0EBFD40F617
:101B60000000C4F2010005900421069102220492B3
:101B700081230AF007FD049A059828214FF40043B9
:101B80000AF000FD049A069940F60040C4F20100F4
:101B9000039040F603430AF0F5FC049A059840F6DA
:101BA0001401C4F2010140230B60102100910AF0DE
:101BB000E9FC0099049A41F21400C4F2010040F6D5
:101BC000D853036041F20000C4F2010001900AF012
:101BD000D9FC00990398049A40F6144CC4F2010C05
:101BE0004FF48073CCF800300AF0CCFC0198049BD1
:101BF00000210291032207920AF0C4FC0299059881
:101C0000079A30230AF0BEFC02990598069B079AB2
:101C10000AF0B8FC0398049A40F61041C4F201019E
:101C2000C0230B6014210AF0ADFC0598079A182117
:101C30004FF400730AF0A6FC05980699079A4FF432
:101C400080630AF09FFC08B080BD0000B0B58AB088
:101C50008C4686460F980E99ADF826E08DF825C083
:101C60008DF8242008938DF81F108DF81E009DF824
:101C700024008DF81D009DF81D00202805DBFFE7DE
:101C80009DF81D007F2804DBFFE73F208DF81D0035
:101C9000FFE708988079400740B9FFE70898C088B7
:101CA000C1088DF81C10C0F3C70008E00898C1886F
:101CB000012000EBD1008DF81C00C0B2FFE79DF8B9
:101CC0001D0020389DF81C10484308998988484316
:101CD000ADF81A0008980068BDF81A10084405907D
:101CE000BDF826009DF82510089B9A889B799DF8E1
:101CF0001FC09DF81E40059DEE46CEF80C50CEF854
:101D00000840CEF804C04FF0000CCEF800C000F040
:101D100041F80AB0B0BD000080B582B08DF8070070
:101D20000020ADF80400FFE7BDF80400172829DC07
:101D3000FFE70020ADF80200FFE7BDF80200FF2832
:101D400019DCFFE79DF807104DF64960C0F6010069
:101D5000405CBDF8042040F60401C2F2000101EB32
:101D60000221BDF802208854FFE7BDF802000130CF
:101D7000ADF80200E1E7FFE7BDF804000130ADF87F
:101D80000400D1E70021FF225F23084600F0ACFFEA
:101D900002B080BDB0B58AB094468E460446119814
:101DA00010980F990E9AADF826408DF825E0ADF801
:101DB00022C08DF821308DF820208DF81F108DF86D
:101DC0001E000020ADF814009DF821109DF8203071
:101DD0004DF64762C0F60102D25CB1FBF2F101316F
:101DE0008DF813108DF81000ADF81800FFE7BDF85E
:101DF00018009DF81310884280F2B280FFE79DF82A
:101E00002130BDF818009DF820204DF64761C0F63E
:101E100001018A5C00FB12308DF812009DF812005F
:101E20009DF82020895C88420ADBFFE79DF820109E
:101E30004DF64760C0F60100405C8DF8110004E0EB
:101E40009DF812008DF81100FFE70020ADF81C008E
:101E5000FFE7BDF81C00BDF8221088426DDAFFE7ED
:101E60001198BDF81410405C8DF817000020ADF8F3
:101E70001A00FFE7BDF81A009DF81110884250DAE9
:101E8000FFE79DF8200058BBFFE7BDF82600BDF82E
:101E90001C10084402909DF82500BDF81A10084453
:101EA0009DF81010084403909DF8170000060028C4
:101EB00004D5FFE79DF81F00019003E09DF81E0088
:101EC0000190FFE703990298019A80B2C9B2D2B299
:101ED00000F0C6F89DF8170040008DF8170019E0D3
:101EE000BDF82600BDF81C1008449DF82510BDF86B
:101EF0001A2011449DF8102011449DF817209209D2
:101F000080B2C9B200F0ACF89DF8170080008DF8DF
:101F10001700FFE7FFE7BDF81A000130ADF81A001F
:101F2000A8E7BDF814000130ADF81400FFE7BDF8D4
:101F30001C000130ADF81C008BE79DF820104DF619
:101F40004760C0F60100415C9DF8100008448DF820
:101F50001000FFE7BDF818000130ADF8180046E7A3
:101F60009DF82510BDF82600BDF822200244013A54
:101F70009DF821300B44013B92B2DBB2C0B200F0BD
:101F8000B3FE0AB0B0BD000080B584B0DDF818C063
:101F90008DF80F008DF80E10ADF80C208DF80B3079
:101FA0000020ADF800009DF80E008008ADF8040098
:101FB0009DF80B008008ADF80200BDF80400ADF8F4
:101FC0000800FFE7BDF80800BDF80410BDF80220C6
:101FD0001144884231DAFFE79DF80F00ADF80600A2
:101FE000FFE7BDF806009DF80F10BDF80C20114466
:101FF00088421BDAFFE70698BDF80010405CBDF888
:10200000082040F60401C2F2000101EB0221BDF8F4
:1020100006208854BDF800000130ADF80000FFE74D
:10202000BDF806000130ADF80600DAE7FFE7BDF8BD
:1020300008000130ADF80800C4E79DF80F009DF8D6
:102040000E10BDF80C200244013A9DF80B300B44F1
:10205000013B92B2DBB200F047FE04B080BD00004D
:1020600082B0ADF806008DF805108DF804209DF8BB
:10207000050080088DF803009DF80510032020EA74
:10208000010149008DF802109DF8021000FA01FCD0
:102090009DF8031040F60400C2F2000000EB01229C
:1020A000BDF80630D15C21EA0C01D1549DF8041032
:1020B0009DF8022001FA02F39DF8031000EB0121C4
:1020C000BDF80620885C1843885402B070470000B1
:1020D00080B586B084460898ADF816C08DF8151006
:1020E000ADF812208DF811308DF810009DF8110018
:1020F000ADF80A009DF81500ADF80600BDF8060021
:1021000000F00300ADF80400BDF8060080088DF86B
:102110000300FFE7BDF80A00002800F0CB80FFE7CE
:10212000BDF80A00BDF80410C1F10401884205DAC7
:10213000FFE7BDF80A00ADF8080007E0BDF80400AD
:10214000C0F10400ADF8080080B2FFE700208DF870
:1021500002008DF80100BDF8080004282DD1FFE72A
:102160009DF810104DF64960C0F60100405C8DF8F6
:102170000200BDF81600ADF80E00FFE7BDF80E0036
:10218000BDF81210BDF816201144884214DAFFE79A
:102190009DF802009DF8032040F60401C2F2000100
:1021A00001EB0221BDF80E208854FFE7BDF80E00B8
:1021B0000130ADF80E00E1E762E00020ADF80E005E
:1021C000FFE7BDF80E00BDF80810884226DAFFE7E9
:1021D000BDF80E00BDF804100844C0F10300400033
:1021E0008DF800009DF810009DF8001000FA01F134
:1021F0009DF8020008438DF802009DF800100320AE
:1022000000FA01F19DF8010008438DF80100FFE795
:10221000BDF80E000130ADF80E00D2E7BDF8160093
:10222000ADF80E00FFE7BDF80E00BDF81210BDF8C6
:1022300016201144884222DAFFE79DF801C09DF87C
:10224000031040F60400C2F2000000EB0122BDF8CA
:102250000E30D15C21EA0C01D1549DF802309DF87A
:10226000031000EB0121BDF80E20885C1843885450
:10227000FFE7BDF80E000130ADF80E00D3E7FFE731
:10228000BDF80810BDF80A00401AADF80A00BDF804
:102290000810BDF806000844ADF80600BDF80600B9
:1022A00000F00300ADF80400BDF8060080088DF8CA
:1022B00003002FE79DF81510BDF81600BDF8122099
:1022C0000244013A9DF811300B44013B92B2DBB25B
:1022D000C0B200F009FD06B080BD000080B584B03A
:1022E00084460698ADF80EC08DF80D10ADF80A20A2
:1022F0008DF809308DF808009DF80D008008ADF8C4
:1023000002009DF809008008ADF80000BDF8020049
:10231000ADF80400FFE7BDF80400BDF80210BDF8F9
:102320000020114488422ADAFFE7BDF80E00ADF81C
:102330000600FFE7BDF80600BDF80E10BDF80A2044
:102340001144884214DAFFE79DF80800BDF8042024
:1023500040F60401C2F2000101EB0221BDF80620A3
:102360008854FFE7BDF806000130ADF80600E1E74C
:10237000FFE7BDF804000130ADF80400CBE79DF89D
:102380000D10BDF80E00BDF80A200244013A9DF878
:1023900009300B44013B92B2DBB2C0B200F0A4FCA6
:1023A00004B080BDB0B58CB08C46864612981199A9
:1023B000109CADF82EE08DF82DC08DED0A0A8DF839
:1023C00027208DF826308DF825108DF82400002068
:1023D0008DF823009DED0A0ABDEEC00A8DED070AB7
:1023E0009DED0A0A9DED071AB8EEC11A30EE410ABA
:1023F0009DF827104DF60870C0F6010000EB810033
:1024000090ED001AB8EE411A20EE010ABDEEC00AA6
:102410008DED060A0698B0F1FF3F04DCFFE7069851
:1024200040420690FFE79DF8260001284BD1FFE7C8
:10243000BDF82E009DF82D10069A109B9DF825E002
:102440009DF82440EC46CCF80840CCF804E0CCF8E9
:1024500000300123059300F0FDF8BDF82E209DF813
:1024600027000130109B998800FB11209DF82D104A
:102470009DF825209DF824E0EC46CCF804E0CCF84B
:10248000002080B22E22FFF7E1FB059BBDF82E2035
:102490009DF827000130DDF840C0BCF8041000FBB7
:1024A00011209DF82D10079A9DF825409DF8245085
:1024B000EE46CEF80850CEF80440CEF800C080B208
:1024C00000F0C8F84BE0BDF82E009DF82D10069ADC
:1024D000109B9DF825E09DF82440EC46CCF8084080
:1024E000CCF804E0CCF800300023049300F0B2F8FC
:1024F0008DF82300BDF82E209DF82300109B9988AD
:1025000000FB01209DF82D109DF825209DF824E06A
:10251000EC46CCF804E0CCF8002080B22E22FFF785
:1025200095FB049BBDF82E209DF823000130DDF8BB
:1025300040C0BCF8041000FB01209DF82D10079A44
:102540009DF825409DF82450EE46CEF80850CEF870
:102550000440CEF800C080B200F07CF8FFE70CB079
:10256000B0BD000010B584B08C4686460798069929
:10257000ADF80EE08DF80DC08DF80C20ADF80A30E6
:10258000ADF808108DF807009DF80C0001282FD138
:10259000FFE7BDF80E00BDF80A100844B0F5807FD3
:1025A00007DDFFE7BDF80E00C0F58070ADF80A004A
:1025B000FFE79DF80D00BDF808100844612807DB0F
:1025C000FFE79DF80D00C0F16000ADF80800FFE7DF
:1025D000BDF80E009DF80D10BDF80A209DF80830DA
:1025E0009DF807C0EE46CEF800C0FFF771FD2EE063
:1025F0009DF80D00BDF80A100844612807DBFFE7CD
:102600009DF80D00C0F16000ADF80A00FFE7BDF8CD
:102610000E00BDF808100844B0F5807F07DDFFE725
:10262000BDF80E00C0F58070ADF80800FFE7BDF8FA
:102630000E009DF80D10BDF808209DF80A309DF899
:1026400007C0EE46CEF800C0FFF742FDFFE704B03A
:1026500010BD000010B58AB08C4686460E980D99C4
:102660000C9CADF826E08DF825C008928DF81F303F
:102670008DF81E108DF81D0000208DF81C000898A4
:1026800002900298B0F1FF3F04DCFFE7029840425D
:102690000290FFE7FFE7029846F26761C6F26661C3
:1026A00050FB01F39A1002EBD37202EB8202A0EB13
:1026B00042009DF81C300DF10F02D054029850FBDF
:1026C00001F1881000EBD17002909DF81C000130E0
:1026D0008DF81C00FFE702980028DCD1FFE708987E
:1026E000B0F1FF3F0CDCFFE79DF81C200DF10F015E
:1026F0002D2088549DF81C0001308DF81C00FFE748
:102700009DF81F0000285CD1FFE700208DF81B001A
:10271000FFE79DF81B009DF81C10884250DAFFE788
:102720009DF81C109DF81B00C04301440DF10F00E3
:10273000405C2D281AD1FFE7BDF826009DF8251032
:102740009DF81C309DF81B20D24313440DF10F025D
:10275000D25C0C9B9DF81EC09DF81D40EE46CEF845
:102760000440CEF800C0FFF771FA1BE0BDF8260068
:102770009DF825109DF81C309DF81B20D243134472
:102780000DF10F02D25C30320C9B9DF81EC09DF8FB
:102790001D40EE46CEF80440CEF800C0D2B2FFF79E
:1027A00055FAFFE70C988188BDF826000844ADF87B
:1027B0002600FFE79DF81B0001308DF81B00A8E7FD
:1027C00057E000208DF81B00FFE79DF81B009DF8E7
:1027D0001C1088424CDAFFE79DF81B100DF10F002A
:1027E000405C2D281AD1FFE7BDF826000C9B998884
:1027F000401A9DF825109DF81BC00DF10F0212F82C
:102800000C209DF81EC09DF81D40EE46CEF80440F9
:10281000CEF800C080B2FFF719FA1BE0BDF8260021
:102820000C9B9988401A9DF825109DF81BC00DF14E
:102830000F0212F80C2030329DF81EC09DF81D408A
:10284000EE46CEF80440CEF800C080B2D2B2FFF718
:10285000FDF9FFE70C988188BDF82600401AADF815
:102860002600FFE79DF81B0001308DF81B00ACE748
:10287000FFE79DF81C000AB010BD000080B58CB0C9
:1028800084460E98ADF82AC009918DF82320ADF842
:1028900020308DF81F0009980690BDF82A00ADF889
:1028A000160032208DF815004FF48070ADF812003C
:1028B0006020ADF81000BDF92000B0F1FF3F04DC4E
:1028C000FFE70020ADF80E0004E0BDF82000ADF8F1
:1028D0000E00FFE79DF82300BDF80E10401A9DF88A
:1028E0001F1012F0EFFC8DF80D00BDF80E100698C9
:1028F00008440690FFE79DF80D00002857D0FFE739
:1029000006980078202819DBFFE7069800787E28D3
:1029100014DCFFE7BDF816009DF81510069A127832
:10292000EC460023CCF804300323CCF8003040F20E
:102930001403C2F20003FFF789F919E00698007842
:102940000D2803D1FFE701200B9033E0BDF81600FE
:102950009DF815106B4600225A6003221A6040F25F
:102960001403C2F200032022FFF770F9FFE7FFE72C
:1029700040F21401C2F200018A88BDF8160010442A
:10298000ADF81600BDF8160089880844BDF812108D
:10299000884203DDFFE702200B900BE00698013030
:1029A00006909DF80D0001388DF80D00A3E700207A
:1029B0000B90FFE70B980CB080BD000010B588B0FD
:1029C0008C4686460B980A99ADF81EE08DF81DC01E
:1029D000ADF81A208DF819308DF818108DF8170001
:1029E000BDF81E009DF81D10BDF81A309DF8182086
:1029F0009DF817E0EC46CCF804E0CCF8002001226A
:102A00000392FFF7AFFD039ABDF81E009DF81D105D
:102A10009DF819301944BDF81A309DF818C09DF87A
:102A20001740EE46CEF80440CEF800C0C9B2FFF71A
:102A300099FDBDF81E009DF81D109DF819309DF8F8
:102A400018209DF817E0EC46CCF804E0CCF8002004
:102A500000220492FFF786FD049ABDF81E00BDF81F
:102A60001A1008449DF81D109DF819309DF818C0E3
:102A700063449DF81740EE46CEF80440CEF800C0FF
:102A800080B2FFF76FFD08B010BD000080B588B0C0
:102A900084460A98ADF81EC0ADF81C10ADF81A2097
:102AA0008DF819308DF81800BDF81A00BDF81E20F9
:102AB000801A00EB80004001BDF81C10891A90FBC1
:102AC000F1F08DF817009DF81800C007D0B1FFE7AE
:102AD00040F23C01C2F20001642008706946002007
:102AE00004900860212033219F221323FFF7F0FA7E
:102AF000049869460860E720362115220C23FFF769
:102B0000E7FAFFE79DF8190040F23C01C2F200012C
:102B10000978884218D0FFE79DF8192069460023FC
:102B20008B600320486040F21400C2F2000008608D
:102B3000E7203621FFF78EFD9DF8190040F23C0199
:102B4000C2F200010870FFE79DF8170040F23D0156
:102B5000C2F200010978884212D0FFE79DF81720E1
:102B6000694603200860212033211323FFF7B0FAC0
:102B70009DF8170040F23D01C2F200010870FFE726
:102B800008B080BD10B588B08C4686460D980C996B
:102B90000B9C0A9CADF81EE08DF81DC0ADF81A2004
:102BA000ADF818308DF817108DF816000A980490BB
:102BB000BDF81E00ADF80E009DF81D008DF80D004B
:102BC000BDF81A00ADF80A00BDF81800ADF808000D
:102BD000BDF91A00002806D4FFE7BDF91A00B0F5C8
:102BE000807F05DDFFE74FF48070ADF80A00FFE756
:102BF000BDF91800002805D4FFE7BDF918006128C9
:102C000004DBFFE76020ADF80800FFE7FFE704986A
:102C10000078002866D0FFE7049800780A281AD1C7
:102C2000FFE7BDF81E00ADF80E000B98C1889DF8B7
:102C30000D0008448DF80D009DF80D000B99C98812
:102C40000844BDF80810884201DDFFE74AE0049817
:102C500001300490DBE7BDF80E009DF80D10049ADA
:102C600012780B9B9DF817C09DF81640EE46CEF8E3
:102C70000440CEF800C0FEF7E9FF0B988188BDF84C
:102C80000E000844ADF80E00BDF80E000B998988BF
:102C90000844BDF80A10884220DDFFE7BDF81E0099
:102CA000ADF80E000B98C1889DF80D0008448DF812
:102CB0000D009DF80D000B99C9880844BDF8081057
:102CC000884201DDFFE70DE004984078202804D118
:102CD000FFE7049801300490FFE7FFE70498013014
:102CE000049094E708B010BD82B08DF807008DF80D
:102CF0000610ADF804208DF803309DF8070043F668
:102D00004661C2F200010988884208DAFFE79DF8AF
:102D1000070043F64661C2F200010880FFE79DF814
:102D2000060043F64A61C2F200010988884208DAC7
:102D3000FFE79DF8060043F64A61C2F200010880F1
:102D4000FFE7BDF8040043F64461C2F200010988C0
:102D5000884208DDFFE7BDF8040043F64461C2F293
:102D600000010880FFE79DF8030043F64861C2F2C6
:102D700000010988884208DDFFE79DF8030043F65B
:102D80004861C2F200010880FFE702B0704700000E
:102D900086B00590049103924FF2E070C1F6FF7087
:102DA0000290029800680190019804990880BDF88B
:102DB0000600039908804FF2E870C1F6FF70029098
:102DC00000208DF80300FFE79DF80300022811DCC6
:102DD000FFE70298006805999DF8032041F822005A
:102DE000029804300290FFE79DF8030001308DF84F
:102DF0000300E9E706B0704780B584B0039043F65E
:102E00003460C2F20000006890F90400142808DB66
:102E1000FFE743F63460C2F200000068807C08B12E
:102E2000FFE745E007206946012200F0DDF89DF844
:102E3000000003990870039800780006002837D531
:102E4000FFE7039800788006002831D4FFE70720C9
:102E500069460A2200F0C8F89DF80000039908703E
:102E60009DF801109DF8020040EA01200399488076
:102E70009DF803109DF8040040EA01200399888022
:102E80009DF805109DF8060040EA01200399C880CE
:102E90009DF807109DF8080040EA01200399088179
:102EA0009DF80900039948810398FEF735FBFFE779
:102EB00004B080BD80B582B000200DF10301052271
:102EC00000F092F89DF80300410943F63460C2F225
:102ED00000000268D1729DF803100268C1F3C001BE
:102EE00091729DF804206FF0070101EB5201026816
:102EF00011710068807C68B9FFE79DF8050043F612
:102F00003461C2F200010A6850719DF80600096838
:102F1000C87108E09DF8050043F63461C2F2000173
:102F200009688871FFE79DF8070000F07F0043F60D
:102F30003461C2F20001096808729DF807000006BA
:102F4000002809D5FFE743F63460C2F200000168AB
:102F5000087A40420872FFE702B080BD80B584B0B5
:102F6000039000200290382000F032FA9DF80E0005
:102F700000F090FA9DF80D0000F08CFA9DF80C001E
:102F800000F088FA392000F005FA9DF80D0040069F
:102F900000280DD5FFE7002000F07EF90002029026
:102FA000012000F079F9014602980843029016E0EA
:102FB0000020019000F070F9014601980904029187
:102FC00000F06AF90146029840EA012002900120CF
:102FD00000F062F90146029808430290FFE700F012
:102FE0000FFA029804B080BD80B584B08DF80F0050
:102FF00002918DF8072000200090ADF804003820E1
:1030000000F0E6F99DF80F0000F044FA392000F0D6
:10301000C1F90098ADF80400FFE7BDF804009DF881
:103020000710013988420EDAFFE7002000F034F97A
:103030000299BDF804208854FFE7BDF80400013070
:10304000ADF80400E9E7012000F026F90299BDF887
:103050000420885400F0D4F904B080BD80B582B05B
:103060008DF807000020ADF804008DF8030043F64A
:10307000F450C2F20000807CADF8000002F008F9C4
:10308000BDF8000040F26412C2F200024FF4CA71AF
:1030900000FB01204078002800F0C680FFE79DF982
:1030A0000700012857DBFFE70020ADF80400FFE729
:1030B000BDF90400BDF8001040F26413C2F2000331
:1030C0004FF4CA7201FB02314978884231DAFFE7D6
:1030D000BDF8002040F26411C2F200014FF4CA7042
:1030E00002FB0010BDF9041000EB4100808843F69C
:1030F000F451C2F2000101EB4201898A884211DDDC
:10310000FFE79DF80400BDF8001040F26413C2F21E
:1031100000034FF4CA7201FB0231887001208DF860
:10312000030006E0FFE7BDF804000130ADF804003D
:10313000BEE79DF8030068B9FFE7BDF8000040F264
:103140006412C2F200024FF4CA7100FB0121002098
:103150008870FFE757E0BDF8000040F26412C2F249
:1031600000024FF4CA7100FB012040780138ADF82D
:103170000400FFE7BDF90400002831D4FFE7BDF8E3
:10318000002040F26411C2F200014FF4CA7002FB49
:103190000010BDF9041000EB4100808843F6F451A3
:1031A000C2F2000101EB4201898A884211DAFFE78D
:1031B0009DF80400BDF8001040F26413C2F2000351
:1031C0004FF4CA7201FB0231887001208DF80300B0
:1031D00006E0FFE7BDF804000138ADF80400C9E7D8
:1031E0009DF8030070B9FFE7BDF8000040F26412DB
:1031F000C2F200024FF4CA7100FB01214878013885
:103200008870FFE7FFE7BDF8000040F26412C2F2E9
:1032100000024FF4CA7100FB0120817800EB4100ED
:10322000808800F003F8FFE702B080BD80B582B06F
:10323000ADF80600BDF8060043F6F451C2F20001F5
:103240008A7C0121002A08BF042104F0E9F802B0B9
:1032500080BD0000FFE7FEE781B08DF8030003208A
:103260008DF80200FFE79DF80300411E8DF8031062
:1032700068B1FFE703208DF80200FFE79DF8020028
:10328000411E8DF8021008B1FFE7F7E7EBE701B048
:10329000704700007047000080B584B08DF80F00C3
:1032A00000208DF80E0040F61042C4F20102802189
:1032B00011608DF80D00FFE79DF80D0007283CDC3C
:1032C000FFE79DF80E0040008DF80E000220FFF78A
:1032D000C3FF40F61041C4F2010140200860012004
:1032E000FFF7BAFFFFE740F60040C4F201004021BB
:1032F00009F00AFA08B9FFE7F5E740F60040C4F222
:103300000100802109F000FA38B1FFE79DF80E00B6
:1033100040F001008DF80E00FFE70120FFF79CFF51
:1033200040F61441C4F2010140200860FFE79DF817
:103330000D0001308DF80D00BEE79DF80F00C007AD
:1033400038B1FFE740F61041C4F201018020086067
:1033500006E040F61441C4F2010180200860FFE756
:1033600002200190FFF778FF019840F61042C4F266
:103370000102402102911160FFF76EFF029840F6B2
:103380001441C4F201010860802008609DF80E001D
:1033900004B080BD80B584B08DF80F000420029089
:1033A000FFF75AFF029840F61042C4F20102019260
:1033B00080211160FFF750FF019A029840211160AF
:1033C000FFF74AFF9DF80F0000F002F804B080BD3F
:1033D00080B582B08DF8070040F61441C4F20101B7
:1033E0000091802008600420FFF736FF00994020FC
:1033F00008609DF8070000F04DF802B080BD0000A5
:1034000080B584B040F61441C4F2010180200290DE
:10341000086004200390FFF71FFF039840F6104256
:10342000C4F20102019240211160FFF715FF019AD9
:10343000029903981160FFF70FFF04B080BD0000F0
:1034400080B584B08DF80F000291ADF806209DF88C
:103450000F0000F0FE00FFF7BBFF0020ADF80400F6
:10346000FFE7BDF80400BDF8061088420DDAFFE75B
:103470000298BDF80410405C00F00CF8FFE7BDF8BE
:1034800004000130ADF80400EBE7FFF7B9FF04B02A
:1034900080BD000080B586B08DF8170080208DF8C3
:1034A0001600FFE79DF8160090B3FFE70120FFF735
:1034B000D3FE9DF816009DF81710084207D0FFE7CD
:1034C00040F61041C4F201018020086006E040F699
:1034D0001441C4F2010180200860FFE70120FFF7DA
:1034E000BBFE40F61041C4F2010140200490086088
:1034F0000220FFF7B1FE049840F61441C4F2010126
:103500000860FFE79DF8160040088DF81600C9E72F
:1035100001200090FFF7A0FE009840F61042C4F290
:1035200001020192802103911160FFF795FE03993A
:1035300040F60040C4F2010009F0E6F801998DF868
:1035400015004020029008600220FFF785FE029AD5
:10355000039840F61441C4F201010A6008609DF826
:103560001500B0FA80F0400906B080BD81B0ADF81A
:103570000000BDF80000092804DCFFE701208DF8F9
:10358000030021E0BDF80000632804DCFFE702200F
:103590008DF8030018E0BDF80000B0F57A7F04DA7A
:1035A000FFE703208DF803000EE0BDF8000042F2B3
:1035B0000F71884204DCFFE704208DF8030003E06C
:1035C00005208DF80300FFE79DF8030001B0704768
:1035D00080B582B08DF807008DF806109DF80710B1
:1035E00040F2FE70C2F20000405C0146009140B122
:1035F000FFE7009801282DD0FFE70098022865D04A
:1036000073E09DF8071040F2F870C2F20000405CD1
:10361000022811DBFFE79DF8072040F2F871C2F2A3
:103620000001002088549DF8072043F69901C2F25A
:10363000000101208854FFE79DF8060048B9FFE724
:103640009DF8072040F2FE71C2F20001012088546B
:10365000FFE74BE012F04EFA9DF8060050B9FFE785
:103660009DF8072040F2F871C2F20001885C013039
:10367000885408E09DF8072040F2FE71C2F2000174
:1036800000208854FFE79DF8071040F2F870C2F25E
:103690000000405C642818DBFFE79DF8072040F23B
:1036A000FE71C2F20001022088549DF8073040F2FA
:1036B000F872C2F200020021D1549DF8072043F6AF
:1036C0009901C2F200018854FFE70FE09DF806005F
:1036D000012809D1FFE79DF8072040F2FE71C2F2F0
:1036E000000100208854FFE700E0FFE702B080BD42
:1036F00080B58EB000F094F841F20000C4F20100F1
:1037000003908021049108F019FF64200B9008F0C9
:10371000DFFB0398049908F019FF0B9808F0D8FB19
:103720003020069000210D910AF00EFC0D99942096
:103730000AF00AFC0D9931200AF006FCD72001217D
:103740000C919F2208920AF0FFFB0C9B0D9A684691
:10375000032107910160322005900AF0F5FB0598DE
:1037600007996A461060F2201E2228230AF0ECFB1B
:1037700068460D2343600360F020099004211A4637
:103780000AF0E2FB06980D990AF0DEFB0D99084657
:103790000AF068FA0C990D9ABC200AF0D5FB07993B
:1037A000089B0D9AEC460A20CCF80000CA200AF0CB
:1037B000CBFB09980C9911220AF0C6FB0C9920202A
:1037C0000B220AF0C1FB43F63850C2F200000A9007
:1037D000C088FDF78FFF0A9948788978FDF7F0FFD8
:1037E0000A98C07800F00100FEF722F80D98FEF765
:1037F00093FA0D99684601604FF480726023084681
:10380000FDF7A6FF0B9808F0AFFB0C98FEF72AF81F
:103810000D9808F0DBF9052008F05AFB0EB080BDCA
:1038200080B58CB040F2036012F028F94FF4C0600C
:1038300012F024F940F20E7012F020F90A2008F07C
:1038400093FB40F61040C4F201004FF4A043036024
:1038500040F60040C4F201000190102103220292C0
:1038600008F090FE0198029A18214FF4204308F0C6
:1038700089FE05A8039015F00FFE43F60000C4F280
:103880000000049015F06EFD029B039904984FF41C
:10389000404206924FF482720592002207920A93E8
:1038A0004FF4007308930B92099215F0ABFD049846
:1038B00015F0E8FD04984FF4804115F00BFD0498D5
:1038C00015F034FD0CB080BD82B08DF8070043F6D2
:1038D0004661C2F20001FF20088043F64A61C2F24D
:1038E00000015F20088043F64461C2F2000100201D
:1038F000088043F64861C2F2000108809DF8070085
:10390000C007C0B1FFE743F63851C2F20001009191
:1039100005208880888800EB8000400088601420A3
:10392000087040F20912CA8010224A708870002084
:10393000C8700873FFE702B070470000FFE7FEE7BA
:1039400080B50020012103F065FEFFE743F69900F2
:10395000C2F20000007818B1FFE708F0B1FD02E004
:1039600007F0A6FAF2E780BD70B5A0B001238DF88C
:103970007C3040F20010C0F201101E9040F20111A4
:10398000C0F202111D918DF870301B9040F20310AF
:10399000C0F209301A9000208DF867008DF866009B
:1039A0008DF865009DF967009DF965109DF9662009
:1039B00003F06AFEFFE743F69900C2F20000407888
:1039C000F0B1FFE743F69901C2F200010020487010
:1039D0009DF9670008B9FFE7EDE79DF8670001383A
:1039E0008DF8670000238DF866308DF865309DF9FD
:1039F00067009DF965109DF9662003F045FEFFE71D
:103A000043F69900C2F200008078F8B1FFE743F670
:103A10009901C2F20001002088709DF96700082812
:103A200001D1FFE7C7E79DF8670001308DF8670017
:103A300000238DF866308DF865309DF967009DF99B
:103A400065109DF9662003F01FFEFFE743F699001D
:103A5000C2F20000007928B3FFE743F69901C2F2F1
:103A60000001002008719DF967101DA8405601282B
:103A70000EDBFFE79DF967101DA84056411E9DF91A
:103A800066200020012309F091F88DF86600FFE719
:103A90009DF967009DF965109DF96620002303F0EC
:103AA000F3FDFFE743F6A000C2F2000090F900002A
:103AB000002800F04A82FFE79DF96700014618914F
:103AC000082800F231821899DFE811F0090095000A
:103AD000D3006501020203022B022C022D029DF984
:103AE00065000146179140B1FFE7179801282DD0D6
:103AF000FFE71798022853D07CE043F64830C2F223
:103B00000000169090ED000A43F6A000C2F20000FB
:103B100090F9000001EE100AB8EEC11A30EE010A69
:103B2000BDEEC00A10EE102A6FF02F00182109F028
:103B300021F80146169800EE101AB8EEC00A80ED82
:103B4000000A90ED000A13F05FFD53E043F64830A1
:103B5000C2F20000159090ED030A43F6A000C2F2F5
:103B6000000090F9000001EE100AB8EEC11A30EE24
:103B7000010ABDEEC00A10EE102A6FF02F000021DE
:103B800008F0F8FF0146159800EE101AB8EEC00ACA
:103B900080ED030A90ED030A4C2013F051F929E05F
:103BA00043F64830C2F20000149090ED040A43F648
:103BB000A000C2F2000090F9000001EE100AB8EE79
:103BC000C11A30EE010ABDEEC00A10EE102A6FF0E5
:103BD0002F00002108F0CEFF0146149800EE101AC5
:103BE000B8EEC00A80ED040A90ED040A522013F0EA
:103BF00027F9FFE798E143F64830C2F2000013903E
:103C00004069FCF70EFD41EC100B8DED100B43F6F7
:103C1000A000C2F2000090F90000FCF7D2FC41ECD9
:103C2000100B9FEDDD1B53EC112B51EC100BFCF72F
:103C300096FB9DED100B41EC110B51EC110B53EC6D
:103C4000102BFCF7E5FA41EC100B51EC100BFCF7D4
:103C5000FBFC01EE100AB0EE0C0ADFEDE50A08F0FD
:103C60005FFF139880ED050A90ED050A13F054F9F3
:103C70005AE19DF9660001460F9120B1FFE70F98C8
:103C8000012831D076E09DF9650000EB400143F654
:103C90006030C2F200000E9000EB810090ED010A4E
:103CA00043F6A000C2F2000090F9000001EE100AF5
:103CB000B8EEC11A30EE010ABDEEC00A10EE102AAD
:103CC0006FF00B000C2108F055FF01460E9800EE36
:103CD000101AB8EEC00A9DF9651001EB410100EB26
:103CE000810080ED010A45E09DF9650000EB40018F
:103CF00043F66030C2F200000D9000EB8100806856
:103D0000FCF78FFC41EC100B8DED0A0B43F6A00085
:103D1000C2F2000090F90000FCF753FC41EC100BDC
:103D20009FEDB51B53EC112B51EC100BFCF717FB5F
:103D30009DED0A0B53EC102B41EC100B51EC100BCA
:103D4000FCF766FA41EC100B51EC100BFCF77CFC15
:103D500001EE100A9FEDAA0AF2EE040A08F0E0FE56
:103D60000D989DF9651001EB410100EB810080ED9C
:103D7000020AFFE79DF9650000EB400143F6603061
:103D8000C2F2000000EB810250F8210051689268F5
:103D900013F0CEF9C8E09DF965000146099140B1E4
:103DA000FFE70998012829D0FFE7099802284AD09F
:103DB0006EE043F61C50C2F20000089090ED010A3C
:103DC00043F6A000C2F2000090F9000001EE100AD4
:103DD000B8EEC11A30EE010ABDEEC00A10EE102A8C
:103DE0006FF00B000C2108F0C5FE0146089800EEAC
:103DF000101AB8EEC00A80ED010A49E043F61C50E3
:103E0000C2F20000079090ED040A43F6A000C2F24F
:103E1000000090F9000001EE100AB8EEC11A30EE71
:103E2000010ABDEEC00A10EE102A6FF00B000C2143
:103E300008F0A0FE0146079800EE101AB8EEC00A7E
:103E400080ED040A24E043F61C50C2F20000069004
:103E500090ED060A43F6A000C2F2000090F90000BF
:103E600001EE100AB8EEC11A30EE010ABDEEC00A2A
:103E700010EE102A6FF00B000C2108F07BFE0146BB
:103E8000069800EE101AB8EEC00A80ED060AFFE7A9
:103E90009DF8656043F61C5EC2F2000EDEF800007D
:103EA000DEF80410DEF80820DEF80C30DEF810C072
:103EB000DEF81440DEF81850EE46CEF80C60CEF86E
:103EC0000850CEF80440CEF800C013F011FD2BE0EE
:103ED0002AE043F6E840C2F20000059090ED010AA6
:103EE00043F6A000C2F2000090F9000001EE100AB3
:103EF000B8EEC11A30EE010ABDEEC00A10EE102A6B
:103F00000020182108F036FE0146059800EE101A30
:103F1000B8EEC00A80ED010A90ED010A14F050F9E4
:103F200002E001E000E0FFE79DF967009DF9651000
:103F30009DF966200023049303F0A6FB049843F642
:103F4000A001C2F200010870FFE743F69900C2F237
:103F50000000C07800283CD0FFE743F69901C2F288
:103F600000010020C8709DF9670004280CD1FFE70C
:103F700040F2C071C2F2000191F83200B0FA80F054
:103F8000400981F832001AE09DF967101AA84056DE
:103F9000012813DB04E000BF000000000000E03F48
:103FA0009DF967101AA84056411E9DF96520002012
:103FB000012308F0FBFD8DF86500FFE7FFE79DF9A1
:103FC00067009DF965109DF96620002303F05CFBF6
:103FD000FFE743F69900C2F20000007818B1FFE74E
:103FE00008F06EFA02E006F063FFE4E420B070BD72
:103FF0000000C84200BF00BF9A9999999999B93FAA
:10400000CDCCCC3D80B586B043F6F450C2F2000072
:1040100010F8121F8DF817109DF8171000EB4100D3
:104020004088ADF814000020ADF8120003909DF810
:10403000170040F26412C2F200024FF4CA7110FB82
:104040000120407898B1FFE79DF8170040F2641214
:10405000C2F200024FF4CA7110FB012148788A783D
:10406000411E002008F086FDADF81200FFE79DF824
:104070001700BDF9121003F041FEFFE743F6990067
:10408000C2F200004078B0B3FFE743F69901C2F2F4
:104090000001002048709DF8170040F26412C2F23F
:1040A00000024FF4CA7110FB01204078E0B1FFE735
:1040B000BDF91200012817DBFFE7BDF81200013837
:1040C000ADF812009DF8170040F26412C2F200022F
:1040D0004FF4CA7110FB0120BDF9121000EB410032
:1040E0008088FFF7A3F8FFE79DF81700BDF91210CD
:1040F00003F004FEFFE743F69900C2F20000807867
:10410000002842D0FFE743F69901C2F200010020E7
:1041100088709DF8170040F26412C2F200024FF45A
:10412000CA7110FB0120407840B3FFE7BDF91200CF
:104130009DF8171040F26413C2F200034FF4CA72E4
:1041400011FB023149780139884217DAFFE7BDF8DF
:1041500012000130ADF812009DF8170040F2641211
:10416000C2F200024FF4CA7110FB0120BDF9121017
:1041700000EB41008088FFF759F8FFE79DF8170032
:10418000BDF9121003F0BAFDFFE743F69900C2F241
:104190000000C07800285FD0FFE743F69900C2F224
:1041A0000000C07802284AD1FFE79DF8170040F2CE
:1041B0006412C2F200024FF4CA7110FB0120407871
:1041C000E8B3FFE79DF81200FDF7CAF9014603982E
:1041D000084403909DF8170040F26412C2F20002F6
:1041E0004FF4CA7110FB0120407820B9FFE700208E
:1041F000ADF8120022E09DF8170040F26412C2F2FE
:10420000000201924FF4CA71029110FB0120407824
:10421000411EBDF91220002008F0ACFC019A029961
:10422000ADF812009DF8170010FB0120BDF9121027
:1042300000EB41008088FEF7F9FFFFE7FFE743F658
:104240009901C2F200010020C8709DF81700BDF965
:10425000121003F053FDFFE743F69900C2F200008D
:10426000007878B1FFE7039828B1FFE79DF81700C1
:1042700012F0D4FCFFE7BDF81400FEF7D7FF08F0FA
:104280001FF902E006F014FEF8E606B080BD00005B
:1042900080B592B000208DF843000DF13E018A1CDC
:1042A00040F2C070C2F2000008901030FEF770FDBE
:1042B000E2200DF12B0109911322FEF795FE0899DA
:1042C000DDF82B0000BAC86141F6F020C0F602000C
:1042D00015F06CFE41F62870C0F6020015F066FE7F
:1042E000089801694269836942F29500C0F60200AC
:1042F00015F05CFEBDF83E10BDF8402042F23800DB
:10430000C0F6020015F052FE41F64070C0F6020001
:1043100015F04CFE089841688268C36841F65070F9
:10432000C0F6020015F042FE41F60B70C0F6020026
:1043300015F03CFE9DF82B109DF82C20BDF82D00AB
:1043400043BA41F6B830C0F6020015F02FFE9DF8D2
:104350002F109DF830009DF831C001F00F010209C7
:1043600000F00F034FEA1C100CF00F0EEC46CCF8D7
:1043700004E0CCF8000041F6E470C0F6020015F04D
:1043800015FE9DF832109DF833009DF834C001F001
:104390000F01020900F00F034FEA1C100CF00F0E82
:1043A000EC46CCF804E0CCF8000042F20000C0F685
:1043B000020015F0FBFD9DF835109DF836009DF8C4
:1043C00037C001F00F01020900F00F034FEA1C1083
:1043D0000CF00F0EEC46CCF804E0CCF8000042F2F2
:1043E0001C00C0F6020015F0E1FD9DF839209DF893
:1043F0003A00110902F00F02030941F6B470C0F649
:10440000020015F0D3FD9DF83C209DF83D001109F8
:1044100002F00F02030941F6CC70C0F6020015F05D
:10442000C5FD0999E6200F22FEF7DEFD9DF82B1051
:104430009DF82C309DF82D001A0903F00F03EC466F
:10444000CCF8000041F6D130C0F6020015F0AEFD08
:104450009DF82E109DF82F309DF830001A0903F0BA
:104460000F03EC46CCF8000041F65740C0F60200BE
:1044700015F09CFD9DF831109DF832309DF8330009
:104480001A0903F00F03EC46CCF8000041F6DD40BA
:10449000C0F6020015F08AFD9DF834109DF8353005
:1044A0009DF836001A0903F00F03EC46CCF8000023
:1044B00041F61440C0F6020015F078FD9DF8371063
:1044C0009DF838309DF839001A0903F00F03EC46C7
:1044D000CCF8000041F69A40C0F6020015F066FDE7
:1044E00042F2A700C0F6020015F060FD9DF94300FE
:1044F000012103F019FDFFE743F69900C2F2000025
:104500004078B0B1FFE743F69901C2F20001002004
:1045100048709DF9430008B9FFE7EDE79DF84300B7
:1045200001388DF843009DF94300002103F0FCFCA5
:10453000FFE743F69900C2F200008078B8B1FFE7C8
:1045400043F69901C2F20001002088709DF94300F2
:10455000082801D1FFE7CFE79DF8430001308DF82F
:1045600043009DF94300002103F0DEFCFFE743F622
:104570009900C2F20000C078002800F0CF80FFE769
:104580009DF9430001460791072800F2B68007997C
:10459000DFE801F004101C28293C4F5D40F2C07197
:1045A000C2F2000191F82F00B0FA80F0400981F8C2
:1045B0002F00A6E043F6F451C2F2000191F820006A
:1045C000B0FA80F0400981F820009AE040F2C07112
:1045D000C2F2000191F83400B0FA80F0400981F88D
:1045E00034008EE08DE040F2C070C2F2000090F81E
:1045F0003110B1FA81F1490980F8311090F8310099
:10460000002818BF012001F0CBFE7AE040F2C07014
:10461000C2F2000090F83010B1FA81F1490980F837
:10462000301090F83000002818BF012001F0B8FCCD
:1046300067E040F2C071C2F2000191F83300B0FAB5
:1046400080F0400981F8330002F0E8FA59E043F6BF
:104650009901C2F200010020C8706946C8600320B9
:10466000886040F22C00C2F20000486042F207105D
:10467000C0F60200086008201821F8226023FEF727
:1046800081FAFFE743F69900C2F20000C0780228E1
:1046900022D1FFE740F60040C4F201004FF48071E0
:1046A00007F054FF4FF47A70069007F011FC06985B
:1046B00007F00EFC069807F00BFC069807F008FCC4
:1046C000069807F005FC72B601201190119880F34E
:1046D000138800F075FDFFE743F69900C2F2000071
:1046E000007818B1FFE707F0EBFE00E0CAE79DF99C
:1046F0004300012103F018FC03E000208DF8430083
:10470000FFE79DF943000021059103F00DFC05989A
:1047100043F69901C2F20001C870FFE743F6A0001A
:10472000C2F2000090F9000018B1FFE707F0C8FEE0
:10473000FFE743F69900C2F20000007818B1FFE7E6
:1047400007F0BEFE02E006F0B3FBD5E612B080BD76
:1047500080B588B043F68500C2F2000001210170E7
:1047600000208DF81F009DF91F0003F065FE09F081
:10477000B5FAFFE743F69900C2F200004078C0B1F5
:10478000FFE743F69901C2F20001002048709DF94D
:104790001F0008B9FFE7EDE79DF81F0001388DF80D
:1047A0001F009DF91F00002103F046FE09F096FA54
:1047B000FFE743F69900C2F200008078C8B1FFE736
:1047C00043F69901C2F20001002088709DF91F0094
:1047D000062801D1FFE7CDE79DF81F0001308DF8D5
:1047E0001F009DF91F00002103F026FE09F076FA54
:1047F000FFE743F6A000C2F2000090F90000002895
:1048000000F0A580FFE79DF91F00014606910628EC
:1048100000F28A800699DFE801F0041E3A535455ED
:104820006E0043F63850C2F20000059090F9000087
:1048300043F6A001C2F2000191F9001042180020D5
:10484000642108F097F9014605980170017801206C
:10485000FCF7AAFD6CE043F63850C2F20000049069
:10486000B0F9040043F6A001C2F2000191F9001072
:1048700001EB8101421800203C2108F07BF90499EA
:104880008880888800EB80004000886050E043F614
:104890003850C2F200000390C08843F6A001C2F273
:1048A000000191F900104218D2204FF4917108F0E4
:1048B00061F901460398C180C088FCF71BFF37E00F
:1048C00036E035E043F63850C2F2000002908178BD
:1048D00090F9010043F6A002C2F2000292F9002012
:1048E0000244002008F046F9029948704878897817
:1048F000FCF766FF1CE043F63851C2F2000101915B
:10490000487891F9021043F6A002C2F2000292F92F
:1049100000200A441F2108F02DF901998870487879
:104920008978FCF74DFF03E000208DF81F00FFE7BA
:104930009DF91F000021009103F07EFD09F0CEF9E2
:10494000009843F6A001C2F200010870FFE743F6A9
:104950009900C2F20000C078B0B3FFE79DF91F00D4
:10496000032815D1FFE743F63850C2F20000C278A1
:1049700001219143C170C07800F00100FCF758FF9D
:104980009DF91F00002103F057FD09F0A7F9FFE78B
:104990009DF91F00042810D1FFE743F63851C2F2F9
:1049A00000010A7B0120904308739DF91F0000213C
:1049B00003F042FD09F092F9FFE743F69901C2F2D4
:1049C00000010020C870FFE743F69900C2F2000022
:1049D000007848B1FFE707F073FD43F68501C2F2A6
:1049E00000010020087002E006F062FAC2E608B09A
:1049F00080BD000080B584B000208DF80F009DF9C7
:104A00000F00012105F0C2FCFFE743F69900C2F256
:104A100000004078B0B1FFE743F69901C2F200010F
:104A2000002048709DF90F0008B9FFE7EDE79DF8F9
:104A30000F0001388DF80F009DF90F00002105F0DF
:104A4000A5FCFFE743F69900C2F200008078B8B1F8
:104A5000FFE743F69901C2F20001002088709DF93A
:104A60000F00052801D1FFE7CFE79DF80F000130C7
:104A70008DF80F009DF90F00002105F087FCFFE77E
:104A800043F69900C2F20000C078002854D0FFE736
:104A900007F016FD9DF90F0001460291052841D847
:104AA0000299DFE801F003092A30333CFFF750FE9A
:104AB000022012F0D3F839E040F2C070C2F20000D8
:104AC000019090F832008DF80E00FEF74DFF0320A4
:104AD00012F0C4F8002012F0C1F801999DF80E0000
:104AE00091F83210884207D0FFE743F68201C2F204
:104AF000000101200870FFE718E000F02FF8012006
:104B000012F0ACF812E000F037FA0FE0FFF7C0FB4C
:104B1000002012F0A3F8012012F0A0F806E0FEF742
:104B20000FFF03E000208DF80F00FFE79DF90F0055
:104B3000012105F02BFCFFE743F69900C2F20000CB
:104B4000007830B1FFE707F0BBFC012004F0C2FBA6
:104B500002E006F0ADF958E704B080BD80B58EB034
:104B600000208DF8370043F6F450C2F2000090F8B0
:104B70002000002818BF01208DF835009DF937006E
:104B8000012105F03FFDFFE743F69900C2F2000066
:104B90004078B0B1FFE743F69901C2F2000100206E
:104BA00048709DF9370008B9FFE7EDE79DF8370039
:104BB00001388DF837009DF93700002105F022FDFE
:104BC000FFE743F69900C2F200008078B8B1FFE732
:104BD00043F69901C2F20001002088709DF9370068
:104BE0000B2801D1FFE7CFE79DF8370001308DF8A2
:104BF00037009DF93700002105F004FDFFE743F67B
:104C00009900C2F20000C078002800F09D80FFE704
:104C10009DF9370001460C910B2800F284800C9915
:104C2000DFE801F006074344455667727D7E7F80CA
:104C30007DE09DF83500C007B0B3FFE743F6F450C0
:104C4000C2F200000B9090F828100120884301F078
:104C50006FFB0B9890F82800C00748B1FFE741F2BE
:104C60000000C4F201004FF4006107F06FFC1AE08D
:104C700043F6F450C2F2000090F8270090B9FFE725
:104C800043F6F450C2F2000090F82800C00748B97B
:104C9000FFE741F20000C4F201004FF4006107F0A9
:104CA0004DFCFFE7FFE7FFE741E040E03FE09DF814
:104CB0003500C00758B1FFE743F6F450C2F20000D8
:104CC00090F82C100120884301F0FCFAFFE72EE059
:104CD0009DF83500C00758B1FFE743F6F450C2F223
:104CE000000090F829100120884301F0C7F9FFE780
:104CF0001DE043F6F450C2F2000090F82A100120A3
:104D0000884301F001FB12E043F6F450C2F20000C8
:104D100090F82B100120884301F0CEF907E006E05F
:104D200005E004E003E000208DF83700FFE79DF97F
:104D3000370000210A9105F065FC0A9843F69901B5
:104D4000C2F20001C870FFE743F6A000C2F2000003
:104D500090F90000002800F0FF80FFE79DF9370080
:104D6000014609910B2800F2E6800999DFE801F07D
:104D7000064E4F6B868788898AA9C7E243F6F450AE
:104D8000C2F20000089090F8270043F6A001C2F29A
:104D9000000191F9001042180020012107F0EAFEFD
:104DA0000146089880F8271090F82700012809D1BB
:104DB000FFE741F20000C4F201004FF4006107F088
:104DC000C5FB1AE043F6F450C2F2000090F8270049
:104DD00090B9FFE743F6F450C2F2000090F82800C3
:104DE000C00748B9FFE741F20000C4F201004FF4E8
:104DF000006107F0A3FBFFE7FFE743F6F450C2F2C0
:104E0000000090F8270001F021F998E097E043F6C0
:104E1000F450C2F20000079090F8330043F6A0016E
:104E2000C2F2000191F9001042180020032107F09E
:104E3000A1FE079981F8330091F8330081F834001E
:104E400001F0EAFB7BE043F6F450C2F2000006906A
:104E500090F8320043F6A001C2F2000191F900106F
:104E600042180120022107F085FE0146069880F8CD
:104E7000321090F8320001F033F960E05FE05EE05C
:104E80005DE05CE043F6F450C2F200000590C17CA6
:104E90002D300490405C43F6A001C2F2000191F96C
:104EA000001042180020032107F064FE0499024616
:104EB0000598C37CCA54C07C0A5C114601F0C4FA50
:104EC0003DE043F6F450C2F200000290C17C353060
:104ED0000390405C43F6A001C2F2000191F900107A
:104EE00042180020042107F045FE0299024603986B
:104EF000CB7CC254C97C405C01F0F4FB1FE043F65C
:104F0000F450C2F20000019090F8300043F6A00186
:104F1000C2F2000191F9001042180020042107F0AC
:104F200029FE0146019880F8301090F8300001F019
:104F3000E9F804E003E000208DF83700FFE79DF971
:104F400037000021009105F05DFB009843F6A001B9
:104F5000C2F200010870FFE743F69900C2F20000B8
:104F6000007818B1FFE707F0ABFA02E005F0A0FF08
:104F70000AE60EB080BD000080B58CB000208DF830
:104F80002F008DF82B009DF92F00012105F002FE66
:104F9000FFE743F69900C2F200004078B0B1FFE7A6
:104FA00043F69901C2F20001002048709DF92F00DC
:104FB00008B9FFE7EDE79DF82F0001388DF82F00C5
:104FC0009DF92F00002105F0E5FDFFE743F699006C
:104FD000C2F200008078B8B1FFE743F69901C2F24F
:104FE0000001002088709DF92F00052801D1FFE7FE
:104FF000CFE79DF82F0001308DF82F009DF92F008D
:10500000002105F0C7FDFFE743F69900C2F200005A
:10501000C07860B3FFE79DF92F000146099105288C
:1050200014D80999DFE801F003040506070F11E021
:1050300010E00FE00EE0FEF7E5FF9DF92F000121E3
:1050400005F0A8FD06E000F04DFC03E000208DF81F
:105050002F00FFE79DF92F000021089105F09AFD30
:10506000089843F69901C2F20001C870FFE743F6C1
:10507000A000C2F2000090F90000002800F0868035
:10508000FFE79DF92F000146079105286DD8079984
:10509000DFE801F0031A334A696A43F6F450C2F2BA
:1050A00000000690C07B43F6A001C2F2000191F916
:1050B000001042180020032107F05CFD0699C87318
:1050C00001208DF82B0054E043F6F450C2F20000AA
:1050D0000490407B43F6A001C2F2000191F9001058
:1050E000421800200121059107F044FD049A014671
:1050F000059851738DF82B003BE043F6F450C2F253
:1051000000000390807B43F6A001C2F2000191F9F8
:105110000010421805203C2107F02CFD03998873EC
:1051200001208DF82B0024E043F6F450C2F2000079
:10513000029090F9100043F6A001C2F2000191F92B
:105140000010421809200A2107F014FD01460298B8
:105150000174007C40F26011C2F2000188700120ED
:105160008DF82B0005E004E003E000208DF82F000F
:10517000FFE79DF92F000021019105F00BFD01983B
:1051800043F6A001C2F200010870FFE743F6990060
:10519000C2F20000007860B1FFE79DF82B00C00765
:1051A00020B1FFE7012011F059FDFFE707F088F972
:1051B00002E005F07DFEECE60CB080BD704700001B
:1051C000BFF34F8F4EF60C51CEF20001086800F489
:1051D000E0600422C0F2FA5210430860BFF34F8F20
:1051E000FFE7FEE77047000080B586B0059005999F
:1051F00043F64430C2F200000390016002680021CF
:1052000004915180026811710068053020210191DC
:1052100009220092FCF736FC009A01990398006875
:105220000E30FCF72FFC01990398049A0368DA7595
:105230000068183041220292FCF724FC0199029A7E
:10524000039800685930FCF71DFC039904980A681C
:1052500082F89A000A6882F89B000A6882F89C002B
:105260000B68FF2283F89D200B6883F89E20096855
:10527000087043F60400C2F2000006F08FFB43F60C
:105280002C00C2F2000006F089FB06B080BD0000D1
:1052900080B588B043F64430C2F20000079002683F
:1052A00000210691518002681171006805302021AB
:1052B000049109220592FCF7E5FB0499059A0798E9
:1052C00000680E30FCF7DEFB069907980268D1757E
:1052D000026882F89A10006890F99B0000280ADCA6
:1052E000FFE743F64430C2F20000006890F99C00EA
:1052F000012815DBFFE743F64430C2F200000190BD
:10530000006818302021029141220392FCF7BAFB79
:1053100001980299039A00685930FCF7B3FBFFE744
:1053200043F64430C2F200000268FF2182F89D106B
:10533000026882F89E1001680020087043F604009D
:10534000C2F2000006F02AFB43F62C00C2F2000075
:1053500006F024FB08B080BD7047000080B584B023
:1053600002900020019002980621FBF7AFFF012870
:1053700003DBFFE70120039034E00298428843F604
:105380000400C2F20000032101AB06F011FB8DF80E
:1053900003009DF8030018B1FFE70120039021E00E
:1053A000019843F65401C2F200010968884216D000
:1053B000FFE7019843F65401C2F200010860019929
:1053C00043F64430C2F2000002685180026811784E
:1053D00041F001011170016801200871FFE7002010
:1053E0000390FFE7039804B080BD000080B582B051
:1053F000019000218DF803100198808800F00300CF
:105400008DF803000198FBF761FF002818DCFFE727
:105410000198417A43F64430C2F2000002689DF8D8
:10542000033002EB430291730199098902689DF8E8
:10543000033002EB4302D173016800208875FFE757
:1054400000208DF80200FFE79DF8020007282FDCFE
:10545000FFE743F64430C2F2000000689DF80220E6
:105460001044807B43F65801C2F20001895C8842F7
:1054700017D0FFE743F64430C2F20000026811780B
:1054800041F00401117002680121D17500689DF896
:1054900002201044807B43F65801C2F20001885478
:1054A000FFE7FFE79DF8020001308DF80200CBE72F
:1054B00002B080BD80B58CB00B9000208DF82B0021
:1054C00009900B98808800F00F008DF82B000B9846
:1054D0008088C0F300100990099A43F62C00C2F2AC
:1054E0000000022109AB06F063FA08B1FFE7BBE157
:1054F000099843F66001C2F200010978884221D080
:10550000FFE742F25D40C0F6020014F04FFD09983B
:1055100043F66001C2F20001087043F64430C2F263
:10552000000006900068183020210791412208925F
:10553000FCF7A8FA06980799089A00685930FCF712
:10554000A1FAFFE70020ADF828000B98FBF7D4FE86
:10555000002840F00381FFE743F64430C2F2000028
:105560000168002081F89A000B980221FBF7AEFE3B
:10557000002875DCFFE70B98C07943F64431C2F28E
:10558000000105910A6892F99A3003EB83131A44DB
:105590009DF82B3002EB830210760B98C0880968C7
:1055A00091F99A2002EB821211449DF82B2001EB15
:1055B00082014876FAF7D8FD05990068096891F9E3
:1055C0009A2002EB821211449DF82B2001EB8201FC
:1055D000097E405C10F0BA0F07D0FFE79DF82B0062
:1055E00080000130ADF82800FFE7FAF7BDFD006844
:1055F00043F64431C2F20001096891F99A2002EBA6
:10560000821211449DF82B2001EB8201497E405CFF
:1056100010F0BA0F07D0FFE79DF82B008000023092
:10562000ADF82800FFE7BDF9280043F64431C2F287
:1056300000010491096891F99A20114491F99B1095
:105640000FF02EFE01460498026892F99A301A442F
:1056500082F89B100168087840F008000870FFE7A6
:105660000B980021FBF732FE002876DCFFE70B9851
:10567000407A43F64431C2F2000103910A6892F97C
:105680009A3003EB83131A449DF82B3002EB83020C
:1056900090760B980089096891F99A2002EB8212A2
:1056A00011449DF82B2001EB8201C876FAF75CFDCE
:1056B00003990068096891F99A2002EB821211445B
:1056C0009DF82B2001EB8201097E405C10F0BA0F9F
:1056D00007D0FFE79DF82B0080000330ADF82800CD
:1056E000FFE7FAF741FD006843F64431C2F20001DA
:1056F000096891F99A2002EB821211449DF82B203F
:1057000001EB8201497E405C10F0BA0F08D0FFE740
:105710009DF82B10042000EB8100ADF82800FFE776
:10572000BDF9280043F64431C2F200010291096834
:1057300091F99A20114491F99B100FF0B1FD0146A7
:105740000298026892F99A301A4482F89B10016814
:10575000087840F008000870FFE785E043F6443021
:10576000C2F200000168012081F89A000B98002124
:10577000FBF7ACFD002876DCFFE70B98407A43F698
:105780004431C2F2000101910A6892F99A3003EBA8
:1057900083131A449DF82B3002EB430210760B98CA
:1057A0000089096891F99A2002EB821211449DF850
:1057B0002B2001EB42014876FAF7D6FC01990068EC
:1057C000096891F99A2002EB821211449DF82B206E
:1057D00001EB8201097E405C10F0BA0F07D0FFE7B1
:1057E0009DF82B0040000130ADF82800FFE7FAF7E4
:1057F000BBFC006843F64431C2F20001096891F92C
:105800009A2002EB821211449DF82B2001EB8201B9
:10581000497E405C10F0BA0F08D0FFE79DF82B10CE
:10582000022000EB4100ADF82800FFE7BDF9280099
:1058300043F64431C2F200010091096891F99A20BF
:10584000114491F99B100FF02BFD0146009802685E
:1058500092F99A301A4482F89B100168087840F057
:1058600008000870FFE7FFE70CB080BD704700003C
:1058700080B54FF440700FF071FE13F0DDFF40F281
:10588000026010F0FBF840F2036010F0F7F840F20D
:10589000046010F0F3F840F2056010F0EFF84FF4F8
:1058A000C06010F0EBF840F2047010F0E7F840F23E
:1058B000057010F0E3F840F2096010F0DFF80720FF
:1058C0000FF08AFF40F21D7010F0D8F840F2065039
:1058D00010F0D4F840F20E6010F0D0F8052006F079
:1058E000F7FA80BD80B58EB0002005908DF83400A9
:1058F0000C908DF82F00ADF82C00ADF82A00ADF813
:10590000280043F6F451C2F2000106910A4612F84B
:10591000123FADF82630BDF8263002EB4302528824
:10592000ADF82420CA7C114491F821108DF8231081
:10593000ADF820008DF81F0043F68601C2F2000189
:105940000120087000F056FD05990698BDF8262044
:1059500040F2641CC2F2000C4FF4CA7302FB03C293
:105960005170C07C20B9FFE7032000F0FFFC03E08A
:10597000062000F0FBFCFFE7BDF8260041F64821B9
:10598000C0F6020131F8102041F64021C0F60201B4
:1059900031F8101040F2641CC2F2000C4FF4CA73CC
:1059A00000FB03C04378EC460120CCF80000104611
:1059B000FDF76CF843F6F450C2F20000807C032837
:1059C00040F0CB80FFE743F6F450C2F20000407B8A
:1059D000002800F0C280FFE700208DF82F00FFE7CD
:1059E0009DF82F000D2800F3B780FFE79DF82F10DA
:1059F00041F66820C0F6020030F82100ADF8200022
:105A00000020ADF82C00FFE7BDF82C009DF82F30EA
:105A100041F66822C0F6020202EB8301498832F89F
:105A20002320891ABDF8263040F26012C2F200022B
:105A3000D25C91FBF2F188426FDAFFE7BDF82000FB
:105A4000022101F0EDFC07F013FF8DF81F009DF817
:105A50001F00C007E0B1FFE7BDF82000BDF8263009
:105A600040F26412C2F200024FF4CA7103FB012338
:105A700093F801C003EB4C039880BDF8260000FBAF
:105A8000012148780130487000208DF81F00FFE7A1
:105A900041F66821C0F602010888C98EBDF82020B1
:105AA000BDF8263040F2641EC2F2000E4FF4CA7CEC
:105AB00003FB0CE35B78EE464FF0000CCEF800C021
:105AC000FCF7E4FFBDF82000BDF8262040F260118D
:105AD000C2F20001895C0844ADF8200043F6990049
:105AE000C2F20000007880B9FFE7BDF8262040F23E
:105AF0006411C2F200014FF4CA7302FB03105A434F
:105B00004078895C884201D1FFE706E0FFE7BDF8F5
:105B10002C000130ADF82C0076E743F69900C2F274
:105B20000000007880B9FFE7BDF8262040F264113C
:105B3000C2F200014FF4CA7302FB03105A434078CB
:105B4000895C884201D1FFE706E0FFE79DF82F005E
:105B500001308DF82F0043E7D2E0BDF82600A0B950
:105B6000FFE743F6F451C2F20001CA7B41F6582028
:105B7000C0F6020030F82220ADF82A20C97B00EBE5
:105B800081004088ADF828002BE0BDF826000228EF
:105B900011D1FFE740F26010C2F2000080780A28BD
:105BA00009D1FFE740F21220ADF82A0040F2AE60C2
:105BB000ADF8280014E0BDF8261041F64820C0F6E4
:105BC000020030F81100ADF82A00BDF8261041F6A9
:105BD0004020C0F6020030F81100ADF82800FFE7C1
:105BE000FFE7BDF82A00ADF820000020ADF82C003A
:105BF000FFE7BDF82C00BDF82810BDF82A20891A4F
:105C0000BDF8263040F26012C2F20002D25C91FB75
:105C1000F2F1884273DAFFE7BDF82000022101F0BB
:105C2000FFFB07F025FE8DF81F009DF81F00C00741
:105C3000E0B1FFE7BDF82000BDF8263040F2641265
:105C4000C2F200024FF4CA7103FB012393F801C0B2
:105C500003EB4C039880BDF8260000FB0121487837
:105C60000130487000208DF81F00FFE7BDF82A00C2
:105C7000BDF82810BDF82020BDF8263040F2641E83
:105C8000C2F2000E4FF4CA7C03FB0CE35B78EE46D5
:105C90004FF0000CCEF800C0FCF7F8FEBDF8200075
:105CA000BDF8262040F26011C2F20001895C084470
:105CB000ADF8200043F69900C2F20000007880B9E8
:105CC000FFE7BDF8262040F26411C2F200014FF454
:105CD000CA7302FB03105A434078895C884207D19B
:105CE000FFE743F69901C2F200010020087006E0C8
:105CF000FFE7BDF82C000130ADF82C0079E7FFE795
:105D0000BDF8260040F26412C2F200024FF4CA71DC
:105D100000FB01210020049088709DF8230000F012
:105D200025FBBDF82400012101F07AFB049800F066
:105D300061FB049843F68601C2F20001087043F645
:105D40009900C2F200000078B8B1FFE7694603206D
:105D5000C8600020886040F21400C2F20000486071
:105D600042F2EE00C0F602000860622036214FF0D9
:105D7000FF331A46FCF706FF16E069460320C860A9
:105D80000020886040F21400C2F20000486042F235
:105D9000E900C0F602000860622036214FF0FF33B0
:105DA0001A46FCF7EFFEFFE79DF8260010F036FFDD
:105DB00006F086FB0EB080BD80B58AB08DF8270056
:105DC00043F68601C2F2000101200690087000200F
:105DD0008DF8260043F6F450C2F200000790014609
:105DE00011F8122F01EB42014988ADF82410BDF8DB
:105DF0002410ADF82210C17C084490F821008DF8E1
:105E00002100FFF745FA069800F0F4FA0798C07CE5
:105E100020B9FFE7032000F0A9FA03E0062000F014
:105E2000A5FAFFE7FFE79DF82600C007002878D114
:105E3000FFE743F6A000C2F2000090F90000F0B1C5
:105E4000FFE743F6A001C2F20001002005900870B0
:105E50009DF8210000F08AFABDF82200012104918A
:105E600001F0DEFA049803F035FA059800F0C2FA62
:105E7000059843F68601C2F20001087069E0BDF89A
:105E800022309DF9270043F6F451C2F2000191F847
:105E900012C040F26012C2F2000212F80C2010FB95
:105EA0000230ADF82200BDF822008A7C41F6402184
:105EB000C0F6020131F91210884210DCFFE7BDF88C
:105EC000220043F6F451C2F200018A7C41F64821D7
:105ED000C0F6020131F91210884218DAFFE79DF886
:105EE000210000F043FABDF824000121029101F0E5
:105EF00097FA029803F0EEF90020039000F07AFA86
:105F0000039843F68601C2F20001087021E0BDF853
:105F10002200022101F084FA07F0AAFC8DF8260085
:105F200081E79DF8210000F021FABDF8220001214F
:105F3000009101F075FA009803F0CCF9002001906F
:105F400000F058FA019843F68601C2F20001087089
:105F5000FFE70AB080BD000080B582B08DF8070071
:105F60009DF80700022804D3FFE700208DF8070002
:105F7000FFE79DF8072008A0011D012A08BF084679
:105F800090ED000A10F04EFF9DF8072002203F21FF
:105F900000F01AFE02B080BD00442C4700803B4751
:105FA00080B58AB08DF827009DF82700C007D0B3D0
:105FB000FFE743F63460C2F200000068807888B9D9
:105FC000FFE740F2AC20C0F2F40040F26711089104
:105FD00000F042FD089940F2AD20C0F2F40000F05C
:105FE0003BFD10E040F2AC20C0F2F40040F2691139
:105FF000079100F031FD079940F2AD20C0F2F400A6
:1060000000F02AFDFFE703200490A9210591222238
:106010000023069300F0D8FD04980599069B2322DF
:1060200000F0D2FD0FE003200190A921029122226D
:106030000223039300F0C8FD01980299039B2322D9
:1060400000F0C2FDFFE70AB080BD000080B582B05D
:106050008DF807009DF80700022801DBFFE70BE041
:106060009DF8070043F63461C2F20001096881F827
:10607000270000F009FCFFE702B080BD80B582B0C8
:106080008DF8070043F63460C2F20000006890F813
:10609000200008B9FFE70DE09DF8070043F63461E2
:1060A000C2F20001096800F0010081F8290000F047
:1060B0001BFAFFE702B080BD80B582B08DF8070003
:1060C0009DF8070043F63461C2F20001096800F050
:1060D000010081F82B0000F007FA02B080BD00003B
:1060E00080B582B08DF807009DF8070043F6346153
:1060F000C2F20001096881F8320000F08DFA02B0A6
:1061000080BD000080B58CB08DF82F009DF82F0069
:10611000052801DBFFE7D3E000208DF82C000A9072
:106120009DF82F0043F63461C2F20001089109681E
:1061300081F8300000F070FA08980068C07C08B15F
:10614000FFE7BDE043F63460C2F20000006890F85B
:106150002C00C007002800F09980FFE7022006907D
:1061600019210022079200F02FFD0698079A792145
:1061700000F02AFD0698079A1D2100F025FD0698DB
:10618000079A7D2100F020FD07980990FFE7099804
:1061900001287ADCFFE70998000101308DF828001A
:1061A0009DF82F0000EBC0014DF6DA60C0F601004B
:1061B0000390415C8DF829109DF82F1001EBC1016F
:1061C000014449788DF82A109DF82F1001EBC10188
:1061D000014489788DF82B109DF82F1001EBC10137
:1061E0000844C0788DF82C00C72004900AA90591B6
:1061F0000522029200F0BEFC029A039B04980599C6
:10620000DDF824C04FEA0C1C0CF1020C8DF828C0FC
:106210009DF82FC00CEBCC0C9C449CF804C08DF86E
:1062200029C09DF82FC00CEBCC0C9C449CF805C0F9
:106230008DF82AC09DF82FC00CEBCC0C9C449CF828
:1062400006C08DF82BC09DF82FC00CEBCC0C63441E
:10625000DB798DF82C3000F08DFC039A04980599B9
:10626000099B1B0103338DF828309DF82F3003EB79
:10627000C3031A44127A8DF82920022200F07AFC16
:10628000FFE709980130099081E719E09DF82F0098
:10629000C0EBC00141F6CD20C0F6020000900144E1
:1062A00018200722019200F065FC0098019A9DF8E1
:1062B0002F10C1EBC1010144782000F05BFCFFE727
:1062C0000CB080BD80B582B08DF8070043F6346015
:1062D000C2F20000006890F8200008B9FFE710E063
:1062E0009DF8071043F63460C2F20000026801F026
:1062F000010182F82C10006890F83000FFF702FFCF
:10630000FFE702B080BD000080B582B08DF80700C5
:106310009DF8070043F63461C2F20001096800F0FD
:10632000010081F82A0000F0DFF802B080BD000013
:1063300080B582B08DF8070043F63460C2F20000E9
:10634000006890F8200008B9FFE70DE09DF807000D
:1063500043F63461C2F20001096800F0010081F8DF
:10636000280000F091FAFFE702B080BD80B582B04E
:106370008DF807009DF80700102801DBFFE70DE00E
:106380009DF8070043F63461C2F200010968CA7C37
:10639000114481F8210000F05BFAFFE702B080BDF4
:1063A00080B584B08DF80F009DF80F00C007C0B114
:1063B000FFE703200090A92101911A2200230293F4
:1063C00000F002FC00980199029B162200F0FCFBF1
:1063D00040F2AE20C0F2F40040F2671100F03CFB46
:1063E00006E00320A9211622012300F0EDFBFFE7C0
:1063F00004B080BD80B582B08DF807009DF807100D
:1064000043F63460C2F20000026801F00101D1706D
:106410000068C078C00728B1FFE70020012111F013
:106420001DFA0EE043F63460C2F200000068C07846
:10643000C00728B9FFE70021084611F00FFAFFE76F
:10644000FFE702B080BD000080B582B08DF8070084
:106450008DF806108DF805209DF80600032805DC50
:10646000FFE79DF80500042801DBFFE713E09DF836
:10647000060043F63461C2F200010A689DF8073055
:106480001A4482F82D009DF80500096881F82F0054
:1064900000F02AF8FFE702B080BD000080B582B0AE
:1064A0008DF807008DF8061000208DF8050043F6E2
:1064B0003460C2F200000068C07C08B1FFE711E060
:1064C0009DF807109DF8060000EB81019DF805007E
:1064D00008438DF8050007200DF10501012200F0A9
:1064E00049FBFFE702B080BD80B582B000208DF887
:1064F000070043F63460C2F200000068C07C002848
:1065000060D1FFE743F63460C2F20000006890F803
:106510002A00C00738B1FFE79DF8070040F080006F
:106520008DF8070006E09DF8070000F07F008DF869
:106530000700FFE743F63460C2F20000006890F8FD
:106540002B00C00738B1FFE79DF8070040F040007E
:106550008DF8070006E09DF8070000F0BF008DF8F9
:106560000700FFE743F63460C2F20000006890F8CD
:106570002900C00738B1FFE79DF8070040F0200070
:106580008DF8070006E09DF8070000F0DF008DF8A9
:106590000700FFE743F63460C2F200000068C17CE8
:1065A000084490F82D0000F003019DF8070040EA30
:1065B00081008DF807009DF8070040F002008DF87B
:1065C000070021E09DF8070040F040008DF807002B
:1065D00043F63460C2F200000168CA7C114491F8AD
:1065E0002D1001F003029DF8071041EA82018DF899
:1065F0000710006890F82F0000F003019DF80700D5
:1066000008438DF80700FFE705200DF1070101227F
:1066100000F0B0FA02B080BD80B584B000208DF8E3
:106620000F0043F63460C2F200000068C07CC0BBBB
:10663000FFE743F63460C2F20000006890F83100D2
:10664000C00748B9FFE743F63460C2F200000068B3
:1066500090F8300038B9FFE79DF80F0040F0800057
:106660008DF80F00FFE743F63460C2F200000068C7
:1066700090F82C00C00738B1FFE79DF80F0040F0FC
:1066800020008DF80F00FFE743F63460C2F20000EF
:10669000006890F832109DF80F0008438DF80F0045
:1066A00010E043F63460C2F20000016891F8330054
:1066B00091F8341000EB81019DF80F0008438DF82C
:1066C0000F00FFE706200DF10F0101910122029258
:1066D00000F050FA0199029A662000F04BFA04B0DB
:1066E00080BD000080B586B08DF8170043F6346099
:1066F000C2F200000068C07C002853D1FFE79DF87B
:1067000017000146049104284BD80499DFE801F0F2
:1067100003111F2D3B0069460C2088603320486020
:106720003A20086006200D216522002300F04CFA73
:1067300037E069460C2088603320486015200860E7
:1067400006200D216522102300F03EFA29E069465B
:106750000C208860332048603A20086006200D2114
:106760006522102300F030FA1BE06946082088609B
:10677000332048603A20086006200D2165221E2340
:1067800000F022FA0DE06946052088605520486037
:106790003A20086006200D2165222A2300F014FA11
:1067A000FFE752E09DF817000146039104284BD8FB
:1067B0000399DFE801F003111F2D3B0069460C200F
:1067C0008860332048603A20086006200D2160224E
:1067D000002300F0F9F937E069460C208860332087
:1067E00048603A20086006200D216022102300F046
:1067F000EBF929E069460C208860332048603A2094
:10680000086006200D216022902300F0DDF91BE0D6
:1068100069460520886033204860492008600620CA
:106820000D216022D02300F0CFF90DE0694604204D
:106830008860332048604D20086006200D216022CA
:10684000D02300F0C1F9FFE7FFE706B080BD0000EC
:1068500080B582B000208DF8070043F63460C2F2A4
:1068600000000068C17C014491F8210091F82310D8
:1068700000EB81108DF8070003200DF107010122C4
:1068800000F078F902B080BD80B582B000208DF8AC
:1068900007008DF8060043F63460C2F2000000687D
:1068A000C07C002858D1FFE743F63460C2F20000F4
:1068B000006890F82500C00738B1FFE79DF8070091
:1068C00040F080008DF8070006E09DF8070000F01A
:1068D0007F008DF80700FFE79DF807008DF80600A0
:1068E00043F63460C2F20000006890F8270000F020
:1068F00001019DF8070040EA81008DF807009DF82E
:1069000007004007002807D5FFE79DF8060000F0C4
:10691000FB008DF8060006E09DF8060040F004003C
:106920008DF80600FFE743F63460C2F2000000680D
:1069300090F82800C00738B1FFE79DF8070040F045
:1069400001008DF8070006E09DF8070000F0FE004A
:106950008DF80700FFE718E043F63460C2F200004C
:10696000006890F82600C00738B1FFE79DF80700DF
:1069700040F080008DF8070006E09DF8070000F069
:106980007F008DF80700FFE7FFE704200DF1070106
:106990000122009200F0EEF8009A64200DF1060149
:1069A00000F0E8F802B080BD80B582B08DF8070035
:1069B0009DF80700652801DBFFE746E09DF807002A
:1069C00043F63461C2F2000109688A7888549DF860
:1069D000070003280DDCFFE79DF807106FF0420069
:1069E00000EB810000EE100AB8EEC00A8DED000A3F
:1069F00017E09DF80700C0F16400F9F7E2FD41ECF3
:106A0000100B9FED131B53EC112B51EC100BF9F7EE
:106A1000A6FC41EC100B51EC100BF9F715FE0090A1
:106A2000FFE743F63460C2F200000068807830B9B6
:106A3000FFE79DED000A462010F016FB05E09DEDF6
:106A4000000A522010F010FBFFE702B080BD00BF2B
:106A5000000000000000E1BF80B582B0019000910D
:106A60003820FCF7B5FC9DF80600FCF713FD9DF8F7
:106A70000500FCF70FFD9DF80400FCF70BFD9DF8E9
:106A800005004006002809D5FFE79DF80100FCF746
:106A900001FD9DF80000FCF7FDFC0CE09DF80200F4
:106AA000FCF7F8FC9DF80100FCF7F4FC9DF80000F1
:106AB000FCF7F0FCFFE7FCF7A3FC02B080BD000090
:106AC00080B584B0039002918DF807203820FCF740
:106AD0007FFC9DF80E00FCF7DDFC9DF80D00FCF737
:106AE000D9FC9DF80C00FCF7D5FC0020ADF80400A3
:106AF000FFE7BDF804009DF80710884235DAFFE78C
:106B00009DF80D004006002810D5FFE70298BDF85B
:106B1000041000EB81004078FCF7BCFC0298BDF843
:106B2000041010F82100FCF7B5FC17E00298BDF83E
:106B3000041000EB81008078FCF7ACFC0298BDF8F3
:106B4000041000EB81004078FCF7A4FC0298BDF82B
:106B5000041010F82100FCF79DFCFFE7FFE7BDF8EB
:106B600004000130ADF80400C3E7FCF749FC04B0B1
:106B700080BD000080B584B08DF80F0002918DF8C3
:106B800007203820FCF724FC9DF80F00FCF782FC5E
:106B90000020ADF80400FFE7BDF804009DF80710E1
:106BA00088420DDAFFE70298BDF80410405CFCF75C
:106BB00071FCFFE7BDF804000130ADF80400EBE71D
:106BC000FCF71EFC04B080BD83B080B585B009938E
:106BD00008920791049007A801903820FCF7F8FB71
:106BE00000200290FFE70298049988420FD2FFE745
:106BF0000198011D019100688DF80F009DF80F00AC
:106C0000FCF748FCFFE7029801300290EBE7FCF745
:106C1000F7FB05B0BDE8804003B0704740F2C0709C
:106C2000C2F2000090F8330098B1FFE740F238114B
:106C3000C2F2000143F64230C2F20000086040F2A6
:106C40003C11C2F2000143F6A000C2F2000008604D
:106C500012E040F23811C2F2000143F6A000C2F285
:106C60000000086040F23C11C2F2000143F64230DD
:106C7000C2F200000860FFE77047000080B584B0F2
:106C80008DF80F009DF80F00042801DBFFE740E0BE
:106C90009DF80F0043F63461C2F2000102910A68C8
:106CA00090749DF80F2041F65020C0F60200805CE1
:106CB0000968C87400200121019110F0CFFD0199ED
:106CC0000298006810F8122F00EB4200408800F094
:106CD000A7FBFFF7BDFDFFF7D7FDFFF705FC029807
:106CE000006890F83000FFF70DFA01980221FFF7D5
:106CF000D5FB02980068C17C084490F83500FFF786
:106D0000F1FC02980068C07800F00100FFF772FB08
:106D1000FFE704B080BD00007047000080B582B07E
:106D20004EF68851CEF20001086840F47000086009
:106D300041F20001C4F20201086840F0010008605D
:106D4000FFE741F20000C4F202000068800700285B
:106D500001D4FFE7F5E7FFE741F20401C4F20201C5
:106D6000086840F08000086000200190FFE701986B
:106D70004F2805D8FFE7FFE7019801300190F6E7BB
:106D800041F20401C4F20201086840F0900008607A
:106D900000200190FFE701984F2805D8FFE7FFE7A3
:106DA000019801300190F6E7FFE741F20401C4F2D7
:106DB0000201086820F00300086041F20002C4F2FA
:106DC000020210684FF6FF73CFF6F66318401060AA
:106DD00041F20803C4F202034FF41F001860106868
:106DE00020F4802010600020086041F22C01C4F2E1
:106DF0000201086012F002FD02B080BD80B541F2D0
:106E00000000C4F20000012112F06AFE20B1FFE789
:106E1000052000F013F8FFE780BD000080B541F2C7
:106E20000040C4F20000012112F05AFE20B1FFE739
:106E3000062000F003F8FFE780BD000080B584B0B5
:106E40008DF80F009DF80F00052840F04081FFE706
:106E500040F2C071C2F20001886A0130886240F6D7
:106E60000040C4F20100012105F04EFC014640F251
:106E7000BC70C2F200000170007840F2E001C2F282
:106E800000010978884225DDFFE740F2BC70C2F2BC
:106E900000000078029040F60040C4F20100022198
:106EA00005F032FC01460298884208D1FFE740F223
:106EB0003810C2F200000168FF20087007E040F2BD
:106EC0003810C2F20000016801200870FFE70EF0E0
:106ED00011FEFFE740F2BC70C2F20000007840F201
:106EE000E001C2F20001087040F60040C4F2010067
:106EF0004FF4806105F008FC014640F2BD70C2F21B
:106F000000000170007840F2E101C2F2000109784E
:106F1000884226DDFFE740F2BD70C2F20000007833
:106F2000019040F60040C4F201004FF4006105F00A
:106F3000EBFB01460198884208D1FFE740F23C1084
:106F4000C2F200000168FF20087007E040F23C1028
:106F5000C2F20000016801200870FFE70EF0CAFDD0
:106F6000FFE740F2BD70C2F20000007840F2E1019C
:106F7000C2F20001087040F24000C2F20000018835
:106F800001390180B0F90000002834DCFFE740F24D
:106F90004001C2F200010A20088042F20040C4F21F
:106FA0000100012104F07EFC40F60000C4F2010063
:106FB000802105F0A9FB014643F63C20C2F2000007
:106FC0000170007843F69F01C2F2000109788842FF
:106FD00010D0FFE743F63C20C2F20000009000789A
:106FE000FAF7C6F80098007843F69F01C2F2000154
:106FF0000870FFE7FFE740F24200C2F2000001889C
:1070000001390180B0F9000005280FD1FFE743F6F0
:107010003850C2F20000007BC00738B9FFE743F6E2
:107020007F01C2F2000101200870FFE740F2420038
:10703000C2F20000B0F90000002812DCFFE740F2C5
:107040004201C2F200013720088043F68500C2F2F7
:1070500000000078C00718B9FFE706F03FFEFFE721
:10706000FFE743F6F450C2F2000090F9040015283F
:107070000FDBFFE743F6F450C2F20000807C40B91A
:10708000FFE740F24601C2F200010888013808809B
:10709000FFE740F24600C2F20000B0F9000000280D
:1070A0000DDCFFE740F24601C2F2000150200880EB
:1070B00043F68001C2F2000101200870FFE741F2AF
:1070C0000000C4F20000012112F000FD25E19DF84E
:1070D0000F00062840F02081FFE743F63850C2F247
:1070E0000000806828B3FFE70120FAF70DF980B9A6
:1070F000FFE743F63850C2F20000007848B1FFE7DE
:1071000043F63850C2F2000001780120FAF74CF93A
:10711000FFE743F63850C2F2000081680139816010
:10712000806828B9FFE701200021FAF73DF9FFE761
:10713000FFE740F24800C2F20000018801390180F7
:10714000B0F9000000280DDCFFE740F24801C2F270
:1071500000010520088043F68101C2F200010120F0
:107160000870FFE740F24400C2F2000001880139D4
:107170000180B0F90000002879DCFFE740F244010B
:10718000C2F200010A20088040F2C070C2F2000082
:1071900090F82010013180F8201090F820003C2851
:1071A0000DD1FFE740F2C071C2F20001002081F86A
:1071B000200091F82100013081F82100FFE740F222
:1071C000C070C2F2000090F821003C280DD1FFE70A
:1071D00040F2C071C2F20001002081F8210091F854
:1071E0002200013081F82200FFE740F2C070C2F2B5
:1071F000000090F8220018280DD1FFE740F2C0717E
:10720000C2F20001002081F8220091F82300013031
:1072100081F82300FFE740F2B470C2F2000000687A
:10722000012823DBFFE740F2B470C2F200000168DE
:10723000013901600068002817DCFFE740F2B471F3
:10724000C2F200010020086043F6F450C2F20000D0
:1072500090F82000012807D1FFE743F68201C2F22F
:10726000000101200870FFE7FFE7FFE7FFE740F2BA
:107270003E00C2F20000018801390180B0F900002F
:10728000002826DCFFE741F20000C4F201000821DB
:1072900005F03AFA70B9FFE740F23E01C2F2000190
:1072A0000220088041F20000C4F20100082105F02C
:1072B0004DF90DE040F23E01C2F20001302008809D
:1072C00042F20040C4F20100022104F0EBFAFFE7B1
:1072D000FFE740F2B870C2F200000068012813DB3B
:1072E000FFE740F2B870C2F20000016801390160A6
:1072F0000068002807DCFFE743F68301C2F20001C3
:1073000001200870FFE7FFE741F20040C4F20000EF
:10731000012112F0DBFBFFE7FFE704B080BD0000B6
:1073200080B58EB001200EF0B1FA099002200EF067
:10733000ADFA089009980899884204D0FFE70898A8
:107340004000079002E008980790FFE70AA8039022
:1073500012F0E4FB41F20000C4F20000019012F0D0
:1073600093FA01980399079A4DF68363C4F21B338D
:10737000A2FB03234FF0FF32029202EB9342ADF8DF
:10738000282000220492ADF82A20ADF82C2040F2EB
:10739000E7330C93ADF82E2012F00CFB049A362044
:1073A00002210EF047F801980121069112F08EFBA0
:1073B0000198069912F080FB41F20040C4F20000EF
:1073C000059012F061FA029B0399049A0598DDF882
:1073D0001CC04FEA5C1C45F6C52EC0F67C2EACFBEB
:1073E0000EEC03EBDC13ADF82830ADF82A20ADF835
:1073F0002C2042F20F730C93ADF82E2012F0DAFA23
:10740000049A372004210EF015F80598069912F019
:107410005DFB0598069912F04FFB0EB080BD000091
:1074200080B582B0ADF806008DF8051000208DF80B
:107430000400ADF80200BDF8062043F63461C2F244
:1074400000010B6813F812CF03EB4C035A809DF830
:1074500005200968897C01EB02118DF802109DF866
:1074600007108DF80310BDF806108DF804100DF10B
:1074700002010322FFF77EFB02B080BD80B584B01D
:107480008DF80F00F9F7EAFE9DF80F00FEF764FD96
:10749000FFF7DEF9FFF7F8F9FFF726F843F6346057
:1074A000C2F200000190006890F83000FEF72AFE5A
:1074B000FFF7B2F8012002900221FEF7EFFF0198DA
:1074C0000068C17C084490F83500FFF70BF901987B
:1074D0000299006810F8122F00EB42004088FFF775
:1074E0009FFF04B080BD000085B004908DF80F10A0
:1074F000049843F63461C2F2000108609DF80F0061
:10750000C007002800F08480FFE743F63460C2F231
:107510000000009001680122019281F82020036898
:107520000021029183F82310036883F82410036874
:1075300083F82110036883F82210036883F825205C
:10754000036883F82710036883F82810036883F81A
:107550002A20036883F82B20036883F82920036816
:1075600083F82C20036883F82D20D0F800C0032373
:107570008CF82E30036883F83020036883F83110CC
:10758000036883F83220036883F82610036883F8C1
:107590003420036883F83320036899740368D9742E
:1075A000D0F800C042F2C833ACF81430D0F800C0B4
:1075B000D223ACF81630D0F800C040F27F23ACF8EC
:1075C0001830D0F800C042F2B843ACF81A30036863
:1075D0001A7703685A7703689A770368DA7703683B
:1075E000D970D0F800C028238CF80030D0F800C043
:1075F00032238CF801300368997003685A7302686B
:10760000D173026817219173016809200874FFE79C
:1076100005B0704780B588B08DF81F008DF81E103A
:107620009DF81E00C00768B3FFE700200590FAF739
:1076300073FB059840F6CF42C0F602026946CA6065
:10764000886003200690486001200860BB201C2150
:1076500029231A46FAF79EFB059A06986946CA60DE
:10766000886040F21400C2F20000486042F2471005
:10767000C0F6020008600421B4225C230846FBF730
:1076800081FAFFE708B080BD10B5B0B08DF8BF003B
:107690008DF8BE108DF8BD208DF8BC309DF8BC0073
:1076A00000F001008DF8BB0000208DF8BA009DF9B4
:1076B000BF004DF6DB52C0F601020B2110FB01208A
:1076C0002D9043F66100C2F2000090F900009DF990
:1076D000BF1088420BD0FFE701208DF8BB009DF85A
:1076E000BF0043F66101C2F200010870FFE7FFE747
:1076F0002D98007848B1FFE79DF8BA0008308DF862
:10770000BA002D9801302D90F2E79DF8BB00C0071C
:10771000002800F06782FFE700202B90FAF7FCFAC0
:107720002B999DF8BA00C0F5807040089DF9BF20E4
:107730004DF6DB5CC0F6010C0B2312FB03C26B465B
:10774000D9604FF0030CC3F808C040F21C0CC2F221
:10775000000CC3F804C01A604FF480721023FBF7CA
:1077600011FA9DF9BF0001280DDBFFE74EF236004C
:10777000C0F60100694608603D2000210B2210235D
:10778000FAF702FCFFE79DF9BF0007280DDCFFE7D1
:107790004EF26200C0F6010069460860B820002180
:1077A0000B221023FAF7F0FBFFE79DF9BF0001461B
:1077B0002A91082800F215822A99DFE811F00900C1
:1077C0009600F1004B019701B4010F021002110263
:1077D0009DF8BE000130C0B201F026FB41F2CC6042
:1077E000C0F602006946C86000241E948C604C609C
:1077F000012021900860082022901A211F912F2239
:10780000239214232493FAF7C5FA1F996A46D46089
:1078100003202990906040F22400C2F200002590DD
:10782000506042F20C20C0F6020010603F2026900B
:107830004FF4807228922E23FBF7A4F92199229805
:10784000239A249B4EF2DC0EC0F6010EEC46CCF8D7
:107850000CE0CCF80840CCF80440CCF80010322101
:107860002091FAF797FA2099259B2698289ADDF817
:10787000A4E0EC46CCF80C40CCF808E0CCF804309E
:1078800042F21623C0F60203CCF800304623FBF781
:1078900079F921992298239A249B4EF2C71EC0F6AB
:1078A000010EEC46CCF80CE0CCF80840CCF80440D3
:1078B000CCF800104A212791FAF76CFA259B2698FC
:1078C0002799289ADDF8A4E0EC46CCF80C40CCF8D7
:1078D00008E0CCF8043042F22023C0F60203CCF8D2
:1078E00000305E23FBF74EF97BE14EF2D760C0F625
:1078F00001006946C86000201D9088604860012032
:10790000086008201B901A2117912C231A46FAF7B9
:1079100041FA17991D986A46D0600320199090602B
:1079200040F22400C2F200001A90506042F28A3005
:10793000C0F6020010603C2018904FF480721C9238
:107940002E23FBF71FF91898DDF864C01A991C9ACA
:10795000DDF874E06B46C3F80CE0C3F808C059606A
:1079600042F2F831C0F60201196032214623FBF7DA
:1079700009F9DDF864C01A991B981C9ADDF874E0C7
:107980006B46C3F80CE0C3F808C0596042F200210E
:10799000C0F6020119604A215E23FBF7F3F820E1EB
:1079A0000021084600F0ACFF0120ADF8B200FFE76F
:1079B000BDF9B20008280DDCFFE79DF9B2004FF0D9
:1079C000FF3100F09DFFFFE7BDF8B2000130ADF8D8
:1079D000B200EDE76A4600201590D06003211391B4
:1079E000916040F23401C2F200011491516042F200
:1079F000F711C0F60201116048214FF0FF331693D2
:107A00001A46FBF7BFF8DDF84CC014991598169B81
:107A10006A46D060C2F808C0516042F2FA11C0F65E
:107A20000201116050211A46FBF7ACF8DDF84CC09A
:107A300014991598169B6A46D060C2F808C0516028
:107A400042F2FD11C0F60201116058211A46FBF7FF
:107A500099F8C6E0694600201290C86003200E9095
:107A6000886040F22400C2F200000F90486042F2A9
:107A7000CB10C0F602000860082010901A214FF0C9
:107A8000FF3311931A46FBF77DF8DDF838C00F99E4
:107A90001098119BDDF848E06A46C2F80CE0C2F885
:107AA00008C0516042F2C311C0F6020111603221D8
:107AB0001A46FBF767F8DDF838C00F991098119B4C
:107AC000DDF848E06A46C2F80CE0C2F808C0516030
:107AD00042F20421C0F6020111604A211A46FBF766
:107AE00051F89DF8BE0001F069FA7AE040F2C070EA
:107AF000C2F2000090F8320000EB400141F6B420E1
:107B0000C0F6020000EB4100694608604EF27C516D
:107B1000C0F6010142F2B922C0F602020123184662
:107B200001F0C0F95DE041F2C200C0F60200694612
:107B3000C86000200D90886048600120086008201F
:107B40000B901A2107912C231A46FAF723F907996B
:107B50000D986A46D06003200990906040F224009E
:107B6000C2F200000A90506042F27730C0F6020084
:107B700010603C2008904FF480720C922E23FBF78B
:107B800001F80898DDF824C00A990C9ADDF834E071
:107B90006B46C3F80CE0C3F808C0596042F20C41D0
:107BA000C0F60201196032214623FAF7EBFFDDF837
:107BB00024C00A990B980C9ADDF834E06B46C3F8A0
:107BC0000CE0C3F808C0596042F21021C0F602016F
:107BD00019604A215E23FAF7D5FF02E001E000E0D8
:107BE000FFE7FFE79DF9BF0001460691082800F274
:107BF00082800699DFE801F00535444B506D7C7DAD
:107C00007E009DF8BE000130C0B201F00DF943F6D0
:107C10004830C2F20000049090ED000ABDEEC00AA8
:107C200010EE101A42F22B22C0F602020592182022
:107C300001F048FA0498059A90ED030ABDEEC00AD7
:107C400010EE101A302001F03DFA0498059A90EDDC
:107C5000040ABDEEC00A10EE101A482001F032FAF4
:107C600049E043F64830C2F2000090ED050A42F2C6
:107C70005A42C0F602024820012100F0A7FF3AE074
:107C80009DF9BE009DF9BD1000F00EFE33E09DF899
:107C9000BE0001F093F92EE040F2C070C2F2000085
:107CA00090F8320000EB400141F6B420C0F602002B
:107CB00000EB4100694608604EF27C51C0F60101BC
:107CC00042F2B922C0F602020123184601F0EAF896
:107CD00011E043F6E840C2F2000090ED010A42F2E2
:107CE0002B22C0F602024820012100F06FFF02E0C3
:107CF00001E000E0FFE730B010BD000080B590B0BB
:107D00008DF83F00ADF83C10002006900E900D90CD
:107D10000C900B900A9009909DF83F1040F264136C
:107D2000C2F200034FF4CA7211FB023149788DF898
:107D300023108DF822008DF821008DF820008DF899
:107D40001F00F9F7E9FF06996A46D16003209060A9
:107D500040F21C00C2F20000506042F23240C0F615
:107D6000020010604820B8221023FAF70BFF069893
:107D70006946C8600220886040F23400C2F2000008
:107D8000486042F2D520C0F60200086008200E21AB
:107D9000F6221623FAF7F6FE9DF82300A0BBFFE7B4
:107DA000694600200590C8600320886040F22400E6
:107DB000C2F20000486042F20630C0F602000860DD
:107DC0002C202621DC223A23FAF7DCFE05986946AE
:107DD000C8600220886040F21400C2F200004860CF
:107DE00042F2FC20C0F6020008604E204421D2225C
:107DF0005023FAF7C7FE059968460160F82008226B
:107E00006023FAF765F98DE09DF82300411EBDF966
:107E10003C200020049004F0ADFE01460498ADF82B
:107E20003C10BDF93C1001EB917101F0FC018DF8A3
:107E300022108DF82100FFE79DF8210003286ADC5D
:107E4000FFE79DF8210000EBC001182000EB410086
:107E50008DF81F009DF822009DF8211008448DF830
:107E600020009DF81F109DF82000BDF93C20801ACD
:107E7000B0FA80F040096A4610600020F822102312
:107E8000FAF726F99DF820009DF82310884201DBBF
:107E9000FFE73AE09DF83F009DF8201009AA18235B
:107EA000F9F704FE9DF82000BDF93C1088420BD183
:107EB000FFE79DF81F106A4603201060002004228F
:107EC0001023FAF705F9FFE79DF81F1001F11003E1
:107ED0009DF82000BDF93C20801AB0FA80F04009DE
:107EE0006A464FF0030CC2F808C040F21C0CC2F204
:107EF000000CC2F804C00DF1240CC2F800C0D06020
:107F00000820F022FAF73EFEFFE79DF8210001303D
:107F10008DF8210090E79DF823009DF83C1000F0BB
:107F200001FFFFE710B080BD10B59AB08DF8670073
:107F30008DF866109DF9670000EB907080088DF851
:107F400065009DF8660000F001008DF864000020D7
:107F50008DF86300179043F66200C2F200000078CB
:107F60009DF8651088420BD0FFE701208DF8640072
:107F70009DF8650043F66201C2F200010870FFE758
:107F80009DF86400C007002800F08C81FFE7002006
:107F9000F9F7C2FE9DF8650000284DD1FFE740F2D9
:107FA000C070C2F20000129090F82F00002818BF95
:107FB0000120694608604EF27C51C0F6010114911F
:107FC00042F24D32C0F602020020139001231593B5
:107FD00000F0FAFB1499159B43F6F450C2F200002E
:107FE00090F82000002818BF01206A46106042F275
:107FF0009B22C0F60202184600F0E6FB1298149984
:10800000159B90F83400002818BF01206A461060C4
:1080100042F2C532C0F60202022000F0D5FB1398EE
:108020001499159B6A46106042F2A522C0F602021E
:10803000032000F0C9FB34E19DF8650001284AD116
:10804000FFE740F2C070C2F200000E9090F83100DD
:10805000002818BF0120694608604EF27C51C0F626
:108060000101109142F2F032C0F6020200200F909E
:108070000123119300F0A8FB0E981099119B90F822
:108080003000002818BF01206A46106042F2E63234
:10809000C0F60202184600F097FB0E981099119B4B
:1080A00090F83300002818BF01206A46106042F2A1
:1080B0002B32C0F60202022000F086FB0F981099C6
:1080C000119B6A46106042F2C522C0F602020320EC
:1080D00000F07AFBE4E06A4600210D91D1600320B4
:1080E000906040F21400C2F20000506042F2D310DF
:1080F000C0F6020010600820F6226023FAF742FD65
:108100000D988DF85B00FFE79DF85B00022853DCBB
:10811000FFE79DF85B1040F2C070C2F2000000EB78
:1081200081000069179000208DF85A00FFE79DF943
:108130005A00072839DCFFE71798000F8DF8630015
:108140009DF86300092806DCFFE79DF863003030E6
:108150008DF8630005E09DF8630037308DF863000B
:10816000FFE71798000117909DF85B00C0EBC00176
:108170009DF95A00C0EBC00000EBC10008309DF82B
:1081800063206B46002159600321196080B240F2E0
:108190001403C2F200030C21F9F758FDFFE79DF824
:1081A0005A0001308DF85A00C1E7FFE79DF85B00E7
:1081B00001308DF85B00A7E740F2C070C2F200000A
:1081C0000890C27F694600230A938B6003240B94B6
:1081D0004C6040F21400C2F200000C9008600820CD
:1081E000069024210591FAF735FA0599089A0A9B19
:1081F0000C98927FEC46CCF80830CCF80440CCF8D0
:10820000000016200790FAF725FA0599089A0A9BAC
:108210000C98928BEC46CCF80830CCF80440CCF8A3
:1082200000000846FAF716FA089A0C990A9B069875
:108230005268EC46CCF80830CCF80440CCF800107A
:108240003C210991FAF706FA0C9B09990A9A6846AB
:10825000426004600F202E22F9F7F8FC0798089A74
:10826000DDF830C009990A9B9268EE46CEF80830D6
:10827000CEF80440CEF800C0FAF7ECF9089A099954
:108280000A9BDDF82CE00C98D268EC46CCF808305C
:10829000CCF804E0CCF800000846FAF7DBF9FFE779
:1082A000FFE7FFE79DF9670001460491072800F208
:1082B000B7800499DFE801F0041C344C5C748CA492
:1082C00040F2C070C2F2000090F82F00002818BFE2
:1082D0000120694608604EF27C51C0F6010142F26D
:1082E0004D32C0F602020020012300F06DFA98E042
:1082F00043F6F450C2F2000090F82000002818BFA6
:108300000120694608604EF27C51C0F6010142F23C
:108310009B22C0F602020123184600F055FA80E0C5
:1083200040F2C070C2F2000090F83400002818BF7C
:108330000120694608604EF27C51C0F6010142F20C
:10834000C532C0F602020220012300F03DFA68E0C7
:108350006946002008604EF27C51C0F6010142F2ED
:10836000A522C0F602020320012300F02DFA58E0F6
:1083700040F2C070C2F2000090F83100002818BF2F
:108380000120694608604EF27C51C0F6010142F2BC
:10839000F032C0F602020020012300F015FA40E09E
:1083A00040F2C070C2F2000090F83000002818BF00
:1083B0000120694608604EF27C51C0F6010142F28C
:1083C000E632C0F602020123184600F0FDF928E06B
:1083D00040F2C070C2F2000090F83300002818BFCD
:1083E0000120694608604EF27C51C0F6010142F25C
:1083F0002B32C0F602020220012300F0E5F910E062
:108400006946002008604EF27C51C0F6010142F23C
:10841000C522C0F602020320012300F0D5F900E0D6
:10842000FFE79DF8670000F0FFFC9DF8671009204A
:1084300000F078FC1AB010BD80B590B08DF83F0008
:108440008DF83E109DF93F0000EB907080088DF88C
:108450003D009DF83E0000F001008DF83C0043F621
:108460006300C2F2000000789DF83D1088420BD0F6
:10847000FFE701208DF83C009DF83D0043F66301C5
:10848000C2F200010870FFE79DF83C00C007002819
:1084900000F0D780FFE70020F9F73EFC9DF83D0093
:1084A000002857D1FFE743F63850C2F200000D9084
:1084B000007842F24112C0F6020269464A60086042
:1084C0004EF2D841C0F6010142F29B32C0F60202E0
:1084D000002001230E9300F055FE0D980E9B80881E
:1084E00042F26522C0F6020269464A6008604EF612
:1084F0005F51C0F6010142F2AE22C0F602021846F8
:1085000000F040FE0D980E9BC08842F25C42C0F61F
:10851000020269464A6008604EF2E051C0F601016D
:1085200042F2D132C0F60202022000F02BFE0D987A
:108530000E9BC07800F00100694608604EF6FB41D2
:10854000C0F6010142F24032C0F60202032000F000
:108550003BF975E043F63850C2F200000390007B0F
:1085600000F00100694608604EF27C51C0F601013E
:10857000059142F28522C0F60202002006900123F6
:10858000079300F021F903980599079B407842F280
:108590005C4CC0F6020CCDF810C06A46C2F804C0AC
:1085A000106042F22742C0F60202184600F0EAFDCF
:1085B0000398DDF810C00599079B80786A46C2F8D9
:1085C00004C0106042F21D42C0F602020220089070
:1085D00000F0D8FD07986946032209924A600860B6
:1085E00020204A21A0221423FAF7E8F906986946C8
:1085F000086021204B210A91272213230C93F9F7BD
:1086000067FD07980A990C9B6A461060482028224B
:108610000B92F9F75DFD08980A990B9A0C9BEC46B2
:10862000CCF800007020F9F753FD09980A990B9ACD
:108630000C9BEC46CCF800009820F9F749FDFFE7C9
:10864000FFE79DF93F0001460291062800F2B08045
:108650000299DFE801F0041D364F657B940043F674
:108660003850C2F20000007842F24112C0F6020215
:1086700069464A6008604EF2D841C0F6010142F2F4
:108680009B32C0F602020020012300F07BFD90E047
:1086900043F63850C2F20000808842F26522C0F6EC
:1086A000020269464A6008604EF65F51C0F6010159
:1086B00042F2AE22C0F602020123184600F062FD2B
:1086C00077E043F63850C2F20000C08842F25C42C4
:1086D000C0F6020269464A6008604EF2E051C0F6F8
:1086E000010142F2D132C0F602020220012300F061
:1086F00049FD5EE043F63850C2F20000C07800F059
:108700000100694608604EF6FB41C0F6010142F2E5
:108710004032C0F602020320012300F055F848E081
:1087200043F63850C2F20000007B00F001006946B9
:1087300008604EF27C51C0F6010142F28522C0F67B
:1087400002020020012300F03FF8FFE743F6385013
:10875000C2F20000407842F25C42C0F60202694672
:108760004A6008604EF27C51C0F6010142F2274295
:10877000C0F602020123184600F004FD19E043F69A
:108780003850C2F20000807842F25C42C0F6020229
:1087900069464A6008604EF27C51C0F6010142F21F
:1087A0001D42C0F602020220012300F0EBFC00E0B3
:1087B000FFE79DF83F0000F037FB9DF83F100720D2
:1087C00000F0B0FA10B080BDB0B58CB084461098FF
:1087D0008DF82FC00A9109928DF823308DF8220070
:1087E0009DF82F2041F6C020C0F602000590805C65
:1087F00041F6C421C0F602010791895C0A9B6A46D2
:10880000D3600025956055600124069414601423FC
:108810001A46F9F7BFFA059807999DF82F30C25C00
:1088200002F11800C95CB83201F11403DDF824C06C
:108830009DF823E04FEACE7EBEF1000F18BF03245F
:10884000EE46CEF80C50CEF8084040F22404C2F2B6
:108850000004CEF80440CEF800C0FAF793F9069869
:1088600007999DF82F20895C6A46032353601060A6
:10887000E62010231A46FAF7A1F807989DF82F1062
:10888000405C03309DF8221001F00101002918BF5F
:1088900003216A461160C1B2E9200B231A46F9F799
:1088A00017FC0CB0B0BD000080B582B08DF8070099
:1088B0008DF8061043F66400C2F2000090F9000043
:1088C0009DF9071088420BD0FFE743F66400C2F21F
:1088D000000090F900004FF0FF3100F011F8FFE7C1
:1088E0009DF907009DF9061000F00AF89DF80700B1
:1088F00043F66401C2F20001087002B080BD0000BE
:1089000010B598B08DF85F008DF85E100C20ADF8B2
:108910005C00BDF85C009DF95F1001EB410100EBCC
:10892000C1000C306A46012151600421149111608C
:1089300080B21321002216923223F9F713FEDDF8DC
:1089400050C0169ABDF85C009DF95F1001EB410321
:1089500000EBC3000C3043F66031C2F2000101EBC2
:10896000830191ED010A30EE001A9FED970A30EE77
:10897000410ABDEEC00A10EE101AEE46032315930D
:10898000CEF80430CEF800C080B2F9F7EBFD159BAD
:10899000DDF858C0BDF85C009DF95F2002EB420194
:1089A00000EBC10006304BF2C971C0F6010101EBCA
:1089B00082016A46C2F80CC0936040F23403C2F2EE
:1089C00000035360116080B248214FF4807260232D
:1089D000FAF7D8F81699BDF85C009DF95F2002EB14
:1089E000420200EBC20006306A46116080B250219C
:1089F00012221023F9F76CFB9DF95E00002849D183
:108A0000FFE7BDF85C009DF95F1001EB410200EB50
:108A1000C200183043F66031C2F200010F9101EB41
:108A2000820191ED010ABDEEC00A10EE102A6B46DC
:108A300003211091996000211391596040F2340193
:108A4000C2F200011191196080B2502101231293EA
:108A5000F9F700FE0F9ADDF840C01199129BDDF87E
:108A60004CE0BDF85C009DF95F4004EB440400EB72
:108A7000C400183002EB840292ED020A6A46C2F882
:108A800008E0C2F804C0116080B258211A46F9F714
:108A900089FC97E09DF95E00012849D1FFE7BDF808
:108AA0005C009DF95F1001EB410200EBC200183041
:108AB00043F66031C2F200010A9101EB820191EDAF
:108AC000010ABDEEC00A10EE102A6B4600210B9180
:108AD000996003210E91596040F23401C2F2000105
:108AE0000C91196080B2502101230D93F9F7B2FD6A
:108AF0000A9ADDF82CC00C990D9BDDF838E0BDF822
:108B00005C009DF95F4004EB440400EBC4001830A6
:108B100002EB840292ED020A6A46C2F808E0C2F84B
:108B200004C0116080B258211A46F9F73BFC48E0B6
:108B3000BDF85C009DF95F1001EB410200EBC20043
:108B4000183043F66031C2F20001059101EB820159
:108B500091ED010ABDEEC00A10EE102A6B4600210D
:108B60000991996003210691596040F23401C2F2E3
:108B700000010791196080B2502101230893F9F791
:108B800069FD059ADDF818C00799089BDDF824E017
:108B9000BDF85C009DF95F4004EB440400EBC400A9
:108BA000183002EB840292ED020A6A46C2F808E02D
:108BB000C2F804C0116080B258211A46F9F7F2FBDE
:108BC000FFE7FFE718B010BD00002C42B0B58CB035
:108BD0008DF82F008DED0A0A8DF8271008920020DD
:108BE0008DF81F0008980690FFE70698007848B1B6
:108BF000FFE79DF81F000A308DF81F00069801302E
:108C00000690F2E79DF81F00C0F1BA009DF82F1002
:108C100002316A460025156080B2C9B23C22102399
:108C2000F9F756FA9DF81F00C0F1F6009DF82F10D5
:108C300002319DED0A0A9DF82720EC46CCF8085039
:108C40000324CCF8044040F22403C2F2000305934D
:108C5000CCF8003080B2C9B20123F9F7A3FBDDF8EC
:108C600014E09DF81F00C0F1F6009DF82F20911C24
:108C700002F11603089AEC46CCF80C50CCF80840E8
:108C8000CCF804E0CCF8002080B2C9B2F622F9F7A3
:108C900079FF0CB0B0BD000080B584B0ADF80E0017
:108CA0008DF80D1000208DF80C00FFE79DF80D00E9
:108CB00058B1FFE79DF80D0040088DF80D009DF8B4
:108CC0000C0004308DF80C00F0E7BDF80E0000EB4E
:108CD00040014A20019000EB81009DF80C10C1F189
:108CE00020016B4600221A6080B2CBB240210922DB
:108CF0000292F9F7EDF90198029ABDF80E1001EB16
:108D0000410100EB81009DF80C30C3F16001EE469B
:108D10004FF0030CCEF800C080B2C9B2F9F7D8F911
:108D200004B080BD80B586B08DF817008DF81610A0
:108D30009DF81600ADF8140043F66500C2F200007D
:108D400000789DF81610884218D0FFE743F66500BA
:108D5000C2F20000007800EB800000019DF81710BF
:108D6000B0FBF1F008306B4600225A600421196014
:108D7000C1B2FB200823F9F7F5FBFFE769460120A4
:108D8000486002200860FC20042103910022049224
:108D90005023F9F7E7FB0399049A9DF8160000EBBE
:108DA000800000019DF81730B0FBF3F008306B46EF
:108DB0004FF0030CC3F804C01960C1B2FB200823B4
:108DC000F9F7D0FBBDF81400082806DCFFE7BDF872
:108DD00014003130ADF8140005E0BDF8140038304F
:108DE000ADF81400FFE7BDF814005B2804DBFFE7D3
:108DF0002B20ADF81400FFE79DF8142069460020F1
:108E000048600320086040F23403C2F20003FA20F5
:108E10005621F8F71BFF9DF8160043F66501C2F2D4
:108E20000001087006B080BD80B582B08DF80700E3
:108E30009DF8070000F003008DF8060043F6660079
:108E4000C2F2000000789DF80610884212D0FFE7B9
:108E500043F66600C2F20000007800EB4000C0005C
:108E6000811C6A4600201060C9B204221423F9F75D
:108E70002FF9FFE79DF8060000EB4000C00002302C
:108E80006A4603211160C1B2002004221423F9F7BD
:108E90001FF99DF8060043F66601C2F20001087052
:108EA00002B080BDB0B58CB0DDF840C08DF82F00A9
:108EB0000A9109928DF8233000208DF82200109835
:108EC0000790FFE70798007848B1FFE79DF8220078
:108ED00008308DF82200079801300790F2E79DF8DE
:108EE0002F2041F6C020C0F602000490805C41F6BD
:108EF000C421C0F602010591895C0A9B6A46D360D1
:108F000000250695956055600124146014231A46C7
:108F1000F8F740FF049805999DF82F30C25C02F1E4
:108F20001800C95CB83201F11403DDF824C09DF8C3
:108F300023E04FEACE7EBEF1000F18BF0324EE46B9
:108F4000CEF80C50CEF8084040F22404C2F20004DF
:108F5000CEF80440CEF800C0F9F714FE0599069843
:108F60009DF82F20895C6A461060C62030221023AD
:108F7000F9F7AEF80599DDF818E09DF82200C0F188
:108F8000F6009DF82F208A5C911C02F11203109AC2
:108F9000EC46CCF80CE04FF0030ECCF808E040F2C1
:108FA0001C0EC2F2000ECCF804E0CCF80020C9B2CE
:108FB00080B2F622F9F7E6FD0CB0B0BD80B584B002
:108FC0008DF80F0043F61C50C2F20000029090EDA5
:108FD000010ABDEEC00A10EE101A42F22B22C0F6B2
:108FE00002020192182000F06DF8019A029890EDAB
:108FF000040ABDEEC00A10EE101A302000F062F82C
:10900000019A029890ED060ABDEEC00A10EE101A01
:10901000482000F057F89DF80F000130C0B2FFF76C
:1090200003FF029890ED010ABDEEC00A10EE101A7F
:10903000002000F017F8029890ED040ABDEEC00A77
:1090400010EE101A012000F00DF8029890ED060ABB
:10905000BDEEC00A10EE101A022000F003F804B0B2
:1090600080BD000080B584B0ADF80E008DF80D1005
:10907000BDF80E0000EB40011C20019000EBC10088
:109080006A4601211160C1B25C2064221023029360
:10909000F9F71EF80199029B9DF90D208C2000EB39
:1090A0008200BDF80E2002EB420201EBC201EC4649
:1090B0000322CCF8002080B2C9B20422F9F708F8E4
:1090C00004B080BDB0B58AB08DF827000891079232
:1090D00000208DF81B0007980590FFE705980078A1
:1090E00048B1FFE79DF81B000A308DF81B0005987A
:1090F00001300590F2E79DF81B00C0F1BA009DF821
:10910000271002316A460025156080B2C9B23C22A0
:109110001023F8F7DDFF9DF81B00C0F1F6009DF865
:1091200027100231089AEC46CCF808500324CCF8FA
:10913000044040F22403C2F200030493CCF8003050
:1091400080B2C9B20123F9F785FADDF810E09DF885
:109150001B00C0F1F6009DF82720911C02F11603B8
:10916000079AEC46CCF80C50CCF80840CCF804E058
:10917000CCF8002080B2C9B2F622F9F703FD0AB09C
:10918000B0BD000070B58EB0DDF84CC0DDF848C051
:109190008DF837000C910B928DF82B3000208DF854
:1091A0002A0013980990FFE70998007848B1FFE773
:1091B0009DF82A0001308DF82A00099801300990A5
:1091C000F2E79DF8372041F6C020C0F60200059076
:1091D000805C41F6C421C0F602010791895C0C9BBA
:1091E0006A46D36000269660566001240694146097
:1091F00014231A46F8F7CEFD059807999DF83730E5
:10920000C25C02F11800C95C903201F11403DDF870
:109210002CC09DF82BE04FEACE7EBEF1000F18BFA8
:109220000324EE46CEF80C60CEF8084040F2240449
:10923000C2F20004CEF80440CEF800C0F9F7A2FC58
:1092400007999DF82A20C620A0EBC2009DF8372080
:10925000895C6A46166080B230221023F8F738FF26
:10926000069B07999DF82A20F6200890A0EBC200E3
:109270009DF83720895C0231129AEC46CCF80860E0
:109280000325CCF8045040F21C04C2F20004CCF8D0
:10929000004080B2C9B2F9F7DDF90799089A9DF844
:1092A0002A00A2EBC0009DF83730CB5C991C12332A
:1092B000DDF84CC0EE46CEF80C60CEF80850CEF883
:1092C0000440CEF800C080B2C9B2F9F75BFC0EB022
:1092D00070BD000010B5B4B08DF8CF0043F6F45067
:1092E000C2F20000807CADF8B4009DF8CF00C0074A
:1092F000002800F0DA80FFE700202690F8F70CFD48
:109300004EF23240C0F601006946C860FF20886016
:109310004860012008600220182122220C23F8F75F
:1093200039FD26984DF6A871C0F601016A46116014
:109330004021289110232C931A46F8F725FE2899EE
:109340002C9B4EF24B60C0F601006A4610602A204A
:1093500027901A46F8F718FE26982C9B4EF2984153
:10936000C0F601016A46116050212B911A46F8F7A8
:109370000BFE27982B992C9B41F2B772C0F6020284
:10938000EC46CCF800201A46F8F7FEFD28992C9BF5
:1093900040F68E70C0F602006A461060C420299024
:1093A0001A46F8F7F1FD28992C9B40F68F40C0F63D
:1093B00002006A461060EE202A901A46F8F7E4FD93
:1093C00029982B992C9B4DF66872C0F60102EC4649
:1093D000CCF800201A46F8F7D7FD2A982B992C9B39
:1093E0004EF28B62C0F60102EC46CCF800201A4621
:1093F000F8F7CAFD43F63850C2F20000007BC00700
:1094000050B3FFE74EF23C50C0F6010069460860D9
:10941000722050212391102324931A46F8F7B4FDAB
:109420002399249B4FF6FF40C0F6010000F5B07071
:109430006A4610609C2008222592F8F7A5FD259B1E
:1094400040F69260C0F6020069460860402048215C
:109450007E22F8F799FD27E0694600201F90C8603A
:1094600003202090886040F21400C2F20000229095
:10947000486042F24310C0F6020008600120322129
:1094800021914FF0FF331A46F9F77CFBDDF87CC0E1
:1094900020982199229B6A46C2F804C010602420BB
:1094A0002F22F8F7D3FBFFE7FFE743F67200C2F283
:1094B00000000088BDF8B42043F6F451C2F2000168
:1094C00001EB4201898A884217D1FFE743F6780011
:1094D000C2F200000078BDF8B42043F6F451C2F2A5
:1094E00000011144097F884207D1FFE79DF8CF00B2
:1094F000C007002800F06081FFE7BDF8B41043F614
:10950000F450C2F2000000EB4100818A43F6720081
:10951000C2F20000018000880DF1BE0421460BF06C
:109520004DFF8DF8CE00684600211B910160292077
:109530003C2230231D93F8F7D1FE1B991D9B9DF80B
:10954000CE00204410F8010C4FF67F6CC0F6010CE1
:10955000CDF878C04FF4B4721A9210FB02C06A467C
:109560001060A6201E221C92F8F70EFDDDF868C0E0
:109570001B991C9A1D9BDDF878E09DF8CE002044D5
:1095800010F8020C10FB0CE0EC46CCF80000882030
:10959000F8F7FAFCDDF868C01B991C9A1D9BDDF8F2
:1095A00078E09DF8CE00204410F8030C10FB0CE08E
:1095B000EC46CCF800006520F8F7E6FC9DF8CE00FC
:1095C000042818DBFFE79DF8CE000DF1BE0108442A
:1095D00010F8040C4FF67F62C0F601024FF4B4712C
:1095E00010FB012069460860472000211E2230231D
:1095F000F8F7CAFCFFE79DF8CE00052818DBFFE767
:109600009DF8CE000DF1BE01084410F8050C4FF690
:109610007F62C0F601024FF4B47110FB012069466D
:109620000860292000211E223023F8F7ADFCFFE757
:10963000BDF8B41043F6F450C2F200000844007FB5
:1096400043F67801C2F200010870BDF8B42040F280
:109650004010C2F2000000EBC200097830F811009F
:10966000ADF8BC00BDF8BC00F9F780FF8DF8CE0066
:109670009DF8CE0041F6C821C0F60201084410F85A
:10968000010C694602230B602E211622F8F720FDFB
:10969000BDF8BC00052816D1FFE76A460021D1605D
:1096A0000320906040F21400C2F20000506042F2C9
:1096B0003E20C0F602001060C6204FF0FF331A466D
:1096C000F9F760FA24E0BDF8BC00092816D1FFE7DD
:1096D0006A460021D1600320906040F21400C2F27B
:1096E0000000506042F24320C0F602001060C62025
:1096F0004FF0FF331A46F9F745FA08E068460021B3
:109700000160C6201C220C23F8F7E2FCFFE7FFE70C
:1097100043F63850C2F20000007BC007002840D05A
:10972000FFE743F67200C2F200000088BDF8B430D3
:1097300041F64821C0F6020131F91320801A7D213B
:10974000484341F64021C0F6020131F91310891A4D
:1097500090FBF1F03D30ADF8B8006946002019905B
:1097600008603D2044211791852204231893F8F7BF
:10977000AFFC1799189B9DF8B8004EF24462C0F6F2
:109780000102EC46CCF800200722F8F7FDFB1998FF
:109790006946086002203021FC221023F8F79EFD64
:1097A00009E069460020086041203021BD221023D5
:1097B000F8F794FDFFE7FFE743F67000C2F2000000
:1097C000007843F6F451C2F20001CA7C114491F8CA
:1097D0002110884217D1FFE743F67100C2F2000062
:1097E000007800F0010043F67E01C2F20001097822
:1097F00001F00101884206D1FFE79DF8CF00C007C4
:10980000002861D0FFE743F6F450C2F20000C17CAB
:10981000014491F8211043F67002C2F20002117067
:1098200043F67E01C2F20001097801F0010143F61E
:109830007102C2F200021170C07C10BBFFE743F658
:109840007100C2F20000007800F0010043F67001E0
:10985000C2F20001097801EB01124EF6DB21C0F6DD
:10986000010101EB42026946CA608860032048603A
:10987000002008600220262122220823F8F78AFA15
:1098800021E043F67100C2F20000007800F0010010
:1098900043F67001C2F20001097801EB01124EF6A5
:1098A000BB01C0F6010101EB42026946CA60886053
:1098B000032048600020086002202621222208237D
:1098C000F8F768FAFFE7FFE743F66A00C2F2000024
:1098D000007843F6F451C2F20001897C884207D136
:1098E000FFE79DF8CF00C007002800F07F80FFE76A
:1098F00043F6F450C2F20000817C43F66A00C2F2E3
:109900000000017000780146169103284FD816997F
:10991000DFE801F0021D33404EF2CD60C0F60100D9
:10992000694608608320282105220823F8F72CFBCC
:1099300041F2A620C0F6020000F21320694608603A
:10994000C4200C213B222423F8F71EFB2FE069469C
:10995000002008608320282105220823F8F7BEFC98
:1099600041F2A620C0F6020069460860C4200C211E
:109970003B222423F8F708FB19E041F2A620C0F6A9
:10998000020069460860C4200C213B222423F8F71A
:10999000FBFA0CE041F2A620C0F60200694608601E
:1099A000C4200C213B222423F8F7EEFAFFE743F60C
:1099B0003850C2F20000007BC007B0B1FFE743F6A9
:1099C0006A00C2F20000007800EB40014EF2B220C3
:1099D000C0F6010000EB4110694608604A205021A2
:1099E00018221023F8F7D0FAFFE7FFE743F67900D3
:1099F000C2F20000007800F0010043F6F451C2F218
:109A00000001897A01F00101884205D1FFE79DF844
:109A1000CF00C00738B3FFE743F6F450C2F20000AE
:109A2000807A00F0010143F67900C2F20000017073
:109A30000078C00768B1FFE741F20E00C0F60200EF
:109A400069460860042000211E221823F8F79CFABA
:109A500008E068460021016004201E221823F8F760
:109A60003DFCFFE7FFE743F67600C2F2000090F905
:109A7000000043F6F451C2F2000191F9041088424B
:109A800007D1FFE79DF8CF00C007002800F08B80CA
:109A9000FFE743F6F450C2F20000017943F6760086
:109AA000C2F20000017090F90000B0F1FF3F18DC35
:109AB000FFE743F67600C2F2000090F90000404252
:109AC000ADF8BA004FF6FF40C0F6010000F5A070F7
:109AD000694608604021082210231846F8F754FA16
:109AE00011E043F67600C2F2000090F90000ADF8F4
:109AF000BA00694600200860402108221023184659
:109B0000F8F7ECFBFFE7BDF8BA000DF1BE010BF072
:109B100055FC8DF8CE009DF8CE0001281FD1FFE73F
:109B20004FF6FF40C0F601001290694608601A2007
:109B3000402113910822149210231593F8F724FA68
:109B400012981399149A159B9DF8BEC000EB4C1007
:109B5000EC46CCF800002220F8F716FA22E09DF837
:109B6000BE104FF6FF40C0F601000E9000EB411012
:109B7000694608601A2040210F9108221092102394
:109B80001193F8F701FA0E980F99109A119B9DF80E
:109B9000BFC000EB4C10EC46CCF800002220F8F7D8
:109BA000F3F9FFE7FFE743F66C00C2F2000000881C
:109BB00040F2C071C2F20001898D884206D1FFE7F0
:109BC0009DF8CF00C00700284CD0FFE740F2C070DE
:109BD000C2F20000818D43F66C00C2F200000180E9
:109BE00000880DF1BE010BF0E9FB9DF8BE104FF6A9
:109BF000FF40C0F601000A9000EB41106946086082
:109C000050210B9108220C9210230D931846F8F75F
:109C1000BBF94EF2CB60C0F601006946086018201F
:109C20005C2102220423F8F7AFF90A980B990C9AE9
:109C30000D9B9DF8BFC000EB4C10EC46CCF800002B
:109C40001A20F8F7A1F90A980B990C9A0D9B9DF828
:109C5000C0C000EB4C10EC46CCF800002220F8F716
:109C600093F9FFE743F67A00C2F2000090F9000092
:109C700040F2C071C2F2000191F92E10884206D163
:109C8000FFE79DF8CF00C00700287ED0FFE740F235
:109C9000C070C2F2000090F82E1043F67A00C2F2B3
:109CA0000000017090F90000B0F1FF3F18DCFFE701
:109CB00043F67A00C2F2000090F900004042ADF88D
:109CC000BA004FF6FF40C0F6010000F5A0706946EB
:109CD0000860D420502108221023F8F755F911E02C
:109CE00043F67A00C2F2000090F90000ADF8BA0025
:109CF000694600200860D420502108221023F8F77C
:109D0000EDFAFFE7BDF8BA000DF1BE0109910BF0C5
:109D100055FB09998DF8CE009DF8CE00084410F847
:109D2000011C4FF6FF40C0F6010000EB41106946F0
:109D30000860E620502108221023F8F725F99DF845
:109D4000CE00022816DBFFE79DF8CE000DF1BE0124
:109D5000084410F8021C4FF6FF40C0F6010000EB6B
:109D6000411069460860DE20502108221023F8F7D0
:109D70000BF909E0694600200860DE205021082226
:109D80001023F8F7ABFAFFE7FFE743F67B00C2F2D8
:109D90000000007843F6F451C2F200018A78895C31
:109DA000884206D1FFE79DF8CF00C007002872D097
:109DB000FFE743F6F450C2F200008178415C43F6BD
:109DC0007B00C2F20000017000780DF1BE01089125
:109DD0000BF0F4FA08998DF8CE009DF8CE000844F7
:109DE00010F8011C4FF6FF40C0F6010000EB4110D7
:109DF00069460860E620402108221023F8F7C4F8DD
:109E00009DF8CE00022816DBFFE79DF8CE000DF18D
:109E1000BE01084410F8021C4FF6FF40C0F60100D6
:109E200000EB411069460860DE2040210822102323
:109E3000F8F7AAF809E0694600200860DE20402112
:109E400008221023F8F74AFAFFE79DF8CE0003280E
:109E500016DBFFE79DF8CE000DF1BE01084410F8B7
:109E6000031C4FF6FF40C0F6010000EB41106946AD
:109E70000860D420402108221023F8F785F809E073
:109E8000694600200860D420402108221023F8F7FA
:109E900025FAFFE7FFE743F66E00C2F20000007804
:109EA00043F6F451C2F20001897C40F26413C2F21D
:109EB00000034FF4CA7211FB0231897888421CD129
:109EC000FFE743F66F00C2F20000007843F6F4515A
:109ED000C2F20001897C40F26413C2F200034FF425
:109EE000CA7211FB02314978884206D1FFE79DF81A
:109EF000CF00C007002850D0FFE743F6F450C2F26D
:109F00000000837C40F26412C2F200024FF4CA7176
:109F100013FB01239B7843F66E0CC2F2000C8CF805
:109F20000030807C10FB0120407843F66F01C2F2C4
:109F30000001087043F63850C2F20000007BC007F1
:109F4000A8B1FFE743F66E00C2F200000078421CA1
:109F5000942050210791F7F7EFFC079943F66F0023
:109F6000C2F200000278B420F7F7E6FC14E043F6F2
:109F70006E00C2F200000078421C0F2032210691D0
:109F8000F7F784FC069943F66F00C2F200000278EE
:109F90002B20F7F77BFCFFE7FFE743F62C20C2F20C
:109FA00000000078012821D1FFE743F62C21C2F2FE
:109FB000000100200870ADF8B800FFE7BDF9B80057
:109FC000082812DCFFE7BDF8B80043F62C21C2F2E6
:109FD000000101FA80F14978FEF75EFEFFE7BDF867
:109FE000B8000130ADF8B800E8E7FFE743F67500C8
:109FF000C2F20000007800F0010043F6F451C2F212
:10A000000001C97801F00101884212D1FFE743F64F
:10A010007400C2F20000007843F6F451C2F200016D
:10A020008978884205D1FFE79DF8CF00C00788B343
:10A03000FFE743F6F451C2F20001C87800F00102D4
:10A0400043F67500C2F200000270897843F674028C
:10A05000C2F2000211700078C00768B1FFE740F655
:10A06000CE70C0F6020069460860C420402110236B
:10A070001A46F7F789FF0CE040F68E70C0F6020032
:10A0800069460860C420402110231A46F7F77CFF78
:10A09000FFE7FFE743F67700C2F20000007840F2E6
:10A0A000C071C2F2000191F82010884205D1FFE78B
:10A0B0009DF8CF00C00798B1FFE740F2C070C2F230
:10A0C000000090F8200043F67701C2F2000108700A
:10A0D00043F66701C2F20001087801300870FFE71B
:10A0E00043F65450C2F200000078C00778B9FFE789
:10A0F0009DF8CF00C00700287CD0FFE743F65450FE
:10A10000C2F200000079C007002873D0FFE743F6D1
:10A110005450C2F20000017801F0FE010170408845
:10A12000ADF8BC000320ADF8B800FFE7BDF9B800FA
:10A13000002829D4FFE7BDF8BC0000F00F00ADF8FF
:10A14000BA00BDF8BA00092809DCFFE7BDF8BA007B
:10A150003030BDF9B8200DF1BE01885408E0BDF8DB
:10A16000BA003730BDF9B8200DF1BE018854FFE7C1
:10A17000BDF8BC000009ADF8BC00FFE7BDF8B800B1
:10A180000138ADF8B800D1E700208DF8C20043F6E1
:10A190003850C2F20000007BC007A8B1FFE7694653
:10A1A0000020C8600320886040F21400C2F2000062
:10A1B00048600DF1BE000860022032214FF0FF33ED
:10A1C0001A46F8F7DFFC14E069460020C860032057
:10A1D000886040F21400C2F2000048600DF1BE0039
:10A1E0000860412032214FF0FF331A46F8F7CAFCCD
:10A1F000FFE7FFE743F65450C2F200000078400743
:10A2000000280FD4FFE79DF8CF00C00700284AD0F0
:10A21000FFE743F65450C2F20000C07DC00700289B
:10A2200041D0FFE743F65451C2F20001087800F034
:10A23000FB00087043F63850C2F20000007BC007F4
:10A24000C0B1FFE769460020C8600320886040F283
:10A250001400C2F20000486043F65450C2F20000FD
:10A260000E3008602C2032214FF0FF331A46F8F7E9
:10A2700089FC17E069460020C8600320886040F22E
:10A280001400C2F20000486043F65450C2F20000CD
:10A290000E300860642032214FF0FF331A46F8F781
:10A2A00071FCFFE7FFE743F65450C2F2000090F95B
:10A2B0009A10084490F99B00012864DBFFE743F6FD
:10A2C0006700C2F20000007802285CDBFFE743F67B
:10A2D0006701C2F200010020087043F65450C2F238
:10A2E000000090F99A10084490F99B1043F668001A
:10A2F000C2F200000590B0F900206FF009000223BF
:10A3000002F054FC0599088043F63850C2F2000070
:10A31000007BC007D8B1FFE743F65450C2F20000FB
:10A3200090F99A2002EB821101441831104490F800
:10A330009B2043F66800C2F20000B0F90030EC4602
:10A340001420CCF800007220F8F798FA1AE043F6CF
:10A350005450C2F2000090F99A2002EB821101449D
:10A360001831104490F89B2043F66800C2F20000B8
:10A37000B0F90030EC460D20CCF80000A320F8F72F
:10A380007DFAFFE7FFE734B010BD000080B58EB066
:10A390008DF837008DF836109DF83600C00708B1EB
:10A3A000FFE7FFE70020F7F7B7FC684601224260AD
:10A3B0000260422030217823F8F7D4F89DF9370065
:10A3C00001460C91052871D80C99DFE801F00315BE
:10A3D00027394B5D4FF2D720C0F601006946C860AF
:10A3E000002088604860012008600C20172132237B
:10A3F0001A46F7F7CFFC5AE04FF26150C0F6010061
:10A400006946C860002088604860012008600C2010
:10A41000172132231A46F7F7BDFC48E04FF2EB70E4
:10A42000C0F601006946C8600020886048600120CD
:10A4300008600C20172132231A46F7F7ABFC36E0F0
:10A440004FF67520C0F601006946C860002088609C
:10A450004860012008600C20172132231A46F7F7C4
:10A4600099FC24E04FF24D00C0F601006946C86037
:10A47000002088604860012008600C2017213223EA
:10A480001A46F7F787FC12E04EF6C350C0F60100FB
:10A490006946C860002088604860012008600C2080
:10A4A000172132231A46F7F775FC00E0FFE79DF904
:10A4B000370041F66E12C0F602020B2110FB01209C
:10A4C000694600220992CA6003228A6040F22C0287
:10A4D000C2F200024A60086042200A901721BA22A4
:10A4E0000B922F23F8F74EFBDDF824C00A980B9A45
:10A4F0009DF9371041F6780EC0F6020E292311FBA4
:10A5000003E16B46C3F80CC04FF0020CC3F808C05F
:10A5100040F2340CC2F2000CC3F804C019603521BB
:10A520004523F8F72FFB9DF9370001282FDBFFE7C4
:10A530009DF9370041F66E12C0F602020B2110FBA6
:10A5400001200B38694600220792CA6002228A6005
:10A5500040F21402C2F200024A6008604220032165
:10A560000891BA220F23F8F70DFB079808994EF2CD
:10A570008E03C0F601036A46D360906050600120EC
:10A580001060192018220C23F7F704FCFFE79DF94F
:10A59000370004282FDCFFE79DF9370041F66E12E3
:10A5A000C0F602020B2110FB01200B30694600228D
:10A5B0000592CA6002228A6040F21402C2F20002CE
:10A5C0004A60086042204F210691BA225B23F8F7C7
:10A5D000D9FA059806994DF6E873C0F601036A4664
:10A5E000D3609060506001201060192018220C2365
:10A5F000F7F7D0FBFFE79DF837100620FEF792FB38
:10A600000EB080BD80B590B08DF83F008DF83E1043
:10A610009DF93F0000EB907080088DF83D009DF89B
:10A620003E0000F001008DF83C0043F6F450C2F209
:10A63000000090F82000002818BF01208DF83B0092
:10A6400043F67C00C2F2000000789DF83D1088427D
:10A650000BD0FFE701208DF83C009DF83D0043F64C
:10A660007C01C2F200010870FFE79DF83C00C007C2
:10A67000002800F02581FFE70020F7F74DFB9DF84B
:10A680003D0000285ED1FFE743F6F450C2F200001F
:10A690000B9090F8270000EB80014DF6C750C0F6F4
:10A6A00001000844694608604EF27C51C0F6010181
:10A6B0000C9142F2A632C0F60202002001230D9353
:10A6C000FEF7F0FB0B9A0C990D989DF83B3003F0C8
:10A6D000010392F8282002F00102EC46CCF8002099
:10A6E00042F2B532C0F60202FEF76EF80B980C99F2
:10A6F0000D9B90F8330000EB80024DF63360C0F6FE
:10A70000010010446A46106042F26C22C0F6020258
:10A710000220FEF7C7FB0B980C990D9B90F83200B6
:10A7200000EB80004DF6D062C0F6010210440538FF
:10A730006A46106042F26832C0F602020320FEF759
:10A74000B1FBBCE09DF83D00012850D1FFE79DF82A
:10A750003B0000F0010343F6F450C2F20000089001
:10A7600090F82C0000F00100694608604EF27C5120
:10A77000C0F60101099142F24822C0F6020200200F
:10A78000FEF722F8089809999DF83B2002F0010392
:10A7900090F8290000F001006A46106042F252224F
:10A7A000C0F6020201200A90FEF70EF808980999F7
:10A7B0000A9B90F82A0000F001006A46106042F2FD
:10A7C0005922C0F602020220FDF7FEFF08980999FF
:10A7D0000A9B90F82B0000F001006A46106042F2DC
:10A7E0006022C0F602020320FDF7EEFF66E09DF84E
:10A7F0003D00022861D1FFE743F6F450C2F20000A9
:10A800000390C17C203004900844407B00EB800121
:10A8100041F2F770C0F602000590084469460860EE
:10A820004EF27C51C0F60101069142F25A32C0F656
:10A830000202002001230793FEF734FBDDF80CC071
:10A84000049A05980699079B9CF813C06244527DB0
:10A8500002EB820210446A46106042F2F222C0F615
:10A8600002021846FEF71EFB039A05980699079BFD
:10A8700092F8302002EB820210446A46106042F2E5
:10A880002132C0F602020220FEF70CFBDDF80CC0FC
:10A89000049A05980699079B9CF813C06244D27DE0
:10A8A00002EB820210446A46106042F2DA32C0F6CD
:10A8B00002020320FEF7F6FAFFE7FFE7FFE7FFE7F4
:10A8C0009DF93F00014602910B2800F25681029942
:10A8D000DFE811F00C00280042005E007B009500CC
:10A8E000AF00C600DD00FB001901350143F6F4504E
:10A8F000C2F2000090F8270000EB80014DF6C7502F
:10A90000C0F601000844694608604EF27C51C0F66A
:10A91000010142F2A632C0F6020200200123FEF736
:10A92000C1FA2BE19DF83B0000F0010343F6F4501F
:10A93000C2F2000090F8280000F0010069460860AB
:10A940004EF27C51C0F6010142F2B532C0F602026D
:10A950000120FDF739FF11E143F6F450C2F2000087
:10A9600090F8330000EB80014DF63360C0F6010033
:10A970000844694608604EF27C51C0F6010142F27B
:10A980006C22C0F6020202200123FEF78BFAF5E0EA
:10A9900043F6F450C2F2000090F8320000EB800061
:10A9A0004DF6D061C0F601010844053869460860DB
:10A9B0004EF27C51C0F6010142F26832C0F602024A
:10A9C00003200123FEF76EFAD8E09DF83B0000F06B
:10A9D000010343F6F450C2F2000090F82C0000F09E
:10A9E0000100694608604EF27C51C0F6010142F256
:10A9F0004822C0F602020020FDF7E6FEBEE09DF808
:10AA00003B0000F0010343F6F450C2F2000090F85E
:10AA1000290000F00100694608604EF27C51C0F642
:10AA2000010142F25222C0F602020120FDF7CCFEE3
:10AA3000A4E043F6F450C2F2000090F82A0000F0BF
:10AA40000100694608604EF27C51C0F6010142F2F5
:10AA50005922C0F6020202200123FDF7B5FE8DE067
:10AA600043F6F450C2F2000090F82B0000F0010011
:10AA7000694608604EF27C51C0F6010142F2602244
:10AA8000C0F6020203200123FDF79EFE76E043F6A6
:10AA9000F450C2F20000C17C084490F82D0000EB95
:10AAA000800141F2F770C0F6020008446946086070
:10AAB0004EF27C51C0F6010142F25A32C0F6020257
:10AAC00000200123FEF7EEF958E043F6F450C2F2FD
:10AAD0000000C17C084490F8350000EB800141F291
:10AAE000F770C0F602000844694608604EF27C51D7
:10AAF000C0F6010142F2F222C0F60202012318461A
:10AB0000FEF7D0F93AE043F6F450C2F2000090F8B4
:10AB1000300000EB800141F2F770C0F602000844FB
:10AB2000694608604EF27C51C0F6010142F22132C2
:10AB3000C0F6020202200123FEF7B4F91EE043F63C
:10AB4000F450C2F20000C17C084490F8370000EBDA
:10AB5000800141F2F770C0F60200084469460860BF
:10AB60004EF27C51C0F6010142F2DA32C0F6020226
:10AB700003200123FEF796F900E0FFE79DF83F0070
:10AB8000FEF752F99DF83F100C20FEF7CBF810B0FD
:10AB900080BD000080B58AB08DF827008DF82610A2
:10ABA0009DF9270000EB907080088DF825009DF836
:10ABB000260000F001008DF8240043F67D00C2F26B
:10ABC000000000789DF8251088420BD0FFE7012097
:10ABD0008DF824009DF8250043F67D01C2F20001A6
:10ABE0000870FFE79DF82400C007002800F08C8063
:10ABF000FFE70020F7F790F89DF82500002859D1CD
:10AC0000FFE743F6F450C2F200000690C07B00EB71
:10AC1000800141F6A020C0F60200084469460860A1
:10AC20004EF27C51C0F60101079142F21732C0F694
:10AC30000202002001230893FEF734F906980799D1
:10AC4000089B407B00EB80024DF6D150C0F601001E
:10AC500010446A46106042F29222C0F60202184680
:10AC6000FEF720F906980799089B807B42F2672C33
:10AC7000C0F6020C6A46C2F804C0106042F27B22A1
:10AC8000C0F602020220FEF77DFA06980799089B9B
:10AC900090F9100042F2502CC0F6020C6A46C2F83D
:10ACA00004C0106042F23832C0F602020320FEF700
:10ACB00069FA28E068460023039303604EF27C5152
:10ACC000C0F60101049142F23242C0F60202184677
:10ACD000FDF77AFD039804996A46106042F22E222D
:10ACE000C0F60202012305931846FDF76DFD059895
:10ACF000694603224A60086020203221A0221423E2
:10AD0000F7F75CFEFFE7FFE79DF927000146029198
:10AD1000052800F28E800299DFE801F0031E395207
:10AD20006C7B43F6F450C2F20000C07B00EB800164
:10AD300041F6A020C0F602000844694608604EF2C1
:10AD40007C51C0F6010142F21732C0F60202002027
:10AD50000123FEF7A7F86DE043F6F450C2F20000BD
:10AD6000407B00EB80014DF6D150C0F60100084455
:10AD7000694608604EF27C51C0F6010142F292220F
:10AD8000C0F6020201231846FEF78CF852E043F6A3
:10AD9000F450C2F20000807B42F26722C0F6020249
:10ADA00069464A6008604EF27C51C0F6010142F2E9
:10ADB0007B22C0F6020202200123FEF7E3F939E00C
:10ADC00043F6F450C2F2000090F9100042F2502213
:10ADD000C0F6020269464A6008604EF27C51C0F635
:10ADE000010142F23832C0F6020203200123FEF7CD
:10ADF000C9F91FE06946002008604EF27C51C0F698
:10AE0000010142F23242C0F602020123FDF7DCFCEE
:10AE100010E06946002008604EF27C51C0F6010146
:10AE200042F22E22C0F6020201231846FDF7CCFCA6
:10AE300000E0FFE79DF82700FDF7F6FF9DF82710DB
:10AE40000620FDF76FFF0AB080BD000080B582B01C
:10AE500043F60000C4F2010001900EF0E3FE0198F9
:10AE60004FF461210EF06EFE0198002100910EF06A
:10AE7000D5FF009901980EF0ABFF009901980EF0F4
:10AE800081FF009901980EF067FF009901980EF07C
:10AE90004DFF019804210EF085FF019808210EF066
:10AEA000A7FF01980EF01AFF02B080BDFFE7FEE792
:10AEB00080B582B043F64230C2F2000090F9000043
:10AEC00068B1FFE743F64230C2F20000019090F90A
:10AED0000000F6F72FF9019900200870FFE743F60C
:10AEE0009900C2F20000407918B3FFE743F69900D9
:10AEF000C2F20000407901280AD1FFE743F6F4507E
:10AF0000C2F20000C17801208843FBF773FA09E020
:10AF100043F68400C2F200000078C00708B9FFE7DA
:10AF2000FFE7FFE743F69901C2F2000100204871F4
:10AF3000FFE702B080BD000080B5012000F0C8FF2F
:10AF4000FFE740F60000C4F201004FF4004101F0B9
:10AF5000DBFB012801D1FFE700E0F2E780BD000044
:10AF600080B5FFE79320C0F2F400F7F7F7FF20B1B8
:10AF7000FFE7962000F0F8FFF4E780BD88B0079067
:10AF80000691059243F2CE60C0F6020040F2000145
:10AF9000C2F20001009110F093FA0099079810F0A6
:10AFA0008FFA009943F2E560C0F6020010F088FACB
:10AFB0000099069810F084FA009943F2ED60C0F60B
:10AFC000020010F07DFA02A80C3001900199481E91
:10AFD0000190002001F8010C0199481E01900A20FF
:10AFE00001F8010CFFE7059801281CDBFFE7059835
:10AFF00046F26761C6F2666150FB01F39A0802EB04
:10B00000D37202EB8202A0EB42003030019A531E51
:10B01000019302F8010C059850FB01F1881000EB38
:10B02000D1700590DFE7019840F20001C2F2000103
:10B0300010F046FA00F026F980B58CB00A9009911C
:10B040000892079300208DF81B000A982030059085
:10B0500001208DF80A000A98C0B9FFE742F64D10AA
:10B06000C0F602006946086042F6AE00C0F6020073
:10B0700042F2D662C0F6020242F65713C0F602034D
:10B080004FF433710DF0C8FDFFE7FEE70A9890F822
:10B090003400C007C0B9FFE742F64D10C0F6020009
:10B0A0006946086042F6AE00C0F6020042F2D6627F
:10B0B000C0F6020242F66513C0F6020340F2CD214B
:10B0C0000DF0AAFDFFE7FEE70998089908440A99E0
:10B0D000096988420AD9FFE742F2DF50C0F6020050
:10B0E0000DF0C2FD05208DF82F00C6E005988068A0
:10B0F00020B1FFE7059881688847FFE79DF82400A5
:10B10000C007C0B1FFE70A9809994A1C0992079A3B
:10B11000531C07936B461A6001231A460AF02CFA57
:10B120008DF81B009DF81B0008B1FFE78FE0089821
:10B1300001380890FFE70A9801210DF067F98DF8B2
:10B140001B009DF81B0008B1FFE780E0AD208DF8E3
:10B150000C00FFE7089802285ED3FFE79DF80A007D
:10B16000C00708B3FFE70A98099903AA01920132C0
:10B170000AF032F8019A0A9890F83500C1070420C5
:10B18000002918BF05208DF80B00079800789DF85E
:10B190000B105054079840789DF80B1011444870DC
:10B1A00000208DF80A000BE001208DF80B000798B5
:10B1B00000788DF80D00079840788DF80E00FFE7B5
:10B1C0000598D0F804C09DF80B108A1C694600232E
:10B1D0000B6003A9E0478DF81B009DF81B0038B1F8
:10B1E000FFE742F28760C0F602000DF03DFD2EE061
:10B1F0000A980EF023FE8DF81B009DF81B0008B185
:10B20000FFE724E008980238089009980230099076
:10B210000798023007909DE70A9800210DF0F6F894
:10B220008DF81B009DF81B0080B9FFE708980128E6
:10B230000CD1FFE70A980999079A6B461A60012317
:10B240001A460AF099F98DF81B00FFE7FFE79DF811
:10B250001B0028B1FFE70A9800210DF0D7F8FFE79F
:10B260000598C06820B1FFE70598C1688847FFE7E7
:10B270009DF81B008DF82F00FFE79DF82F000CB004
:10B2800080BD0000FFE7FEE781B00090009988686C
:10B2900040F008008860FFE70098806800070028F9
:10B2A00001D5FFE7F8E70099886840F0040088605E
:10B2B000FFE7009880684007002801D5FFE7F8E71E
:10B2C00001B0704784B003908DF80B1001929DF887
:10B2D0000B0001460091012804D0FFE700980228E6
:10B2E00012D023E00399C86A20F47000C862019963
:10B2F0000020CFF6F07000EB01503FFA80F2039986
:10B30000C86A1043C86212E00399886B20F44010A9
:10B31000886301990020CFF6F07000EB015000F433
:10B3200040120399886B1043886300E0FFE704B084
:10B330007047000082B001900091009830B1FFE7A3
:10B340000199886840F40060886005E00199886888
:10B3500020F400608860FFE702B0704780B586B0D7
:10B3600005900598049042F20041C4F20101884220
:10B3700010D0FFE7049842F60001C4F201018842B0
:10B3800011D0FFE7049843F60041C4F2010188425E
:10B3900012D01AE040F2093003900AF097FB0398AC
:10B3A0000AF080FB12E040F20A3002900AF08EFBB5
:10B3B00002980AF077FB09E040F20F3001900AF0A2
:10B3C00085FB01980AF06EFB00E0FFE706B080BD48
:10B3D00081B0009000988068C00730B9FFE70099FD
:10B3E000886840F001008860FFE701B07047000006
:10B3F00082B001908DF803108DF802209DF80200B4
:10B40000C0B1FFE79DF80300C00730B1FFE7019925
:10B41000886840F480108860FFE79DF8030080078B
:10B42000002806D5FFE70199886840F4004088604D
:10B43000FFE717E09DF80300C00730B1FFE701996F
:10B44000886820F480108860FFE79DF8030080077B
:10B45000002806D5FFE70199886820F4004088603D
:10B46000FFE7FFE702B0704784B003908DF80B1040
:10B4700001929DF80B0001460091012804D0FFE7DE
:10B48000009802280BD015E00399886820F460200A
:10B490008860019A03998868104388600BE00399DB
:10B4A000886820F4E0408860019A03998868104316
:10B4B000886000E0FFE704B07047000086B00590A8
:10B4C0008DF813108DF8122003930598806BC0F34C
:10B4D00001508DF80B000598806B01909DF81300CA
:10B4E0009DF80B10401A00EB800000F10F011F20A7
:10B4F00000FA01F10198884301909DF812009DF82F
:10B5000013109DF80B20891A01EB81010F3100FA0D
:10B5100001F10198084301900198059988639DF80D
:10B52000120009281BD8FFE70598006900909DF8D4
:10B53000120000EB4001072000FA01F10098884357
:10B54000009003989DF8121001EB410100FA01F1FF
:10B5500000980843009000980599086124E09DF840
:10B56000120011281ED8FFE70598C06800909DF8CA
:10B57000120000EB4000A0F11E01072000FA01F1CB
:10B5800000988843009003989DF8121001EB410148
:10B590001E3900FA01F100980843009000980599BF
:10B5A000C86000E0FFE7FFE706B0704784B0039093
:10B5B0008DF80B109DF80B0001460091032814D85C
:10B5C0000099DFE801F002060A0E0398C06B0190B3
:10B5D0000EE00398006C01900AE00398406C019023
:10B5E00006E00398806C019002E000200190FFE7E4
:10B5F000BDF8040004B0704782B0019000919DF83E
:10B600000000C00730B1FFE70199486840F04000F2
:10B610004860FFE79DF800008007002806D5FFE797
:10B620000199486840F020004860FFE79DF800005D
:10B630004007002806D5FFE70199486840F08000E0
:10B640004860FFE702B0704782B001900091009A15
:10B65000019908689043086002B0704785B0049073
:10B66000039100208DF80B0003980090012808D06A
:10B67000FFE70098022817D0FFE70098042826D09B
:10B6800038E00498006800F00100019004984068D8
:10B690004006002807D5FFE7019820B1FFE7012009
:10B6A0008DF80B00FFE726E00498006800F0020028
:10B6B0000190049840688006002807D5FFE70198AC
:10B6C00020B1FFE701208DF80B00FFE713E004989D
:10B6D000006800F00400019004984068000600280B
:10B6E00007D5FFE7019820B1FFE701208DF80B0097
:10B6F000FFE700E0FFE79DF80B0005B07047000092
:10B7000081B0009042F20441C4F20101086820F4C3
:10B7100070200860009A08681043086001B0704704
:10B7200085B004908DF80F108DF80E2002939DF8CF
:10B730000F0005281CD8FFE70498406B01909DF886
:10B740000F0000EB80011F2000FA01F101988843EF
:10B7500001909DF80E009DF80F1001EB810100FA99
:10B7600001F10198084301900198049948634AE067
:10B770009DF80F000B281FD8FFE70498006B01907D
:10B780009DF80F0000EB8000A0F11E011F2000FAC1
:10B7900001F10198884301909DF80E009DF80F106B
:10B7A00001EB81011E3900FA01F101980843019073
:10B7B00001980499086325E09DF80F000F281FD811
:10B7C000FFE70498C06A01909DF80F0000EB80002D
:10B7D000A0F13C011F2000FA01F10198884301907B
:10B7E0009DF80E009DF80F1001EB81013C3900FA25
:10B7F00001F101980843019001980499C86200E0A2
:10B80000FFE7FFE7FFE79DF80E0009281BD8FFE7D9
:10B810000498006900909DF80E0000EB400107209D
:10B8200000FA01F100988843009002989DF80E10EC
:10B8300001EB410100FA01F10098084300900098E3
:10B840000499086124E09DF80E0011281ED8FFE736
:10B850000498C06800909DF80E0000EB4000A0F135
:10B860001E01072000FA01F1009888430090029819
:10B870009DF80E1001EB41011E3900FA01F100980C
:10B880000843009000980499C86000E0FFE7FFE7D4
:10B8900005B0704781B000900098C06C80B201B0D4
:10B8A0007047000082B001908DF803109DF80300EE
:10B8B000C00730B1FFE70199886840F480008860D4
:10B8C000FFE79DF803008007002806D5FFE70199F0
:10B8D000886840F400108860FFE702B070470000FD
:10B8E00083B0029001918DF803209DF8030020B3EE
:10B8F000FFE79DF80500C00730B1FFE702994868EF
:10B9000040F480704860FFE79DF80500400700287C
:10B9100006D5FFE70299486840F480604860FFE779
:10B920009DF804008007002806D5FFE70299886883
:10B9300040F002008860FFE723E09DF80500C007A3
:10B9400030B1FFE70299486820F480704860FFE753
:10B950009DF805004007002806D5FFE702994868D2
:10B9600020F480604860FFE79DF80400800700280D
:10B9700006D5FFE70299886820F002008860FFE79B
:10B98000FFE703B07047000042F20841C4F2010132
:10B99000086840F4000008607047000081B0009023
:10B9A0000099002008620099486201B070470000C9
:10B9B0008BB00990089107920693079809990A6A33
:10B9C00041F822000999086A013000F00700086276
:10B9D0000998406A072805DCFFE70999486A0130A1
:10B9E0004862FFE7099800680590002004900390E2
:10B9F000FFE703980999496A88422FDAFFE7099817
:10BA0000039950F821000290002001900090FFE778
:10BA100000980999496A884211DAFFE70998009964
:10BA200050F821000299884204D1FFE701980130C3
:10BA30000190FFE7FFE7009801300090E8E70198E8
:10BA40000499884205DDFFE701980490029805906B
:10BA5000FFE7FFE7039801300390CAE704980899CD
:10BA6000884203DAFFE701200A9005E0059806996D
:10BA7000086000200A90FFE70A980BB070470000AA
:10BA800083B00290019100200090FFE70098019997
:10BA900088420ED2FFE70298009950F8210043F245
:10BAA0000001C4F202010860FFE700980130009035
:10BAB000ECE743F20000C4F20200006803B07047F4
:10BAC00043F20801C4F20201086840F00100086076
:10BAD0007047000085B004900391ADF80A200498E7
:10BAE00030BBFFE70398019040B1FFE701980128C0
:10BAF0000CD0FFE70198022810D017E0BDF80A002B
:10BB000047F20841C4F20001086010E0BDF80A00E5
:10BB100047F20C41C4F20001086008E0BDF80A00D9
:10BB200047F21041C4F20001086000E0FFE725E0A1
:10BB30000398009040B1FFE7009801280CD0FFE780
:10BB40000098022810D017E0BDF80A0047F214410F
:10BB5000C4F20001086010E0BDF80A0047F2184185
:10BB6000C4F20001086008E0BDF80A0047F21C4179
:10BB7000C4F20001086000E0FFE7FFE705B070478E
:10BB800080B582B040F21D40019009F09FFF0198FE
:10BB900009F088FF02B080BD81B00090009848B9DC
:10BBA000FFE747F20041C4F20001086820F00100FD
:10BBB000086008E047F20041C4F20001086820F480
:10BBC00080300860FFE701B07047000081B000904E
:10BBD000009848B9FFE747F20041C4F20001086845
:10BBE00040F00100086008E047F20041C4F20001A3
:10BBF000086840F480300860FFE701B0704700003B
:10BC000081B00090009848B9FFE747F20041C4F2C4
:10BC10000001086840F00200086008E047F20041B7
:10BC2000C4F20001086840F400300860FFE701B08A
:10BC30007047000082B001900020ADF8020001982A
:10BC400040B9FFE747F22C40C4F200000068ADF8AD
:10BC5000020007E047F23040C4F200000068ADF88F
:10BC60000200FFE7BDF8020002B0704781B000900B
:10BC7000009848B9FFE747F20441C4F200010868A0
:10BC800040F00100086008E047F20441C4F20001FE
:10BC9000086840F002000860FFE701B0704700004C
:10BCA00081B00090009848B9FFE747F20041C4F224
:10BCB0000001086840F00400086008E047F2004115
:10BCC000C4F20001086840F480200860FFE701B07A
:10BCD0007047000082B001900091019868B9FFE7B9
:10BCE00047F20041C4F20001086820F03800086003
:10BCF000009A0868104308600DE047F20041C4F262
:10BD00000001086820F460100860009A086840EAA2
:10BD100002400860FFE702B07047000082B0019067
:10BD20000091019868B9FFE747F20041C4F20001B1
:10BD3000086820F0C0000860009A08681043086096
:10BD40000DE047F20041C4F20001086820F4400011
:10BD50000860009A086840EA02400860FFE702B005
:10BD6000704700000000000080B584B08DF80F001F
:10BD70008DED020A9DF80F0058282DD1FFE702989B
:10BD8000F4F74FFC41EC100B9FED4D1B53EC112BC6
:10BD900051EC100BF4F7E3FA41EC100B51EC100BE3
:10BDA000F4F752FC00EE100A0EF032FDBDEEC00AB0
:10BDB00010EE100A4FF6FF71C0F27F0109F094FAFD
:10BDC00001900198B0F1FF3F05DCFFE7019820F0FA
:10BDD0007F400190FFE770E09DF80F0059282BD1BC
:10BDE000FFE70298F4F71DFC41EC100B9FED361BAA
:10BDF00053EC112B51EC100BF4F7B1FA41EC100B92
:10BE000051EC100BF4F720FC00EE100A0EF000FDD0
:10BE1000BDEEC00A10EE100A40F2FF7109F064FA9C
:10BE200001900198B0F1FF3F05DCFFE701986FF347
:10BE30001F300190FFE73FE09DF80F005A283AD1EC
:10BE4000FFE70298F4F7EDFB41EC100B9FED1C1B94
:10BE500053EC112B51EC100BF4F781FA41EC100B61
:10BE600051EC100BF4F7F0FB00EE100A0EF0D0FCD2
:10BE7000BDEEC00A10EE100A4FF6FF71C0F27F014E
:10BE800009F032FA01900198B0F1FF3F05DCFFE7BD
:10BE9000019820F07F400190FFE70198C0F34A002D
:10BEA000009001984FF20001C0F2FF010840009994
:10BEB00008430190FFE7FFE7FFE7019804B080BD6A
:10BEC0000000000000006041000000000000A040F1
:10BED00083B002909DED020AB8EE400A43F690004E
:10BEE000C2F2000090ED001A20EE010ABCEEC00A7A
:10BEF0004EF21400CEF2000080ED000A4EF218015E
:10BF0000CEF20001002008604EF21001CEF20001D6
:10BF100001200860FFE74EF21000CEF2000000683A
:10BF20000190FFE700209DF80410C907009031B18F
:10BF3000FFE79DF80610012088430090FFE7009876
:10BF4000C0070028E7D1FFE74EF21001CEF2000152
:10BF5000086820F0010008604EF21801CEF20001DE
:10BF60000020086003B0704783B002909DED020A84
:10BF7000B8EE400A43F69400C2F2000090ED001AB9
:10BF800020EE010ABCEEC00A4EF21400CEF2000010
:10BF900080ED000A4EF21801CEF200010020086088
:10BFA0004EF21001CEF2000101200860FFE74EF2D0
:10BFB0001000CEF2000000680190FFE700209DF81D
:10BFC0000410C907009031B1FFE79DF80610012069
:10BFD00088430090FFE70098C0070028E7D1FFE7FB
:10BFE0004EF21001CEF20001086820F00100086056
:10BFF0004EF21801CEF200010020086003B0704735
:10C0000080B582B001908DF8031001989DF803105F
:10C0100000F000FA10B9FFE7FFE7FEE701989DF88E
:10C02000031001EB810100EB8101886820F0010021
:10C03000886002B080BD000080B582B001908DF8AC
:10C04000031001989DF8031000F0E4F910B9FFE720
:10C05000FFE7FEE701989DF8031001EB810100EB7B
:10C060008101886840F00100886002B080BD000056
:10C0700080B582B001908DF8031001989DF80310EF
:10C0800000F0C8F910B9FFE7FFE7FEE701989DF857
:10C09000031001EB810100EB8101886820F0200092
:10C0A000886002B080BD000080B582B001908DF83C
:10C0B000031001989DF8031000F0ACF910B9FFE7E8
:10C0C000FFE7FEE701989DF8031001EB810100EB0B
:10C0D0008101886820F00100886001989DF80310B4
:10C0E00001EB810100EB81010020886001999DF83E
:10C0F000032002EB820201EB8201C86001999DF8E6
:10C10000032002EB820201EB8201086101999DF894
:10C11000032002EB820201EB820148619DF80300DB
:10C1200081000F2000FA01F201994868104348602D
:10C1300002B080BD80B584B003908DF80B100192E1
:10C1400003989DF80B1000F065F910B9FFE7FFE7C1
:10C15000FEE70198006803999DF80B2002EB82022C
:10C1600001EB820108610198806803999DF80B201A
:10C1700002EB820201EB820148610198008A039977
:10C180009DF80B2002EB820201EB8201C86003984C
:10C190009DF80B1001EB810100EB8100806800909D
:10C1A000009820F47C50009001994868CA68496959
:10C1B00010430143009808430090009803999DF8AC
:10C1C0000B2002EB820201EB820188600198007E65
:10C1D00001280CD1FFE703989DF80B1001EB8101BA
:10C1E00000EB8101886840F0400088600BE0039814
:10C1F0009DF80B1001EB810100EB8101886820F0B4
:10C2000040008860FFE70198407E01280CD1FFE7DD
:10C2100003989DF80B1001EB810100EB8101886808
:10C2200040F0800088600BE003989DF80B1001EB54
:10C23000810100EB8101886820F080008860FFE7C1
:10C240000198807E60B9FFE703989DF80B1001EB21
:10C25000810100EB8101886820F0100088600BE00C
:10C2600003989DF80B1001EB810100EB81018868B8
:10C2700040F010008860FFE704B080BD80B584B056
:10C2800003908DF80B10019203989DF80B1000F0AD
:10C29000C1F810B9FFE7FFE7FEE7019A03989DF8A0
:10C2A0000B1001EB810100EB81018868104388606D
:10C2B00004B080BD83B002908DF807100092009802
:10C2C0009DF80710890000FA01F2029948681043AE
:10C2D000486003B07047000087B005908DF81310D8
:10C2E000039200200290019003980090022808D049
:10C2F000FFE70098042819D0FFE7009808282AD003
:10C300003EE00598006803999DF813209200914043
:10C310000840019005989DF8131001EB810100EB96
:10C320008100806800F0020002902BE00598006810
:10C3300003999DF8132092009140084001900598C0
:10C340009DF8131001EB810100EB8100806800F083
:10C350000400029016E00598006803999DF81320E8
:10C36000920091400840019005989DF8131001EB50
:10C37000810100EB8100806800F00800029001E07C
:10C38000FFE7FEE7019838B1FFE7029820B1FFE729
:10C3900001208DF81B0003E000208DF81B00FFE753
:10C3A0009DF81B0007B0704780B584B003908DF8EE
:10C3B0000B10019203989DF80B1000F02BF810B9A8
:10C3C000FFE7FFE7FEE7019803999DF80B2002EBDA
:10C3D000820201EB8201486104B080BD80B582B069
:10C3E00001908DF8031001989DF8031000F012F8E9
:10C3F00010B9FFE7FFE7FEE701989DF8031001EB96
:10C40000810100EB8101886820F48040886002B0DF
:10C4100080BD000082B001908DF8031001208DF8DE
:10C420000200019840F20041C4F2020188420AD1A0
:10C43000FFE79DF80300052804DBFFE700208DF8E7
:10C440000200FFE7FFE79DF8020002B0704700001E
:10C4500081B00090009810B9FFE7FFE7FEE7009970
:10C46000002008600099486000990876009988606B
:10C470000099C8600099487600990861009988760B
:10C480000099486101B0704780B584B003908DF881
:10C490000B10019203989DF80B10FFF7BBFF10B92A
:10C4A000FFE7FFE7FEE7BDF8040003999DF80B20C6
:10C4B00002EB820201EB8201C86004B080BD000083
:10C4C00081B000208DF80300FFE79DF803000528E8
:10C4D0000FDCFFE79DF8032043F69901C2F200014B
:10C4E00000208854FFE79DF8030001308DF8030019
:10C4F000EBE701B07047000080B582B00190009179
:10C500009DF8041043F60000C4F201000DF080FB1A
:10C51000FFE743F60000C4F2010007210DF0E8FB3D
:10C5200008B9FFE7F5E7019802B080BD80B540F299
:10C53000C310C0F2F400F6F711FD80BD82B0019087
:10C54000009100980199486102B0704782B0019053
:10C55000009100980199086102B0704783B0029081
:10C5600001918DF803209DF8030020B1FFE70198A9
:10C570000299086103E0019802994861FFE703B05E
:10C580007047000087B00690059104920393002045
:10C5900001900090059800F00F0001909DF81400A4
:10C5A000C006002814D5FFE7049804280AD1FFE745
:10C5B000019840F003000190039A0699C86B10435C
:10C5C000C86304E00499019808430190FFE7FFE77E
:10C5D0000020ADF80A00FFE7BDF80A00072842D89E
:10C5E000FFE7BDF80A100398C840C007A0B3FFE7F3
:10C5F000069800680090BDF80A0081000F2000FA3C
:10C6000001F10098884300900198BDF80A10890054
:10C6100000FA01F10098084300900598282809D1F4
:10C62000FFE7BDF80A1001208840039908400699E9
:10C6300048610DE00598482809D1FFE7BDF80A10C8
:10C64000012088400399084006990861FFE7FFE749
:10C65000009806990860FFE7FFE7BDF80A0001307F
:10C66000ADF80A00B8E70820ADF80A00FFE7BDF80A
:10C670000A000F2846D8FFE7BDF80A100398C84003
:10C68000C007C0B3FFE7069840680090BDF80A00F5
:10C690006FF01F0101EB80020F2000FA02F20098F8
:10C6A000904300900198BDF80A2001EB820100FA46
:10C6B00001F10098084300900598282809D1FFE768
:10C6C000BDF80A1001208840039908400699486186
:10C6D0000DE00598482809D1FFE7BDF80A100120B0
:10C6E00088400399084006990861FFE7FFE7009832
:10C6F00006994860FFE7FFE7BDF80A000130ADF892
:10C700000A00B4E707B0704783B001900091019828
:10C7100080680099084204D0FFE701208DF80B00E3
:10C7200003E000208DF80B00FFE79DF80B0003B03D
:10C730007047000086B005908DF81310002003901C
:10C740000290019000909DF817000006002806D581
:10C75000FFE71C20C4F201000068019005E00420FE
:10C76000C4F2010000680190FFE70598C0F30340A0
:10C770000090BDF814000390059800F44010B0F547
:10C78000401F0CD1FFE7019820F0E06001900421E8
:10C79000C4F20101086820F0E060086023E09DF821
:10C7A0001600C00600280DD5FFE700990320884039
:10C7B00002900299019888430190019840F0E0604E
:10C7C00001900FE00398059A6FF00F0101EA5241C2
:10C7D00000FA01F1019888430190019840F0E0606F
:10C7E0000190FFE7FFE79DF8130060B1FFE70398B2
:10C7F000059A6FF00F0101EA524100FA01F1019828
:10C8000008430190FFE79DF817000006002806D5B1
:10C81000FFE701981C21C4F20101086005E00198BE
:10C820000421C4F201010860FFE706B07047000070
:10C8300080B586B0049000208DF80F000498C0B930
:10C84000FFE742F6DC10C0F602006946086042F6D7
:10C85000AE00C0F6020042F2D662C0F6020242F614
:10C860005713C0F6020340F201110CF0D5F9FFE7AF
:10C87000FEE704980CF0E2FB8DF80F009DF80F0026
:10C8800028B1FFE79DF80F008DF8170043E10498E9
:10C89000406AC0B9FFE742F6DC10C0F60200694604
:10C8A000086042F6AE00C0F6020042F2D662C0F660
:10C8B000020242F69D13C0F602034FF487710CF09A
:10C8C000ABF9FFE7FEE70498006968B1FFE7049859
:10C8D000808A48B1FFE70498806928B1FFE704988F
:10C8E000007F00285CD1FFE7049809F02FFF8DF846
:10C8F0000F009DF80F0028B1FFE79DF80F008DF89D
:10C90000170008E104980CF0ABFA002846D0FFE7C6
:10C910000499002088600499086D08610498B0F8B3
:10C920004800012804D1FFE704990220888203E02F
:10C93000049901208882FFE70499486D8861049971
:10C9400091F85800087701200290FFE70298032829
:10C9500023D8FFE70498029900EBC100406DB8B1FD
:10C96000FFE704998869029A01EBC201496D884288
:10C970000ED9FFE70499029801EBC000406D886171
:10C980000499029801EBC00090F858000877FFE77F
:10C99000FFE7029801300290D8E700E0FFE7FFE7E9
:10C9A0000498006960B1FFE70498808A40B1FFE70E
:10C9B0000498806920B1FFE70498007F50B9FFE731
:10C9C00042F2A550C0F602000CF04EF901208DF89D
:10C9D0001700A0E0002001900290FFE702981128C4
:10C9E0001BD8FFE7029941F6B010C0F6020000EB39
:10C9F000C10000790499097B884209D1FFE70299B7
:10CA000041F6B010C0F6020050F83100019004E089
:10CA1000FFE7029801300290E0E7019878B1FFE764
:10CA20000498806858B1FFE7019904988268036907
:10CA300042F27F70C0F602000CF016F916E0019881
:10CA400050B1FFE701990498026942F25570C0F6AF
:10CA500002000CF009F908E00498016942F22E7016
:10CA6000C0F602000CF000F9FFE7FFE7FFE70498CB
:10CA700009F0F8FF8DF80F009DF80F0028B1FFE7CF
:10CA80009DF80F008DF8170045E00498808A400754
:10CA9000002808D5FFE70498012100220CF088FB4C
:10CAA0008DF80F0017E00498007BC22812D1FFE731
:10CAB0000498407B20280DD1FFE70498807B16283E
:10CAC00008D1FFE70498002211460CF071FB8DF8A5
:10CAD0000F00FFE7FFE79DF80F0028B1FFE79DF883
:10CAE0000F008DF8170016E004980069B0F1807F00
:10CAF00007D9FFE7049801210BF0F6FB8DF80F0032
:10CB000004E00499002081F83500FFE79DF80F004C
:10CB10008DF81700FFE79DF8170006B080BD0000F4
:10CB200084B08DED030ACDED020A8DED011A9DED65
:10CB3000010A9DED021AB4EE410AF1EE10FA03DD8E
:10CB4000FFE70298009010E09DED010A9DED031AA9
:10CB5000B4EE410AF1EE10FA03DAFFE70398009011
:10CB600002E001980090FFE7FFE79DED000A04B0A6
:10CB70007047000084B003900291019201980299DD
:10CB8000884203DDFFE7029800900BE001980399CB
:10CB9000884203DAFFE70398009002E001980090D2
:10CBA000FFE7FFE7009804B07047000085B00490ED
:10CBB0000391029201930298019908440090009811
:10CBC0000399884203DDFFE70498009008E000988D
:10CBD0000499884203DAFFE703980090FFE7FFE734
:10CBE000009805B07047000080B582B001908DF8C4
:10CBF0000310019843F63861C2F2000108609DF805
:10CC00000300C007C0B1FFE743F63860C2F200007E
:10CC100002680021CCF24001116002680021D1605D
:10CC20000268116102685160026891600168002029
:10CC3000C4F20810486103E0012007F07BFDFFE724
:10CC400002B080BD80B586B005908DF813100598B0
:10CC500043F63C61C2F2000108609DF81300C00772
:10CC6000002858D0FFE700208DF81200FFE79DF85C
:10CC70001200082825DCFFE79DF8121043F63C60FF
:10CC8000C2F20000026801EB410302F823100168C0
:10CC90009DF8122002EB420201EB8202002151605A
:10CCA00000689DF8121001EB410100EB81014FF08B
:10CCB0007E508860FFE79DF8120001308DF8120069
:10CCC000D5E743F63C60C2F20000039002682F21D2
:10CCD000518002685E21D1810268BC2151830268C3
:10CCE00040F27711D184026840F2EE215186026849
:10CCF00040F2DC51D187026840F6B831A2F84A1000
:10CD0000026841F27071A2F85610016842F6E060C4
:10CD1000A1F8620033E09320C0F2F4000190DC211E
:10CD2000F9F79AFE0A200290FFF71EF90198922166
:10CD3000F9F792FE0298FFF717F900208DF812001C
:10CD4000FFE79DF81200082818DCFFE743F63C6077
:10CD5000C2F2000000689DF8121001EB410100EBE7
:10CD6000810250F82100516892680AF0E1F9FFE76A
:10CD70009DF8120001308DF81200E2E7FFE706B0DF
:10CD800080BD00000000000084B080B5AAB02F93E1
:10CD90002E922D912C902CA811909320C0F2F4008B
:10CDA0005021F9F759FE9DED3A0A0AF0D5FB002013
:10CDB0001390FFE71398082842D8FFE711981399BA
:10CDC00000EB8100C06BF3F72CFC41EC100B51EC35
:10CDD000100B9FEDF30B53EC102BF3F732FB41ECF0
:10CDE000100B51EC100BF3F72FFC00EE900AB2EE93
:10CDF000040A0DF0DBF910EE100AF3F712FC41EC17
:10CE0000100B51EC100B9FEDE80B53EC102BF3F7CC
:10CE100018FB41EC100B51EC100BF3F715FC2990AB
:10CE20009DED290A5920FEF79FFF12901298139A40
:10CE300014A941F82200FFE7139801301390B9E7D5
:10CE400014A840F241510922F4F7FAFD0020139092
:10CE5000FFE71398082800F20281FFE71198139961
:10CE600030F8111000EE101AB8EEC00A9FEDF31A58
:10CE700020EE010A40F24C01C2F2000191ED001ACD
:10CE800080EE010A8DED280A9DED280A139900EB2A
:10CE9000810090ED051A31EE011A80EE011A8DED38
:10CEA000091AB7EE000A8DED080A30EE410A10EEBD
:10CEB000100AF3F7B6FB41EC100B51EC100B9FED91
:10CEC000E60B53EC102BF3F74AFA9DED081A9DED93
:10CED000090A41EC120B8DED0A2B30EE010A10EE1F
:10CEE000100AF3F79EFB9DED0A0B41EC110B53EC7E
:10CEF000112B51EC100BF3F7A4FA41EC100B51EC91
:10CF0000100BF3F7A1FB26902698F3F78AFB41EC70
:10CF1000100B53EC102B9FEDD20B51EC100B10911A
:10CF20000F90F3F716FA41EC100B8DED0C0B9DED05
:10CF3000280A0DF093F810EE100AF3F772FB9DED3E
:10CF40000C1B41EC100B51EC110B53EC102BF3F7B5
:10CF500006FA41EC100B51EC100BF3F775FB279020
:10CF60002698F3F75EFB0F9A109B41EC100B51ECE7
:10CF7000100BF3F74DF941EC100B51EC100B9FED3A
:10CF8000BA0B53EC102BF3F75CFA41EC100B51EC9D
:10CF9000100BF3F759FB25901398032821D3FFE7D3
:10CFA0009DED270A59200790FEF7DEFE01460798FF
:10CFB00014919DED260AFEF7D7FE014607981591BC
:10CFC0009DED250AFEF7D0FE169013994DF644709C
:10CFD000C0F6010050F8211014A80322F4F730FD28
:10CFE00038E09DED270A5A200690FEF7BDFE014667
:10CFF0000698129112996FF31F3114911299C1F38F
:10D000000B3117919DED260AFEF7AEFE01460698FC
:10D01000129112996FF31F3115911299C1F30B31CF
:10D0200018919DED250AFEF79FFE129012986FF35E
:10D030001F3016901298C0F30B30199013994DF6CB
:10D040004470C0F6010050F8211014A80622F4F72D
:10D05000F7FCFFE7FFE7139801301390F9E611980A
:10D0600040F24C01C2F20001019191ED000A90EDF5
:10D07000201A20EE010A10EE100AF3F7D2FA41EC62
:10D08000100B53EC102B9FED6E0B51EC100B03911A
:10D090000290F3F7D6F941EC100B51EC100BF3F7BB
:10D0A000D3FA00EE900A9FED720A8DED040A0DF09E
:10D0B0007DF8019911988DED220A91ED000A90ED0D
:10D0C000211A20EE010A10EE100AF3F7AAFA02461E
:10D0D00002980B46039943EC102B53EC102BF3F7FB
:10D0E000B0F941EC100B51EC100BF3F7ADFA9DEDDC
:10D0F000040A00EE900A0DF059F88DED210A9DED1D
:10D10000210A9DED221A30EE010A10EE100AF3F703
:10D1100088FA41EC100B51EC100B9FED4B0B53ECCC
:10D12000102BF3F78EF941EC100B51EC100BF3F7C9
:10D130008BFA24909DED210A9DED221A30EE410AD2
:10D140008DED230A9DED240A5A200590FEF70CFE72
:10D1500001460598129112996FF31F31149112999B
:10D16000C1F30B3115919DED230AFEF7FDFD1290E1
:10D1700012986FF31F3016901298C0F30B3017906F
:10D1800014A840F24A510422F4F75AFC00201390EC
:10D19000FFE7139807283AD80AE000BF00BF00BF96
:10D1A000000000000000344000000000000030409B
:10D1B0001198139900EB8100006EF3F732FA41ECFD
:10D1C000100B51EC100B9FED220B53EC102BF3F7CF
:10D1D00038F941EC100B51EC100BF3F735FA00EE77
:10D1E000900AB2EE040A0CF0E1FF8DED200A9DEDED
:10D1F000200A5820FEF7B8FD12901298139A14A92D
:10D2000041F82200FFE7139801301390C1E740F680
:10D210009560C0F2F40014A90822F9F751FC1198A6
:10D22000D0F8881040F2C750C0F2F400F9F714FCAF
:10D230002AB0BDE8804004B0704700BFDB0FC94092
:10D2400000000000000035C000000000000000C029
:10D250000000000000003440000000000000E0BFBB
:10D26000000000000000E03F00000000000000405F
:10D2700054F82D4081B0009000993F20088000991B
:10D280007D2048800099FA20888000994FF4FA7038
:10D29000C88000994FF47A70088100994FF4FA60C1
:10D2A000488100994FF47A60888100994FF4FA50D0
:10D2B000C88100994FF47A50088200990020C4F286
:10D2C00040004861009988610099C861009908622E
:10D2D00000994862009988620099C86200990863C1
:10D2E000009A46F26661C4F2360151630099886380
:10D2F00000990020C4F24010C863009908640099A6
:10D300004864009988640099C86400990865009988
:10D310000020C4F26010486500994FF08340886592
:10D3200000990020C4F29010C86500990020CCF24A
:10D33000A010086600990020CCF288104866009979
:10D340000020CCF26010886600990020CCF23010EA
:10D35000C86600990020CCF21010086700990020E0
:10D36000CCF2E000486700990020CCF2A00088676A
:10D3700000990020CCF24000C867009946F24200B4
:10D38000C3F6E530C1F8800000994FF07850C1F83D
:10D390008400009940F2A710C1F8880001B07047DE
:10D3A00081B00090009900200870009A0021C4F21A
:10D3B000400151600099087200994872009A4FF03C
:10D3C0007E51D160009A4FF080411161009A002196
:10D3D000CCF270215161009908760099C861009AD9
:10D3E0004FF040411162009A4FF041415162009963
:10D3F00088620099C8620099086301B07047000014
:10D4000080B594B0DDF858C0CDF84CC0129311929D
:10D4100010910F9040F24C00C2F20000039090ED8A
:10D42000000A9DED111A20EE010A10EE100AF3F722
:10D43000F8F841EC100B53EC102B9FED5F0B51EC07
:10D44000100B01910090F2F7FCFF41EC100B51EC36
:10D45000100BF3F7F9F800EE900A9FED5D0A8DEDE1
:10D46000020A0CF0A3FE03988DED0E0A90ED000A5F
:10D470009DED121A20EE010A10EE100AF3F7D1F812
:10D48000024600980B46019943EC102B53EC102BED
:10D49000F2F7D7FF41EC100B51EC100BF3F7D4F877
:10D4A0009DED020A00EE900A0CF080FE8DED0D0A53
:10D4B0009DED0D0A9DED0E1A30EE010A10EE100AD8
:10D4C000F3F7AFF841EC100B51EC100B9FED3C0B58
:10D4D00053EC102BF2F7B5FF41EC100B51EC100B95
:10D4E000F3F7B2F8014603980B919DED0D0A9DEDFF
:10D4F0000E1A30EE410A8DED0A0A9DED130A90EDE9
:10D50000001A20EE010A10EE100AF3F78AF841EC37
:10D51000100B51EC100B9FED2C0B53EC102BF2F772
:10D5200090FF41EC100B51EC100BF3F78DF80C90C1
:10D530009DED0B0A5A200490FEF716FC0146049854
:10D54000099109996FF31F3105910999C1F30B31C5
:10D5500006919DED0A0AFEF707FC099009986FF302
:10D560001F3007900998C0F30B30089005A840F2CF
:10D57000A7310422F4F764FA9DED0C0ABCEEC00A50
:10D580008DED090A099940F22110C0F2F400F9F773
:10D5900063FA0F9940F2B450C0F2F400F9F75CFA64
:10D5A000109940F2B550C0F2F400F9F755FA14B0F2
:10D5B00080BD00BF00BF00BF00000000000010C021
:10D5C00000000000000000C000000000000010404B
:10D5D00054F82D4081B00090009940F2A7100860E7
:10D5E000009940F26710486000994CF28F20C3F612
:10D5F0007540886000994FF08240086100994CF6B0
:10D60000CD40C3F64C70C86001B070470000000008
:10D6100080B584B0B2EE040A8DED000ADFED300A69
:10D620000CF0C4FD8DED030A9DED030A5820FEF7B2
:10D630009BFB019001995020C0F2F400F9F70CFA1D
:10D640004D20C0F2F4000021F9F706FA42F6F60088
:10D65000C4F2102002900298F2F7E3FF41EC100BA5
:10D660009FED1B1B53EC112B51EC100BF2F7D0FD6F
:10D6700041EC100B51EC100B9FED170B53EC102BE2
:10D68000F2F7DFFE41EC100B51EC100BF2F7DCFF70
:10D690009DED000A00EE900A0CF088FD8DED030A66
:10D6A0009DED030A5920FEF75FFB0190019944F2BA
:10D6B0007300C0F2F400F9F7CFF9019944F2740055
:10D6C000C0F2F400F9F7C8F904B080BD00BF00BF94
:10D6D00014AE47E17A1448C0000000000000344056
:10D6E0009A9999BF70B588B007908DF81B1007986C
:10D6F00043F64061C2F2000108609DF81B00C007BC
:10D70000D8B1FFE743F64061C2F200010A687D200C
:10D7100010800A68002050600B684FF448721A812C
:10D720000A6810610B684FF07E52DA600B6841F2B4
:10D7300088329A82096888615BE043F64060C2F2F1
:10D7400000000590D0F800E0DEF80000DEF80410DC
:10D75000DEF80820DEF80C30DEF810C0DEF81440E9
:10D76000DEF81850EE460026CEF80C60CEF80850D1
:10D77000CEF80440CEF800C00AF0BAF80598D0F808
:10D7800000E0DEF80000DEF80410DEF80820DEF825
:10D790000C30DEF810C0DEF81440DEF81850EE460B
:10D7A0000126CEF80C60CEF80850CEF80440CEF832
:10D7B00000C00AF09DF80598D0F800E0DEF80000FF
:10D7C000DEF80410DEF80820DEF80C30DEF810C0B9
:10D7D000DEF81440DEF81850EE460226CEF80C6053
:10D7E000CEF80850CEF80440CEF800C00AF080F819
:10D7F000FFE708B070BD000080B584B08DF80F0061
:10D800009DF80F00C007C0B1FFE740F23A40C0F2F8
:10D81000F4000321F9F720F940F26D50C0F2F40052
:10D8200040F2CD110291F9F717F9029940F26E50CA
:10D83000C0F2F400F9F710F917E040F26D50C0F2B1
:10D84000F40040F28F110191F9F706F9019940F2C5
:10D850006E50C0F2F400F9F7FFF840F23A40C0F21F
:10D86000F4000021F9F7F8F8FFE704B080BD0000EC
:10D8700080B582B043F6F450C2F20000C07C0028AC
:10D8800040F0DA80FFE743F6F450C2F20000407B3C
:10D89000002800F08180FFE70320FEF719FBF5F771
:10D8A00009FB43F6F450C2F20000C07A012806DCFE
:10D8B000FFE70220FEF70CFBF5F7FCFAFFE743F663
:10D8C000F451C2F2000191F90400897B884210DB17
:10D8D000FFE743F6F450C2F200004079502808DC1C
:10D8E000FFE743F6F450C2F20000C079512804DB90
:10D8F000FFE700208DF8070039E12020FEF7E8FA65
:10D90000F5F7D8FA43F6F450C2F20000807AC00767
:10D9100078B1FFE743F6F451C2F2000191F9040037
:10D92000897B0839884204DDFFE701208DF8070074
:10D930001DE143F6F451C2F2000191F90400897B24
:10D94000884227DDFFE743F6F450C2F20000407939
:10D9500027281FDCFFE743F6F450C2F20000C0792D
:10D96000272817DCFFE743F6F450C2F2000090F9D5
:10D97000080010F1070F0DDBFFE743F6F450C2F289
:10D98000000090F90800072804DCFFE701208DF86B
:10D990000700ECE0FFE74EE02320FEF799FAF5F7E9
:10D9A00089FA43F6F450C2F20000807AC00778B1D9
:10D9B000FFE743F6F451C2F2000191F90400897BBC
:10D9C0000C39884204DDFFE701208DF80700CEE026
:10D9D00043F6F451C2F2000191F90400897B8842B8
:10D9E00027DDFFE743F6F450C2F200004079272814
:10D9F0001FDCFFE743F6F450C2F20000C07927288D
:10DA000017DCFFE743F6F450C2F2000090F908007B
:10DA100010F1070F0DDBFFE743F6F450C2F20000F0
:10DA200090F90800072804DCFFE701208DF80700C3
:10DA30009DE0FFE7FFE796E043F6F450C2F20000F6
:10DA4000407B00285CD0FFE70C20FEF741FAF5F799
:10DA500031FA43F6F450C2F20000C07A022806DC24
:10DA6000FFE70820FEF734FAF5F724FAFFE743F65C
:10DA7000F450C2F2000090F9080010F1140F09DB15
:10DA8000FFE743F6F450C2F2000090F908001528B1
:10DA900004DBFFE700208DF8070068E02020FEF798
:10DAA00017FAF5F707FA43F6F451C2F2000191F9BB
:10DAB0000400897B0A31884221DDFFE743F6F450F8
:10DAC000C2F2000090F90600B0F1FF3F17DCFFE75B
:10DAD00043F6F450C2F2000090F9080010F1090F6B
:10DAE0000DDBFFE743F6F450C2F2000090F90800A6
:10DAF000092804DCFFE701208DF8070037E031E05A
:10DB00002320FEF7E5F9F5F7D5F943F6F451C2F213
:10DB1000000191F90400897B0A31884221DDFFE789
:10DB200043F6F450C2F2000090F90600B0F1FF3F56
:10DB300017DCFFE743F6F450C2F2000090F908004A
:10DB400010F10E0F0DDBFFE743F6F450C2F20000B8
:10DB500090F908000E2804DCFFE701208DF807008B
:10DB600005E0FFE7FFE700208DF80700FFE79DF8DD
:10DB7000070002B080BD000080B543F69800C2F2F5
:10DB80000000007801281BD1FFE7FFE743F6000003
:10DB9000C4F2000080210BF01FFC012801D1FFE737
:10DBA000F4E740F60040C4F201004FF48051FEF764
:10DBB000CDFC43F69801C2F2000100200870FFE797
:10DBC00080BD000080B58CB04FF4A06007F056FF18
:10DBD00005A80090FEF73CFC0020C4F20200039070
:10DBE00004210491FEF760FA009A0398049943F621
:10DBF0000C03C4F20003059340F60403C2F20003D1
:10DC00000793012302938DF82E304FF0000CCDF8CE
:10DC100004C0CDF820C0CDF818C0CDF828C04FF40E
:10DC2000C05ECDF824E08DF82CC08DF82D30FEF7C5
:10DC300081FA019A02990F2007F0FCFB029A0398DF
:10DC40000499FEF737FB039804990222FEF716FBAE
:10DC500003980499FEF70CFA03980499FEF7BEFBAB
:10DC60000CB080BD80B582B08DF807008DF806102D
:10DC70009DF8060000F11002752002210091272373
:10DC800000F062F900999DF807201520FF2300F0AD
:10DC90005BF902B080BD000080B582B08DF807004E
:10DCA0008DF806108DF805208DF804309DF80600DB
:10DCB00000F110029DF8040000F11003752002210C
:10DCC000009100F041F900999DF807209DF805307A
:10DCD000152000F039F902B080BD000080B58EB08B
:10DCE00043F63850C2F20000007BC00700284CD138
:10DCF000FFE740F2C070C2F20000806A0D90FFE7BB
:10DD000043F69800C2F20000007860B1FFE740F2ED
:10DD1000C070C2F20000806A0D99401A0B2801D32E
:10DD2000FFE70FE1ECE7002106910846FFF79AFFB5
:10DD300006995C2000F008F940F60040C4F20100AA
:10DD400007904FF48051FEF7F9FB07984FF480419C
:10DD5000FEF7FCFB0020C4F20200089004210991A8
:10DD6000FEF74EF9089809994FF4C052FEF78CFB64
:10DD70000898099940F60402C2F20002FEF714FB6B
:10DD800008980999FEF758F9CEE043F64460C2F2CC
:10DD90000000008843F64661C2F20001098888420B
:10DDA00001DAFFE7CEE043F64A60C2F200000088E5
:10DDB0008008ADF8320043F64860C2F200000088E7
:10DDC0008008ADF830000020ADF82800BDF8320022
:10DDD000ADF82C00FFE7BDF92C00BDF930108842EA
:10DDE00037DCFFE743F64660C2F200000088ADF87A
:10DDF0002A00FFE7BDF92A0043F64461C2F20001A0
:10DE0000098888421EDCFFE7BDF92C1040F60400AB
:10DE1000C2F2000000EB0120BDF92A10405CBDF900
:10DE2000282042F20401C2F200018854BDF8280003
:10DE30000130ADF82800FFE7BDF82A000130ADF849
:10DE40002A00D7E7FFE7BDF82C000130ADF82C0021
:10DE5000C1E740F2C070C2F20000806A0D90FFE797
:10DE600043F69800C2F20000007860B1FFE740F28C
:10DE7000C070C2F20000806A0D99401A0B2801D3CD
:10DE8000FFE75FE0ECE743F64660C2F20000039074
:10DE900000789DF8321043F64462C2F20002049208
:10DEA00012789DF83030FFF7F7FE5C2000210591D5
:10DEB00000F04AF840F60040C4F2010000904FF430
:10DEC0008051FEF73BFB00984FF48041FEF73EFB8C
:10DED0000020C4F20200019004210291FEF790F8A4
:10DEE00001980299BDF92820FEF7CEFA019802990F
:10DEF00042F20402C2F20002FEF756FA01980299B9
:10DF0000FEF79AF8039B04990598FF221A8043F6BE
:10DF10004A63C2F200035F221A80088043F6486118
:10DF2000C2F200010880FFE743F60000C4F20000DF
:10DF300000210BF0E5F943F69801C2F2000101203F
:10DF40000870FFE70EB080BD82B080B586B009933F
:10DF500008928DF81700049100208DF80F0008A892
:10DF6000029040F60040C4F201004FF48051FEF7E9
:10DF7000E5FAFFE743F60000C4F2000002210BF0CF
:10DF80002BFA08B9FFE7F5E740F60040C4F20100BC
:10DF90004FF480410022FEF7E1FA9DF8171043F696
:10DFA0000000C4F200000BF0D3F9FFE743F60000D5
:10DFB000C4F2000080210BF00FFA012801D1FFE725
:10DFC000F4E70498002840D0FFE740F60040C4F290
:10DFD00001004FF480410122FEF7C0FA00208DF8C5
:10DFE0000700FFE79DF807000499884220DAFFE761
:10DFF0000298011D029100688DF80F00FFE743F6BB
:10E000000000C4F2000002210BF0E6F908B9FFE7B6
:10E01000F5E79DF80F1043F60000C4F200000BF086
:10E0200097F9FFE79DF8070001308DF80700D9E761
:10E03000FFE743F60000C4F2000080210BF0CCF9AA
:10E04000012801D1FFE7F4E7FFE740F60040C4F202
:10E0500001004FF48051FEF779FA06B0BDE8804028
:10E0600002B0704780B582B08DF80700ADF804109B
:10E070000020ADF8020040F60040C4F201004FF469
:10E080008051FEF75BFAFFE743F60000C4F20000A0
:10E0900002210BF0A1F908B9FFE7F5E740F60040CF
:10E0A000C4F201004FF48041FEF750FA0020ADF8B1
:10E0B0000200FFE7BDF80200BDF8041088421ADA3A
:10E0C000FFE7FFE743F60000C4F2000002210BF077
:10E0D00083F908B9FFE7F5E79DF8071043F600005C
:10E0E000C4F200000BF034F9FFE7BDF80200013084
:10E0F000ADF80200DEE7FFE743F60000C4F20000DF
:10E1000080210BF069F9012801D1FFE7F4E740F61F
:10E110000040C4F201004FF48051FEF717FA02B03C
:10E1200080BD000082B00190009101980099B0FB81
:10E13000F1F0484302B0704780B582B00190009181
:10E140000198009908440138FFF7ECFF02B080BD48
:10E1500080B586B004900391FFE7FFE70498816DD6
:10E16000C06D88423DD2FFE70498C16D406ECA0879
:10E17000805C01F00701C840C00748BBFFE7049975
:10E18000486DCA6DC96E0244B2FBF1F000FB11206C
:10E1900003990860FFE70499C86D0130C8650499C8
:10E1A000086E013808660498816DC06D88420BD2F4
:10E1B000FFE70498C16D406ECA08805C01F007015A
:10E1C000C840C00718B9FFE70020059037E0E2E734
:10E1D0000499C86D0130C8650499086E0138086655
:10E1E000BCE70498006EF8B9FFE70499486DCA6D62
:10E1F000C96E0244B2FBF1F000FB112342F25C4015
:10E20000C0F602006946086043F25540C0F60200BD
:10E2100043F23861C0F602014FF430720BF0C6FED3
:10E220006FF01B0005900AE0049800F047F8029098
:10E23000029818B1FFE70298059000E08DE7059875
:10E2400006B080BD81B000900099C86E086601B02C
:10E250007047000080B582B0019001990020886568
:10E260000199C8650198FFF7EDFF02B080BD00007D
:10E2700084B00390029103980190029801994A6D2D
:10E28000C96E801A4218B2FBF1F000FB1120009019
:10E2900000980199896D88420DD2FFE7009800F03F
:10E2A0000702012101FA02F30199496EC208885C54
:10E2B00018438854FFE7002004B0704780B584B04D
:10E2C00002900299486DCB6DCA6E0344B3FBF2F025
:10E2D00000FB1230486502990020C8650298016E63
:10E2E000806EC06AC00005F079FD029988650299C8
:10E2F000486E896EC96AF1F754FF029A4EF2712195
:10E30000C0F600010123104605F058FA019001986B
:10E3100030B1FFE70298FFF79DFF0198039002E0FC
:10E3200000200390FFE7039804B080BDB0B590B023
:10E33000DDF85CC0DDF858C0DDF854C0DDF850C031
:10E340000E900D910C920B9316980A900020099054
:10E350000890FFE70898179988423ED2FFE7179880
:10E360000899401A082105F039FD09900E980D9979
:10E370000C9A0B9B089C1B1BDDF850C0DDF854E089
:10E380007444099DEE46CEF80C5006ADCEF8085008
:10E39000CEF80440CEF800C000F078F9059005985A
:10E3A00018B1FFE705980F901AE00A980899014400
:10E3B000099A06A8F1F700FF0490049838B1FFE726
:10E3C00004990220002948BF01200F9008E0FFE7D0
:10E3D0000999089808440890BCE700200F90FFE7CF
:10E3E0000F9810B0B0BD0000B0B58EB0DDF854C0CD
:10E3F000DDF850C0DDF84CC0DDF848C00C900B9142
:10E400000A920993002008900790FFE70798149953
:10E41000884234D2FFE714980799401A082105F082
:10E42000DDFC08900C980B990A9A099B079C1B1B12
:10E43000DDF848C0DDF84CE07444089DEE46CEF8A7
:10E440000C5005ADCEF80850CEF80440CEF800C010
:10E4500000F01CF90490049818B1FFE704980D909F
:10E4600010E015980068089A05A900F07DFA159942
:10E470000860FFE70899079808440790C6E700205E
:10E480000D90FFE70D980EB0B0BD000080B584B0D0
:10E49000039002910398806EC268029990470190A0
:10E4A000019804B080BD000010B58CB00A900991AD
:10E4B00008928DF81F30099800680130002859D063
:10E4C000FFE7099800680230002853D0FFE7099859
:10E4D00080680A99896E8969FFF72EFE06900A986E
:10E4E000806ED0F808C0099B19685A68DB68DDF8AF
:10E4F00018E06C46C4F800E0E0470590059818B1B4
:10E50000FFE705980B9038E09DF81F00C00760B347
:10E51000FFE70A98089900F00BFA0A98089A069BF8
:10E52000DDF824C0DCF80010DCF804E0DCF80C4076
:10E53000EC46CCF80C30CCF80840CCF804E0CCF831
:10E5400000100021FFF7F2FE04900498B0F1FF3FA5
:10E5500003DCFFE704980B900FE0049820B1FFE77D
:10E560006FF053000B9008E0FFE70A98099900F05C
:10E57000E9F9FFE700200B90FFE70B980CB010BD06
:10E5800080B588B0DDF834C0DDF830C0DDF82CC0CF
:10E59000DDF828C00690059104928DF80F300C9894
:10E5A0000290FFE70D9800286AD0FFE70A980599C6
:10E5B0000968884255D1FFE70B9805994968884258
:10E5C0004FD3FFE70B9805994968069A926E926AB5
:10E5D0001144884245D2FFE70D980699896E896AF1
:10E5E0000B9B059A5268D21A114405F0F7FB019073
:10E5F00005984268C0680B99891A08440299019AE3
:10E60000F1F7B6FD019902980844029001990B9820
:10E6100008440B9001990D98401A0D900598426896
:10E6200080680B99891A05F0C7FB059988600598E1
:10E6300080680699896E896A884211D1FFE7069839
:10E640000599049A9DF80F3003F00103FFF72CFFA2
:10E650000090009818B1FFE70098079013E0FFE7DB
:10E66000A0E70A98059908600B980699896E896950
:10E67000FFF758FD0599486005990020886091E7EB
:10E6800000200790FFE7079808B080BD10B58AB05A
:10E69000DDF83CC0DDF838C0DDF834C0DDF830C04E
:10E6A00008900791069205930E9804900D980F9983
:10E6B00008440899896EC96988420AD8FFE7089812
:10E6C000C06E50B1FFE70C980899C96E884204D318
:10E6D000FFE76FF05300099000E1FFE70F98002873
:10E6E00000F0F980FFE70F980390079800283ED0CC
:10E6F000FFE70C9807990968884238D1FFE70D9821
:10E70000079A516892681144884230D2FFE70D9809
:10E7100007994968884221D3FFE7039807994A6817
:10E7200089680D9BD21A114405F058FB0390049898
:10E7300007994B68C9680D9AD21A1144039AF1F7E8
:10E7400017FD039904980844049003990D98084410
:10E750000D9003990F98401A0F90BFE703980799FF
:10E7600049680D9A891A05F039FB0390FFE70C9868
:10E7700006990968884238D1FFE70D98069A5168D2
:10E7800092681144884230D2FFE70D980699496893
:10E79000884221D3FFE7039806994A6889680D9B50
:10E7A000D21A114405F01AFB0390049806994B689D
:10E7B000C9680D9AD21A1144039AF1F7D9FC03994A
:10E7C00004980844049003990D9808440D90039907
:10E7D0000F98401A0F9081E70398069949680D9A9F
:10E7E000891A05F0FBFA0390FFE70F980599884214
:10E7F00039D3FFE70D9A0898806E4169B2FBF1F0BA
:10E8000000FB112078BBFFE70F980899896E4969D2
:10E81000884228D3FFE703980899896E4969FFF772
:10E8200081FC03900898806ED0F804C00C990D9A72
:10E83000049BDDF80CE06C46C4F800E0E047029071
:10E84000029818B1FFE70298099047E003990498ED
:10E850000844049003990D9808440D9003990F986B
:10E86000401A0F903AE70C98069908600D9808999D
:10E87000896E4969FFF756FC069948600D9805991D
:10E8800008440899896E4969FFF756FC0899896E12
:10E89000C96905F0A3FA06994968401A0899896E72
:10E8A000896A05F09BFA069988600898806ED0F80E
:10E8B00004C0069B19685A68D3F808E0DB686C4608
:10E8C000C4F800E0E0470190019818B1FFE7019813
:10E8D000099003E002E700200990FFE709980AB0D9
:10E8E00010BD000080B586B00490039102928DF8AF
:10E8F00007300498029900F01BF804980399029AD3
:10E900009DF8073003F00103FFF7CEFD009000985B
:10E9100018B1FFE70098059007E00498806E016940
:10E920008847009000980590FFE7059806B080BDE5
:10E9300082B00190009100994FF0FF30086002B062
:10E940007047000080B582B0019000910098C068C7
:10E950000199896E896AFF22F1F71CFC00994FF03A
:10E96000FF30086002B080BD85B004900391029230
:10E970000398019000200090FFE7009802998842D8
:10E9800022D2FFE7049A01980099405C504000F0C1
:10E990000F0141F62C00C0F6020050F8211081EA68
:10E9A000121104910499019A009BD25C81EA12121F
:10E9B00002F00F0250F8220080EA11100490FFE7E5
:10E9C000009801300090D8E7049805B07047000027
:10E9D00081B00090009890FAA0F0B0FA80F001B0F9
:10E9E00070470000B0B592B0DDF860C0DDF85CC0E3
:10E9F000DDF858C010900F910E920D93FFE710981C
:10EA00000CA9FFF7A5FB0B900B9818B1FFE70B982B
:10EA1000119009E110980C99FFF738FD0B900B98B5
:10EA200040B1FFE70B98543008B9FFE7E4E00B98DA
:10EA30001190F9E0169840B9FFE70C981799086013
:10EA40001899002008601190EEE0169801380A909D
:10EA500010980AA900F06EF909900A9801300A90FE
:10EA60000A981099896EC969884254D0FFE700203E
:10EA70000890FFE708980A99884243D2FFE7109868
:10EA80000E9A0A99DDF820E0A1EB0E030D99EC46F1
:10EA90000124CCF80C400DF11F04CCF80840CCF850
:10EAA00004E0CCF800100021FFF7F0FD0B900B986C
:10EAB00018B1FFE70B981190B6E010980F990E9AD5
:10EAC000DDF830C0089CEE460123CEF80C300DF185
:10EAD0001F05CEF80850CEF80440CEF800C0FFF76E
:10EAE0004FFD0B900B9840B1FFE70B98543008B9DD
:10EAF000FFE781E00B98119096E0FFE7089801305E
:10EB00000890B7E70C98179908600A981899086058
:10EB10000020119088E00998013009900998FFF7CA
:10EB200057FF013006900D98059000200490FFE7F4
:10EB300004980699884255D2FFE7059805F0AAFD8A
:10EB4000059010980F990E9A0C9BDDF810C04FEAB3
:10EB50008C0EEC460424CCF80C4005ACCCF80840F4
:10EB6000CCF804E0CCF800300123FFF709FD0B904E
:10EB7000059804F0DDF905900B9840B1FFE70B987C
:10EB8000543008B9FFE737E00B9811904CE0049837
:10EB900006990139884220D0FFE710980E9A05990E
:10EBA000049B4FEA830EEC460423CCF80C3005ACF2
:10EBB000CCF80840CCF804E0CCF800100021FFF7B6
:10EBC00065FD0B90059804F0B3F905900B9818B10A
:10EBD000FFE70B98119027E0FFE7FFE7049801306B
:10EBE0000490A5E70C98179908600698800018997A
:10EBF00008600020119017E00C9B42F25C40C0F6C8
:10EC000002006946086043F27D40C0F6020043F20C
:10EC10003861C0F6020140F6C4320BF0C7F9109813
:10EC20000F99FFF785FEEAE6119812B0B0BD00001B
:10EC3000B0B590B0DDF85CC0DDF858C0DDF854C068
:10EC4000DDF850C00E900D910C920B93149848B9BA
:10EC5000FFE716994FF0FF30086017990020086011
:10EC60000F9052E00E9814990139099109A900F00A
:10EC700061F80A900E9815A900F05CF80890FFE77B
:10EC80000A980899884237D9FFE70A980899401AE4
:10EC9000013005F03BFB013805900A98FFF798FE1C
:10ECA0000146059805F09AF807900E980D990C9A70
:10ECB000DDF82CC0079B9C00EE460423CEF80C30F8
:10ECC0000BADCEF80850CEF80440CEF800C0FFF7E8
:10ECD000DDFC06900B9804F02BF90B90069818B108
:10ECE000FFE706980F9010E00799012000FA01F164
:10ECF0000A98401A0A90C3E70B981699086015986D
:10ED00001799086000200F90FFE70F9810B0B0BD72
:10ED100080B582B001900198006804F009F901996A
:10ED200008600198406804F003F90199486002B056
:10ED300080BD000080B588B00690059105980068F8
:10ED400004900698806EC06908380390049803996F
:10ED5000B0FBF1F00290029818B9FFE7002007908D
:10ED60001FE0049800900298013805F0B5FB0146B9
:10ED70000098A0EB810008380399B0FBF1F00290F5
:10ED8000049A0399029801FB1021019105F0A4FB5C
:10ED900001460198A0EB8100059908600298079050
:10EDA000FFE7079808B080BD80B582B00190019858
:10EDB000006805F06FFC019908600198406805F053
:10EDC00069FC0199486002B080BD000010B590B0A8
:10EDD000DDF850C0DDF84CC0DDF848C00E900D9154
:10EDE0000C920B93129818B9FFE700200F906AE07D
:10EDF0000E9812990139099109A9FFF79BFF0A9012
:10EE0000FFE7139A14980B9990470890089818B147
:10EE1000FFE708980F9056E00A9818B9FFE700201E
:10EE20000F9050E00A9800F00100C0F10200059038
:10EE30000E980D990C9A059B9B00DDF82CC0EE46B0
:10EE4000CEF80C3006ACCEF808400024CEF80440D2
:10EE5000CEF800C0FFF71AFC0890069804F068F896
:10EE60000690079804F064F80790089818B1FFE737
:10EE700008980F9027E000200490FFE70498059978
:10EE80000139884213DAFFE7139A1498049B06A904
:10EE900051F8231090470890089818B1FFE7089898
:10EEA0000F9010E0FFE7049801300490E6E7059921
:10EEB00006A800EB810050F8040C0B9005990A9805
:10EEC000401A0A909DE70F9810B010BD80B582B02F
:10EED00001900198806E406B28B9FFE70198C068E7
:10EEE00004F018F8FFE70198806E806B28B9FFE7FF
:10EEF0000198C06904F00EF8FFE70198806EC06BBE
:10EF000028B9FFE70198406E04F004F8FFE70020FD
:10EF100002B080BD80B58AB00890079100200690AD
:10EF2000FFE70698012819DCFFE708980799069A79
:10EF3000013202EBD27323F00103D21A01EB8201FA
:10EF4000FFF706F90590059818B1FFE705980990B5
:10EF500051E0FFE7069801300690E2E707980021AC
:10EF60008160089ADDF81CE05EF8080BEC4604238B
:10EF7000CCF80C30CCF808E0CCF80410CCF8000049
:10EF80001046FFF783FB04900798806803F0D0FFDA
:10EF900007998860049838B1FFE70498543018B195
:10EFA000FFE70498099026E00898806E406A0128DF
:10EFB0000DDBFFE7079880680899896E496A01317F
:10EFC00041F00101FFF7B8F807998860FFE707995A
:10EFD0000420C86007984FF0FF310161079A0020B4
:10EFE0009082079A9161079AD1610799887507996C
:10EFF000C8750990FFE709980AB080BD80B588B050
:10F00000069005910492039306980599049A039B30
:10F0100001F0DAFB02900298B0F1FF3F03DCFFE75A
:10F020000298079011E0029860B1FFE7069800216E
:10F0300003F0E8FF0190019818B1FFE701980790ED
:10F0400003E0FFE700200790FFE7079808B080BDC6
:10F0500080B584B0039002910192039800900099CA
:10F0600008684968029A019B00F014F804B080BD5A
:10F0700080B584B0039002910192039800900298A9
:10F0800005F0A8FA024600990868104408600020BC
:10F0900004B080BD80B590B00E900D910C920B9392
:10F0A0000C9805F097FA0A900D990A9A48684969F0
:10F0B0001044884204D9FFE76FF01B000F9073E003
:10F0C0000C9820F000400D998968484005F0DAFA64
:10F0D00009900E980D9909AA042300F0DDF9089013
:10F0E000089818B1FFE708980F905DE09DF833008D
:10F0F000000600280FD4FFE70E980D990B9A0A9B83
:10F10000043B00F0C9F90890089818B1FFE7089887
:10F110000F9049E040E00B98079000200690FFE731
:10F1200006980A990439884235D2FFE70E9A0A9860
:10F13000DDF818C0A0EB0C00031F079908684968A8
:10F140008C4469464FF0010EC1F80CE00DF1170E2A
:10F15000C1F808E0C1F804C0086000211046FFF7BC
:10F1600095FA0890089818B1FFE708980F901BE0EF
:10F170000E980D990DF11702012300F08DF90890FA
:10F18000089818B1FFE708980F900DE0FFE7069880
:10F1900001300690C4E7FFE70C9820F000400D997D
:10F1A000886000200F90FFE70F9810B080BD00002E
:10F1B00010B59AB0189017911798406814301899A4
:10F1C000896EC96904F00AFE1899896E8969FEF78B
:10F1D000B3FF1690002015901490FFE71798406831
:10F1E0001699884280F00881FFE7169817994968B8
:10F1F000401A043840F2FE3104F0F0FD0146179841
:10F20000406808440430139013981699884207D236
:10F21000FFE713981699143904F0E0FD1390FFE707
:10F22000FF208DF84B0013981699884268D3FFE7AA
:10F2300013981899896E8A69C969891A88425FD8B2
:10F24000FFE7189A906E836917980068DDF84CC044
:10F2500069464FF0010EC1F80CE00DF14B0EC1F8FC
:10F2600008E0C1F804C0086000211046FFF70EFA5C
:10F270001190119838B1FFE71198543018B1FFE799
:10F280001198199005E11898806E80690F900FA869
:10F29000041D4FF0FF301090189A906E83691798F4
:10F2A0000068DDF84CC0DDF83CE06946CC60C1F890
:10F2B00008E0C1F804C0086000211046FFF794F888
:10F2C0001190119838B1FFE71198543018B1FFE749
:10F2D00011981990DDE00FA8069002F0D5FC069B6E
:10F2E000189817994FF60842C5F6FF72FFF7D2FE3D
:10F2F0001190119818B1FFE711981990C9E0FFE734
:10F300009DF84B10802020EA01011398179A52684B
:10F31000801A043840EA41304FF60041C5F20F012F
:10F3200008430C900C9817998968484005F0AAF991
:10F330000D901798C0680DA905910422FFF714FBE2
:10F340001799C8601798C06805F0A4F9DDF814E0B3
:10F350000E90189A02F11001179B1868D3F804C098
:10F360006B460824DC60C3F808E0C3F804C01860EA
:10F3700000231046FFF704F90B900B9818B1FFE734
:10F380000B98199085E0159840B9FFE717984068E9
:10F39000043015901798C0681490FFE713981799D8
:10F3A00048600C989DF84B208021914380EA0160D1
:10F3B0001799886017994FF0FF30C8601398169915
:10F3C000884209D2FFE71398189A5169926E926A9F
:10F3D000114488420FD3FFE7189A02F1100100236D
:10F3E0001046FFF77FFA0A900A9818B1FFE70A98CB
:10F3F00019904EE0FFE7F1E61798006909904FF089
:10F40000FF300890189A15990B1D17980068DDF8C1
:10F4100024C0A1EB0C0E694608ACCC60C1F808E032
:10F42000C1F804C0086000211046FEF7DDFF079018
:10F43000079818B1FFE7079819902AE008981499DF
:10F44000884204D0FFE76FF05300199021E0189A2A
:10F4500017980068DDF854C0694608ABCB600423F8
:10F460008B60C1F804C0086000211046FEF7BCFFA5
:10F470000790079818B1FFE70798199009E00898D6
:10F4800020B1FFE76FF05300199002E000201990BF
:10F49000FFE719981AB010BD10B58AB0089007910F
:10F4A00006920593089A02F11001079B1868D3F899
:10F4B00004C0DDF818E0059C6B46DC60C3F808E08A
:10F4C000C3F804C0186000231046FFF759F80490F1
:10F4D000049818B1FFE7049809900FE00798C068F6
:10F4E0000699059AFFF740FA0799C860059A0799A7
:10F4F00048681044486000200990FFE709980AB066
:10F5000010BD000070B5AAB08C46864630982F9981
:10F510002E9CCDF8A0E0CDF89CC026922593ADF8A6
:10F520009210ADF8900000208DF88F002898279950
:10F5300001F028F98DF88E002799886801308860DD
:10F540009DF88E00C00758B1FFE727980021219150
:10F550000121229121A904F0E3FE08B1FFE741E176
:10F56000FFE7279840681B9000201C904FF0FF3168
:10F570001D911E911F901BA814300E902898806E2C
:10F58000C06C28B1FFE72898806EC06C0D9004E035
:10F590002898806EC0690D90FFE70E990D98083885
:10F5A0000860289827994968FEF770FF1A901A9802
:10F5B00040B1FFE71A98543008B9FFE712E11A98F2
:10F5C000299072E12798806805F064F8279988608F
:10F5D0002898279901F108021BA90423FFF75CFF73
:10F5E0001A902798806803F0A3FC279988601A98DE
:10F5F00040B1FFE71A98543008B9FFE7F2E01A98D3
:10F60000299052E128982E99269BDDF894E0BDF8C8
:10F610009220BDF89040554218900DF16C0CCDF839
:10F6200064C0EC46CDF830C018AECCF820604FF284
:10F630005106C0F60006CCF81C602DB2CCF818506C
:10F64000CCF81440CCF810200022CCF80C204FF657
:10F650000044C4F20F04CCF80840CCF804E0CCF825
:10F6600000304FF0FF3301F0F1FF1A901A9840B1CB
:10F67000FFE71A98543008B9FFE7B3E01A982990C9
:10F6800013E12798183004F08BFE28BBFFE727987A
:10F69000183004F0D7FE28982799CA7D02F001039C
:10F6A0004FF60842C6F20F0242EA035201F1180374
:10F6B0001BA9FFF7EFFC1A902798183004F05EFEA4
:10F6C0001A9840B1FFE71A98543008B9FFE789E06B
:10F6D0001A982990E9E0FFE70020179016901590FE
:10F6E0009DF88F00C00768B9FFE7289800F13C013A
:10F6F00015A80B9004F04AFA0B982899303104F0C1
:10F7000045FAFFE7289800F1480115A80A9004F08F
:10F710003DFA0A9A159840F2FF31884315902898CF
:10F72000279900F01FFE1A901A9818B1FFE71A984F
:10F730002990BAE015A804F0E9F9D0B9FFE715A8B7
:10F74000099004F00BFA099B28981BA94FF60C426C
:10F75000C7F6FF72FFF79EFC1A901A9840B1FFE7B8
:10F760001A98543008B9FFE73CE01A9829909CE0B9
:10F77000FFE728981BA9FFF71BFD1A901A9840B1C4
:10F78000FFE71A98543008B9FFE72BE01A98299040
:10F790008BE0279804F048FEBDF89000BDF8921069
:10F7A000401A279988821C982799C8601D98279924
:10F7B0000861289900201290149013901298139ABF
:10F7C000149B0B65CA6488649DF88F00C00740B91C
:10F7D000FFE72899086B4A6B8B6B4B640A64C8631C
:10F7E000FFE75CE001208DF88F00289800F1100100
:10F7F000FFF79EF89DF88E00C007A8B9FFE727988D
:10F80000436842F25C40C0F602006946086043F279
:10F810007D40C0F6020043F23861C0F6020140F6B6
:10F8200034020AF0C3FBFFE7279800211091012161
:10F83000119110A904F074FDC0B9FFE7279843683F
:10F8400042F25C40C0F602006946086043F29B3019
:10F85000C0F6020043F23861C0F6020140F63A02F7
:10F860000AF0A4FB6FF01B0029901EE0289827994E
:10F870000431FEF76DFC0F900F9860B1FFE70F9811
:10F880001C3028B9FFE79DF88E00C00718B9FFE7C4
:10F890000F98299009E000208DF88E0061E69DF810
:10F8A0008F0000F001002990FFE729982AB070BD71
:10F8B00080B588B007900691059207980699059A39
:10F8C000EC460023CCF80C30CCF80830CCF80430EF
:10F8D0004FF0FF33CCF8003000F002F808B080BDE4
:10F8E00010B5B0B0DDF8D4C0DDF8D0C0DDF8CCC0C4
:10F8F000DDF8C8C02E902D912C922B934FF0FF3045
:10F900002A902E98C06E90B1FFE72C9800682E992F
:10F91000C96E884207D2FFE72C9840682E99C96EBD
:10F92000884204D3FFE76FF053002F906EE300206E
:10F930002990289027902690FFE7269801284ADCF6
:10F94000FFE72E9A2C98269B50F8230028A91091A7
:10F9500001EB8301EC460423CCF80C30CCF8081002
:10F960000021CCF80410CCF800001046FEF78EFE03
:10F97000014610982591269950F8210003F0D8FAF5
:10F980001099269A41F82200259838B1FFE725986A
:10F99000543018B1FFE725982F9037E3259854305D
:10F9A000A0B1FFE7269A28A951F82200013202EB04
:10F9B000D27323F00103D21A51F8221004F0A6FDED
:10F9C000012803DBFFE726982790FFE7FFE726984B
:10F9D00001302690B1E72C98279901EBD17222F0E3
:10F9E0000102891A50F821002D9908602C98279956
:10F9F000013101EBD17222F00102891A50F8210085
:10FA00002D994860279800EBD07121F00101411A2F
:10FA100028A850F821002D9988602D990020C860F1
:10FA20002490FFE72498012800F3D682FFE7002006
:10FA300023904FF0FF310F912291ADF88600209175
:10FA40001F918DF87B002A991D918DF873008DF818
:10FA500072002D98806804F01DFE01460F982D9AC3
:10FA600091602D9908310422FEF77EFF19902D98A0
:10FA7000806803F05DFA2D998860FFE7229804F012
:10FA8000A9FD01462398084423902E9A906EC369DD
:10FA90002D980068DDF88CC069464FF0040EC1F85F
:10FAA0000CE00DF1600EC1F808E0C1F804C0086078
:10FAB00000211046FEF7EAFD1790179840B1FFE7C6
:10FAC0001798543008B9FFE7D4E117982F909DE2BA
:10FAD000199818A90422FEF747FF1990189803F007
:10FAE00021FA229948401890189804F097FD58B9C7
:10FAF000FFE7229804F0B6FDA0F5A060B0FA80F010
:10FB000040098DF87300B5E123980E90189804F021
:10FB100061FD01460E9808442E99896EC969884294
:10FB200001D9FFE7A6E1FFE718982290189804F0A2
:10FB300099FDB0F5A06F61D1FFE72E9A906EC36971
:10FB40002D980068239901F1040C69464FF0040ECA
:10FB5000C1F80CE00DF1580EC1F808E0C1F804C07E
:10FB6000086000211046FEF791FD1790179840B1EC
:10FB7000FFE71798543008B9FFE77BE117982F90FB
:10FB800044E2169803F0D4F9169019981699884211
:10FB900001D0FFE76EE1189804F014FD01462298A9
:10FBA00080EAC17022902E98C06A19A90422FEF73B
:10FBB000DBFE2E99C8621D982A9023980D90189804
:10FBC00004F008FD01460D9808442D99C86022985C
:10FBD0002D990861BDF886002D9988821F982D996E
:10FBE000886120982D99C8619DF87B002D9900F0BF
:10FBF0000100C8754FF0FF3019903FE72E980A902A
:10FC0000806EC0690B902D9800680C90239804308A
:10FC10000990189804F0DEFCDDF824C00A9A0B9BCA
:10FC200001460C98A1F1040E694619ACCC60C1F8EC
:10FC300008E0C1F804C0086000211046FEF7D4FBBC
:10FC40001790179840B1FFE71798543008B9FFE7AD
:10FC500010E117982F90D9E1189804F0FBFC80B9B7
:10FC6000FFE7189804F0C6FCBDF88610884207DB51
:10FC7000FFE7189804F0BEFC0130ADF88600FFE7FE
:10FC8000A9E0189804F0E6FCB0F5806F37D1FFE7E3
:10FC9000189804F0D5FC0146BDF886000844ADF87C
:10FCA000860018981D994FF60042C0F20F021140CD
:10FCB0000022C4F6F0721143884205D1FFE71D9877
:10FCC00040F000401D9019E01D980130A8B1FFE7F9
:10FCD000189804F08FFC08901D9804F08BFC0146E6
:10FCE0000898884209DCFFE7189804F0A9FC01464F
:10FCF0001D9800EB81201D90FFE7FFE76AE0189850
:10FD000004F0A8FCB0F5C06F2FD1FFE7189804F0FD
:10FD100059FC00F001008DF87B002E9A906EC369AB
:10FD20002D980068239901F1040C69464FF0080EE4
:10FD3000C1F80CE00DF17C0EC1F808E0C1F804C078
:10FD4000086000211046FEF7A1FC1790179840B1FB
:10FD5000FFE71798543008B9FFE78BE017982F900A
:10FD600054E11FA804F00AFB33E0189804F082FC69
:10FD700040F2FF5188422BD1FFE72E9A906EC36963
:10FD80002D980068239901F1040C69464FF0080E84
:10FD9000C1F80CE00DF1680EC1F808E0C1F804C02C
:10FDA000086000211046FEF771FC1790179840B1CB
:10FDB000FFE71798543008B9FFE75BE017982F90DA
:10FDC00024E11AA801F04EFF01208DF87200FFE730
:10FDD000FFE7FFE7FFE72B9918980840329A114098
:10FDE000884246D1FFE7349B359818992D9A1268BE
:10FDF0001392239A0432149213AA984715901598D7
:10FE0000B0F1FF3F08DCFFE71598543008B9FFE771
:10FE100030E015982F90F9E0159818B9FFE7189879
:10FE20001D9025E018984FF60042C7F6FF7210406B
:10FE30001D991140884204D1FFE74FF0FF301D901B
:10FE400015E01598022811D1FFE7189804F0D2FBAD
:10FE500007901D9804F0CEFB01460798884205DC08
:10FE6000FFE7189840F000401D90FFE7FFE7FFE72D
:10FE7000FFE703E62D98C06880B9FFE72D9804F0EE
:10FE8000D3FA2798013000EBD07121F00101411A1B
:10FE900028A850F821002D99886099E02D9900201C
:10FEA00088759DF87300C007E8B3FFE72D98C26816
:10FEB0002E98806E8169B2FBF1F000FB112090BB9F
:10FEC000FFE79DF87200C00760B3FFE74FF0FF3017
:10FED00012902E9A906EC3692D990868D1F80CC0C3
:10FEE000DDF868E0694612ACCC60C1F808E0C1F802
:10FEF00004C0086000211046FEF776FA11901198B0
:10FF000038B1FFE71198543018B1FFE711982F90DE
:10FF10007CE012981B99401AB0FA80F040092D99A4
:10FF20008875FFE7FFE72E983C302D9903F0C6FD5A
:10FF300050B3FFE72E98C06B04F05CFB06902A9844
:10FF400004F058FB01460698884205D1FFE72A983D
:10FF500040F000402A9016E02A98013090B1FFE767
:10FF60002E98C06B04F046FB05902A9804F042FBE3
:10FF700001460598884205DAFFE72A98A0F58060D7
:10FF80002A90FFE7FFE7FFE7339850B1FFE72A9891
:10FF900004F030FB2D99898A03F020FF3399088003
:10FFA000FFE72A9804F03AFB18B1FFE72A982F9050
:10FFB0002CE02A9804F01EFB2D99898A884204DAE5
:10FFC000FFE76FF001002F9020E000202F901DE050
:10FFD00024980130249025E52D980368406842F26A
:10FFE0005C42C0F6020269464A60086043F2D6509D
:10FFF000C0F6020043F23861C0F6020140F26752D7
:020000040801F1
:1000000009F0D4FF6FF053002F90FFE72F9830B026
:1000100010BD000010B596B0149013911292119378
:100020001298006810904FF60040C0F22F000F9019
:100030001498006A139988611498406A1399C861EA
:100040001098007820B9FFE76FF0150015900CE1CB
:10005000FFE7FFE70F9804F00DFB02280CD1FFE744
:10006000109842F2E701C0F60201F0F7B2F801463B
:10007000109808441090FFE7109842F2E701C0F68C
:100080000201F0F7B4F80E900E9801280FD1FFE7A7
:10009000109842F65801C0F602010122F0F78CF8E0
:1000A00028B9FFE70E99109808441090D2E70E98EF
:1000B00002280BD1FFE71098008842F62E61884293
:1000C00004D1FFE76FF015001590CEE010980E995F
:1000D00008440D9001200B90FFE70D9842F2E701D4
:1000E000C0F602010691F0F774F8069902460D98E1
:1000F00010440D900D98F0F77AF80C900C9808B910
:10010000FFE72FE00C9801280BD1FFE70D9842F68E
:100110005801C0F602010122F0F74EF808B9FFE7D6
:100120001BE00C98022813D1FFE70D98008842F6D7
:100130002E6188420CD1FFE70B9801380B900B9889
:1001400028B9FFE70D980C990844109082E703E066
:100150000B9801300B90FFE7FFE70C990D980844CE
:100160000D90BAE71098007818B9FFE70F9815902E
:100170007BE01098129908600F9804F07BFA02282F
:1001800004D0FFE76FF0130015906EE00F9804F0B5
:1001900031FA40F2FF31884228D0FFE714980590E9
:1001A000139804900F9804F025FA049903460598D3
:1001B0000822C2F2000242EA8323139A1832EC4664
:1001C000CCF800204FF60042C7F20F0200F0A2F870
:1001D0000A900A98B0F1FF3F03DCFFE70A981590F8
:1001E00043E01398183004F0C9F8FFE7FFE71498CC
:1001F000139901F118020E9BDDF844E00790DDF839
:1002000040C0CDF820C0DDF838C0CDF824C0EC46A1
:1002100007ACCCF80C4040F27124C0F60104CCF8D5
:100220000840CCF804E0CCF800304FF0F043FFF782
:1002300057FB0F900F98B0F1FF3F03DCFFE70F98DB
:10024000159012E00F9808B1FFE709E01398C07D00
:10025000C00720B9FFE76FF00100159005E0C6E781
:100260000E99109808441090F3E6159816B010BD3A
:1002700080B590B00E900D910C920E980B900B984B
:1002800000680A900C9809900B98806806900D9869
:1002900004F0CEF90146069803F0A0FD08900A9AF2
:1002A000089B09990868D1F804C00B99D1F804E0BB
:1002B0006946CB60C1F808E0C1F804C008600021BD
:1002C0001046FEF733F80790079818B1FFE7079834
:1002D0000F901BE00B98806805900D9804F0A8F92A
:1002E0000146059888420ED0FFE70B98806804907D
:1002F0000D9804F09DF9049902460220914238BFFE
:1003000001200F9002E000200F90FFE70F9810B03F
:1003100080BD000010B58CB0DDF838C00B900A919C
:10032000099208930B9807900A98049009980590F1
:10033000089806900E99039104F07AF9DDF80CC044
:100340000499059A069B04460798EE46CEF80840A5
:10035000CEF804C04FF0000CCEF800C000F012F947
:100360000CB010BD80B58AB008900791069208982D
:1003700007996B4603AA1A600022C7F6F0720C2395
:10038000C7F6F073FFF7C6FF02900298B0F1FF3F87
:1003900007DCFFE70298023018B1FFE702980990E6
:1003A0000FE00298023048B1FFE703A8019003F084
:1003B00057FB0199069803F0E9FBFFE7002009903D
:1003C000FFE709980AB080BDB0B58CB0DDF854C025
:1003D000DDF850C0DDF84CC0DDF848C0DDF844C0A1
:1003E000DDF840C00A90099108920793149806908E
:1003F0001398159908440A99896EC969884204D9E5
:10040000FFE76FF053000B90B9E0FFE71598002865
:1004100000F0B280FFE7159805900898E8B3FFE771
:10042000089800680230C0BBFFE71398089A51682B
:1004300092681144884230D2FFE7139808994968BE
:10044000884221D3FFE7059808994A688968139B79
:10045000D21A114403F0C2FC0590069808994B6823
:10046000C968139AD21A1144059AEFF781FE0599CB
:100470000698084406900599139808441390059926
:100480001598401A1590C1E7059808994968139A7C
:10049000891A03F0A3FC0590FFE707980068023073
:1004A00080BBFFE71398079A51689268114488420D
:1004B00028D2FFE7139807994968884221D3FFE7BC
:1004C000059807994A688968139BD21A114403F06A
:1004D00085FC0590069807994B68C968139AD21A4B
:1004E0001144059AEFF744FE0599069808440690D2
:1004F000059913980844139005991598401A15907A
:1005000084E7FFE707996FF00100086013980A99E4
:10051000896E4969FDF706FE07994860139810999E
:1005200008440A99896E4969FDF706FE0A99896EA1
:10053000896A03F053FC079988600A980999119A0F
:10054000129BDDF81CE0DEF804C0DEF80850DEF88F
:100550000C40EE46CEF80850CEF80440CEF800C06D
:1005600000F010F804900498B0F1FF3F03DCFFE7BF
:1005700004980B9003E049E700200B90FFE70B98ED
:100580000CB0B0BD80B594B0DDF860C0DDF85CC0E3
:10059000DDF858C01290119110920F931198C06815
:1005A0000E90119800690D9000200C9012983C302C
:1005B000119903F083FA50B3FFE7109804F01AF88A
:1005C00028B3FFE71298C06B04F014F808900F9856
:1005D00004F010F801460898884204D1FFE76FF054
:1005E00001001390CBE01298C06B04F003F8079061
:1005F0000F9803F0FFFF01460798884205DAFFE7EE
:100600000C98A0F580600C90FFE7FFE7FFE7FFE79D
:100610000E9806900D9803F0DDFF01460698043110
:100620008842C0F0A880FFE70D9803F0D3FF014691
:100630000E98401A0E900D980B90129A119800681F
:10064000DDF838C069460423CB600DF1340EC1F8E3
:1006500008E0C1F804C0086000211046FEF716F853
:100660000A900A9818B1FFE70A98139087E00D984E
:1006700002F058FC0B99484020F000400D90109873
:1006800003F0B8FF90B3FFE70B9803F0E3FFB0F57A
:10069000806F2BD1FFE70B9803F0ACFF05900F980C
:1006A0000C99401A03F0A6FF0146059888421DDC0C
:1006B000FFE70B980F990C9A891A4FF60042C0F287
:1006C0000F0211400022C4F210021143884204D1EB
:1006D000FFE76FF00100139051E00B9803F0B0FFBB
:1006E00001460C9800EB81200C90FFE710990B98C5
:1006F00008400F9A0C9BD21A114088423AD1FFE76A
:100700000B9803F07FFF20B1FFE76FF0010013901B
:1007100035E00B9803F08CFF189903F05FFB09900C
:10072000129A099B119800680E99DDF858C061442F
:1007300001F1040CDDF85CE06946CB60C1F808E02B
:10074000C1F804C0086000211046FDF79FFF0A9021
:100750000A9818B1FFE70A98139010E01798099AC1
:1007600010441899891AEFF71CFD0B980C9908444E
:10077000139004E04CE76FF001001390FFE713982B
:1007800014B080BD83B0029001910298806E416ADE
:1007900000200129009012DBFFE701988068421CCD
:1007A0000298806E406A013040F00101B2FBF1F026
:1007B00000FB1120B0FA80F040090090FFE700989C
:1007C00000F0010003B0704710B5C2B040903F91F7
:1007D0003E923D934098806A3C90FFE73C98E8B396
:1007E000FFE73F983C990831884232D0FFE73C98B8
:1007F00008303F9903F094FD58BBFFE73C9880799F
:10080000012826D1FFE73C9890F83200C006002866
:100810001FD5FFE73C98C06A4099896E896A884273
:1008200017D9FFE740983C9901F070FF3B903B9847
:1008300018B1FFE73B984190BBE240983C9901F02A
:1008400067FA3B903B9818B1FFE73B984190B0E2C4
:10085000FFE7FFE73C9800683C90BFE73F980068DF
:1008600039903F9840683A903F99129108684A68D9
:100870008B68D1F80CC0D1F810E04C693694CDF8F3
:10088000D4E0CDF8D0C03393329231908869C969F1
:100890003891379040983F9A3E9B3D99EC460DF138
:1008A000A40ECCF804E0CCF8001031A900F084FAD2
:1008B00028902898B0F1FF3F03DCFFE7289841908B
:1008C00077E23F9839A903F02BFDB8B9FFE73F99CC
:1008D00011913198329A339BDDF8D0C0DDF8D4E025
:1008E000369C4C61C1F810E0C1F80CC08B604A60C6
:1008F00008603798389ACA618861FFE7289802280B
:1009000050D1FFE740983F9900F14802FFF72AFDD8
:100910002790279818B1FFE72798419049E2299836
:1009200039902A983A903F98183003F08BFD409800
:100930003F99C97D01F001024FF60841C6F20F014F
:1009400041EA025125913F99183126916A460021CA
:1009500051600121116029A939AA25AB00F02CFAB8
:1009600028903F98183003F009FD2898B0F1FF3F18
:1009700003DCFFE7289841901BE229982A992B9ADB
:100980002C9BDDF8B4C0DDF8B8E0CDF8D8E0CDF8A8
:10099000D4C034933392329131902F98309938915A
:1009A0003790FFE700208DF89300FFE72898012893
:1009B00040F0F681FFE7399B3A98319ADDF8C8C0DC
:1009C00042F25C4EC0F6020E6946C1F80CE0C1F876
:1009D00008C04A60086043F20150C0F6020043F2CA
:1009E0003861C0F6020140F6AC1209F0DFFA0020CF
:1009F0002890409800F1200139A803F091FC38B903
:100A0000FFE7319840990862329840994862FFE7C1
:100A10004098806A2390FFE7239840B3FFE723982C
:100A200000F1080139A803F07BFC38B9FFE73198E1
:100A30002399886032982399C860FFE723988079CA
:100A400002280FD1FFE7239800F12C0139A803F009
:100A500067FC38B9FFE731982399C8623298239927
:100A60000863FFE7FFE7239800682390D4E74098E6
:100A700039A929AA02F028FD22902298B0F1FF3F5F
:100A800007DCFFE72298023018B1FFE72298419077
:100A90008FE122986FF00101401A18BF01208DF8F4
:100AA000870022980230002800F0B680FFE74098C7
:100AB000012102F02FFE2090209818B1FFE7209826
:100AC000419076E140F2FF30ADF87E004098303042
:100AD00029A902F0F3FFB0B3FFE74098006B03F0E1
:100AE00089FDADF87E00299B2A98BDF87E2042F250
:100AF0005C4CC0F6020C6946C1F808C04A60086048
:100B000043F2C210C0F6020043F23861C0F602019F
:100B100040F6D91209F04AFA409840F2FF3100221B
:100B200002F0B2FDBDF87E001090229803F062FD45
:100B300001461098884205DAFFE72298A0F5806008
:100B40002290FFE7FFE729981D902A981E9031A870
:100B500003F078FC40980C901DA80D9019A8014650
:100B60000E910F90BDF87E0040F2FF31884209D00F
:100B7000FFE7BDF87E100020C4F6F07040EA812047
:100B80000B9002E000200B90FFE70D9A0C98DDF827
:100B900038C00F9B0B9919600021CCF80410229BE0
:100BA000CCF8083031AB0A93CCF80C306B46596066
:100BB0000221196029A919AB00F0FEF801460A9834
:100BC000289103F0DBFB2898B0F1FF3F03DCFFE73F
:100BD00028984190EDE0289801281CD1FFE71D9846
:100BE00039901E983A9029982A992B9A2C9BDDF8D7
:100BF000B4C0DDF8B8E0CDF8D8E0CDF8D4C0349377
:100C00003392329131902F9830993891379001205A
:100C10008DF89300CAE6FFE7409839A929AA02F0A7
:100C2000EDFC1890189838B1FFE71898023018B109
:100C3000FFE718984190BCE018980230002800F0B7
:100C4000AE80FFE74098303002F054FF80B1FFE7FC
:100C500040989DF8871001F00101494202F05AFDC9
:100C60001890189818B1FFE718984190A1E0FFE795
:100C700040F2FF30ADF85E004098303029A902F014
:100C80001DFF30B3FFE74098006B03F0B3FCADF8F5
:100C90005E00299B2A98BDF85E2042F25C4CC0F6AB
:100CA000020C6946C1F808C04A60086043F2C210ED
:100CB000C0F6020043F23861C0F6020140F60D2290
:100CC00009F074F9409840F2FF31002202F0DCFC98
:100CD000FFE7299839902A983A9031A803F0B2FB9F
:100CE0004098069039A8079013A8014608910990EA
:100CF000BDF85E0040F2FF31884209D0FFE7BDF841
:100D00005E100020C4F6F07040EA8120059002E0F9
:100D100000200590FFE7079A0698DDF820C0099BA0
:100D2000059919600021CCF804109DF8BB3003F040
:100D3000010E4FF60843C6F20F0343EA0E53CCF8F8
:100D4000083031AB0493CCF80C306B46596002216B
:100D5000196029A913AB00F02FF8014604982891D7
:100D600003F00CFB2898B0F1FF3F03DCFFE7289865
:100D700041901EE029982A992B9A2C9BDDF8B4C04B
:100D8000DDF8B8E0CDF8D8E0CDF8D4C03493339294
:100D9000329131902F98309938913790FFE705E6DE
:100DA0009DF8930000F00100002818BF0320419037
:100DB000FFE7419842B010BDB0B5B2B0DDF8DCC07D
:100DC000DDF8D8C030902F912E922D9300202C90DA
:100DD0008DF8AF002A90FFE72A983699884253DAB7
:100DE000FFE72D982A9950F8310003F043FC40F2B8
:100DF0000141884205D1FFE72F99888A0130888216
:100E00003DE02D982A9950F8310003F033FC40F270
:100E1000FF41884208D1FFE72F99888A01388882EC
:100E200001208DF8AF0029E02D982A9950F8310063
:100E300003F010FCB0F5C06F1FD1FFE72D982A9981
:100E400000EBC100406800682F9988612D982A99AD
:100E500000EBC100406840682F99C8612D982A991D
:100E600050F8310003F0AEFB2F9900F00100C87577
:100E70002F98183003F082FAFFE7FFE7FFE7FFE75C
:100E80002A9801302A90A7E79DF8AF00C00708B361
:100E9000FFE72F98808AE8B9FFE730982F99379AB3
:100EA00002F0ACFB2990299838B1FFE7299802306D
:100EB00018B1FFE72998319009E22998023040B132
:100EC000FFE73798C07DC00718B1FFE702202C90DC
:100ED0000AE1FFE72F98807DC007002800F0E3803B
:100EE000FFE72F98808AFE2800F3DD80FFE72F9828
:100EF000006823902F98C06824902F98006925904F
:100F00004FF0FF3026902F98C068279023A8143008
:100F100014903098806EC06C28B1FFE73098806ED6
:100F2000C06C139004E03098806EC0691390FFE7A6
:100F300014991398083808602F98183003F082FA33
:100F400030982F99CA680B69DDF8B4C0369C2090A0
:100F50000DF18C0ECDF884E0EE46CDF848E020ADE2
:100F6000CEF820504FF25105C0F60005CEF81C50C7
:100F70000025CEF81850CEF81450CEF81050CEF808
:100F80000C50CEF80850CEF80440CEF800C000F067
:100F90005DFB22902F98183003F0F0F9229860B191
:100FA000FFE722981C3020B1FFE72298543008B99F
:100FB000FFE779E02298319089E100201F901E9090
:100FC0001D90309800F130011DA8119002F0DEFD57
:100FD000119830993C3102F0D9FD1198309948317F
:100FE00002F0D4FD11981D9940F2FF3291431D91FA
:100FF00002F08CFD50BBFFE730982F991DAAFFF738
:10100000B1F92290229818B1FFE7229831905EE161
:101010001DA8109002F0A2FD109B309823A94FF656
:101020000C42C7F6FF72FEF735F82290229860B1A5
:10103000FFE722981C3020B1FFE72298543008B90E
:10104000FFE731E02298319041E1FFE7309823A992
:10105000FEF7AEF82290229860B1FFE722981C308C
:1010600020B1FFE72298543008B9FFE71CE022982E
:1010700031902CE124982F99C86025982F99086108
:101080003099086B4A6B8B6B4B640A64C863309968
:1010900000201A901C901B901A981B9A1C9B0B65A1
:1010A000CA64886420E0FFE7309800F11001FDF782
:1010B0003FFC30982F992D9A369BB1F814E0EC46FE
:1010C000CCF808E04FF0000ECCF804E0CCF80010AB
:1010D00000F064F92C902C98B0F1FF3F03DCFFE79F
:1010E0002C983190F3E0FFE72E98006818902E9826
:1010F000406819903098806A1790FFE71798002889
:1011000000F0E280FFE71798083018A903F008F90B
:10111000002840F0D480FFE717990E912F9A0F9284
:1011200010685368D2F808C0D2F80CE01469556909
:10113000CD618C61C1F814E0C1F810C0CB6088604B
:101140009069D2694A620862179808302E998842DD
:1011500000F08680FFE700201690FFE7169836998A
:1011600088427CDAFFE72D98169950F8310003F099
:1011700081FA40F2FF4188421AD1FFE71798808830
:101180000D902D98169950F8310003F033FA01466E
:101190000D9888420CD1FFE717988079022807D074
:1011A000FFE717994FF0FF3088601799C86051E04A
:1011B0002D98169950F8310003F05CFA40F2FF4187
:1011C00088421DD1FFE7179880880C902D981699BA
:1011D00050F8310003F00EFA01460C9888420FDDFA
:1011E000FFE7179988880138888017988079022846
:1011F00005D1FFE71799886A01388862FFE728E080
:101200002D98169950F8310003F034FA40F201415C
:1012100088421DD1FFE7179880880B902D9816996A
:1012200050F8310003F0E6F901460B9888420FDBD5
:10123000FFE71799888801308880179880790228FD
:1012400005D1FFE71799886A01308862FFE7FFE759
:10125000FFE7FFE7FFE71698013016907EE7FFE70C
:10126000FFE717988188828B002091420A9004DB67
:10127000FFE71798C07F0A90FFE70A98C007E8B118
:10128000FFE7179820303099203103F049F830B14A
:10129000FFE717998A8B8888801A8880FFE7309843
:1012A000179A02F108012032FEF702FB15901598FB
:1012B00018B1FFE71598319009E0D2E7FFE7FFE7A3
:1012C00017980068179019E72C983190FFE731982C
:1012D00032B0B0BD10B594B08C46864618981799B8
:1012E000169CCDF848E0CDF844C010920F93ADF8AD
:1012F0003A10ADF83800129806A9FDF70BFE0590DC
:10130000059818B1FFE70598139044E01198C07D47
:1013100000F001008DF82F00119880690C90119851
:10132000C0690D901298109A0F9B1699BDF83AE07B
:10133000BDF83840EC46CCF80840CCF804E0CCF8D6
:10134000001006A9FEF7DEF804900498B0F1FF3F04
:1013500003DCFFE7049813901DE00698119988615B
:1013600007981199C86111990120C87511981299AF
:10137000203102F0D5FF58B9FFE7BDF83A0038B97F
:10138000FFE7069812990862079812994862FFE7EA
:1013900000201390FFE7139814B010BDF0B59DB076
:1013A0008C46864624982399229CCDF86CE0CDF893
:1013B00068C019921893ADF85E10ADF85C00FFE7B5
:1013C000BDF85E001690FFE7BDF85C001699401A64
:1013D00002286CD3FFE7002215921B982299199BD3
:1013E000DDF860E0169CBDF85C506642EC46CDF836
:1013F00034C015AFCCF820704FF27107C0F600076B
:10140000CCF81C7036B2CCF81860CCF81450A4B2EA
:10141000CCF81040CCF80C204FF60044C4F20F0476
:10142000CCF80840CCF804E0CCF800304FF0FF33A3
:1014300000F00CF91490149818B1FFE714981C9060
:1014400000E11B98806EC06C28B1FFE71B98806E8E
:10145000C06C0C9004E01B98806EC0690C90FFE794
:101460000C981390BDF85C001699401AFE2816D807
:10147000FFE715980B901398A0F128010A914008F6
:101480001B99896E8969FCF757FE01460A9802F09C
:10149000A5FC01460B98884201D8FFE707E01698A3
:1014A000BDF85C10091A00EB510016908CE71698F5
:1014B000BDF85E10884201D1FFE73CE01B981A9905
:1014C000199A189BDDF888C0BDF85840BDF85C50EB
:1014D000EE46CEF80850CEF80440CEF800C0FFF734
:1014E000F9FE1290129838B1FFE712981C3018B12B
:1014F000FFE712981C90A5E01298B8B1FFE71A9880
:101500000368406842F25C42C0F6020269464A60E3
:10151000086043F20960C0F6020043F23861C0F689
:10152000020140F68E0208F041FD04E01698ADF885
:101530005C00FFE744E71B981A99FFF723F900289E
:101540006BD0FFE71A98002110910121119110A989
:1015500002F0E6FE002860D1FFE71B9802F008F9D0
:101560000F900F98B0F1FF3F03DCFFE70F981C903E
:1015700068E01B98C16E0F98081AB0EBD10F4BD9D9
:10158000FFE71A98836842F25C40C0F602006946A1
:10159000086043F22640C0F6020043F23861C0F60C
:1015A000020140F6A30208F001FD1B981A99199A4E
:1015B000189BDDF888C0BDF85E40BDF85C50EE4673
:1015C000CEF80850CEF80440CEF800C0FFF782FEF7
:1015D0000E900E9838B1FFE70E981C3018B1FFE757
:1015E0000E981C902EE00E9888B1FFE743F2D030A1
:1015F000C0F6020043F23861C0F6020142F25C43D9
:10160000C0F6020340F6AD0208F0D0FC03E0012072
:10161000ADF85C00FFE7FFE7FFE71B981A99199AFE
:10162000189BDDF888C0BDF85E40BDF85C50EE4602
:10163000CEF80850CEF80440CEF800C0FDF762FFA7
:101640001C90FFE71C981DB0F0BD000070B5DCB029
:1016500094468E4604466898679866986599649A99
:10166000639D629D619D609D5A94CDF864E1CDF8C3
:1016700060C15793ADF85A21ADF85811ADF8560135
:101680000020369032903190FFE758980D9057988F
:1016900002F0A0FF01460D9808445999C968884294
:1016A00034D2FFE7579802F095FF01465898084456
:1016B00058905A9A59980068DDF860C16946042329
:1016C000CB600DF1D00EC1F808E0C1F804C008608D
:1016D00000211046FCF7DAFF3090309818B1FFE790
:1016E00030985B9056E2349801F01CFC57994840C2
:1016F00040F0004034905998006831905898043078
:10170000329031A833903498579014E061980128B2
:101710000DDBFFE760980068349060984068339074
:1017200060980830609061980138619002E0002074
:101730003590A3E1FFE70020C7F6F0702F902F98B7
:101740006299014034980840639A1140884201D060
:10175000FFE79AE7629802F04DFF00286FD0FFE79D
:101760003698C0EB001637A800EB86020C92599908
:1017700020915899219157992291609923916199CB
:1017800024916299259163992691BDF85A11ADF87B
:101790009C10BDF85811ADF89E10BDF85611ADF86B
:1017A000A0106799299168992A9134992B913399BE
:1017B0002C913199329B2E932D91DDF890E0259C50
:1017C000209D2199229BDDF88CC040F82650546161
:1017D000C2F810E0C2F80CC0936051602699279BB4
:1017E000DDF8A0C0DDF8A4E02A9C2B9DD5629462B0
:1017F000C2F824E0C2F820C0D36191612C992D9BDE
:10180000DDF8B8C0C2F838C05363116336990131AE
:101810003691002162916391ADF85A11ADF85811DB
:10182000ADF8561141F69D31C0F601016791369928
:10183000C1EB011100EB81001038689025E7FFE74C
:10184000629802F0D7FE88B1FFE7349802F0D2FE2A
:10185000BDF85A11884208DBFFE7349802F0CAFE4F
:10186000BDF85811884201DBFFE70EE7349802F01B
:1018700001FF08B9FFE700E1349802F0FBFE40F2F7
:101880000111884240F08F80FFE7679841F69D3153
:10189000C0F60101884201D1FFE7F6E63698C0EBB9
:1018A000001637AD05EB86010A91599811905898AA
:1018B00012905798139060981490619815906298C0
:1018C000169063981790BDF85A01ADF86000BDF806
:1018D0005801ADF86200BDF85601ADF86400679894
:1018E0001A9068981B9000200B901C901D901F90E0
:1018F0001E90DDF854C0DDF858E0119C1298139A40
:10190000149B45F82640C1F814E0C1F810C0CB6024
:101910008A6048601798189A199BDDF868C0DDF84E
:101920006CE01C9CCC62C1F828E0C1F824C00B62BA
:10193000CA6188611D981E9A1F9B8B634A63086366
:10194000369801303690349802F072FEADF84200BD
:10195000349802F04FFE01460B98ADF840103399D1
:10196000599158904FF0FF315791609061904FF628
:101970000040C6F20F0062904FF000506390BDF837
:101980004200ADF85A01BDF842000130ADF85801EF
:10199000BDF84000BDF84210401ABDF85611084489
:1019A000ADF8560168E0349802F064FEB0F5817F2E
:1019B0004AD1FFE700200F90FFE70F980990349875
:1019C00002F036FE0146099888423CD2FFE7339880
:1019D0000E9067980790689808900E980F9901EB01
:1019E000410110F8210000050690349802F002FE33
:1019F0000699079B02460898BDF956C1624441EA20
:101A000082210E9ADDF83CC00CEB4C0C02EB8C0CE6
:101A1000DCF80420DCF808C041EA0C0141F0405138
:101A2000984735903598B0F1FF3F03DCFFE73598D4
:101A30005B90AFE0359808B1FFE704E0FFE70F984F
:101A400001300F90B9E716E0679B68983499BDF9AB
:101A5000562101EB8221339A984735903598B0F1A1
:101A6000FF3F03DCFFE735985B9093E0359808B1C2
:101A7000FFE703E0FFE7FFE7FFE706E63698002809
:101A800000F08580FFE73698C0EB001137A805907D
:101A900000EB810151F83C1C59913699C1EB0111C1
:101AA00000EB810151F8381C58913699C1EB0111B6
:101AB00000EB810151F8341C57913699C1EB0111AB
:101AC00000EB810151F8301C60913699C1EB011196
:101AD00000EB810151F82C1C61913699C1EB011189
:101AE00000EB810151F8281C62913699C1EB01117C
:101AF00000EB810151F8241C63913699C1EB01116F
:101B000000EB810131F8201CADF85A113699C1EB78
:101B1000011100EB810131F81E1CADF85811369906
:101B2000C1EB011100EB810131F81C1CADF856111D
:101B30003699C1EB011100EB810151F8181C679136
:101B40003699C1EB011100EB810151F8141C689129
:101B50003699C1EB011100EB810151F8101C349151
:101B60003699C1EB011100EB810151F80C1C339146
:101B70003699C1EB011100EB810151F8080C51F8C5
:101B8000041C3291319036980138369058E63598D9
:101B90005B90FFE75B985CB070BD000080B588B0DB
:101BA000069005910492069803900598C1004FF69F
:101BB0000040C7F20F00002944BF4FF60040C7F6AF
:101BC000FF7002900299059800EA0100039A1268DA
:101BD00001EA020188421AD0FFE70398006802F088
:101BE00011FDA0B9FFE705984FF60041C7F6FF7158
:101BF0000840039909684FF60042C0F20F021140F5
:101C00000022C4F6F0721143884206D1FFE703991F
:101C1000002008600120079020E0059802F01AFDDE
:101C2000B0F5806F17D1FFE7059802F0E3FC019053
:101C30000398006802F0DEFC0146019888420ADC45
:101C4000FFE7059802F0FCFC02460399086800EBE8
:101C500082200860FFE700200790FFE7079808B0A0
:101C600080BD000080B582B001900198006801F04D
:101C70005FF9019908600198406801F059F90199EC
:101C8000486002B080BD000080B582B0019001982C
:101C9000006802F0FFFC019908600198406802F0BA
:101CA000F9FC0199486002B080BD000080B584B0A5
:101CB0000290019100200090009818B1FFE7009871
:101CC000039007E00298019900F008F8009000984E
:101CD0000390FFE7039804B080BD000080B584B096
:101CE000039002910398029900F030FF019003984D
:101CF000029902F091F80298006D006828B9FFE798
:101D00000298C06C01F006F9FFE7019804B080BDAD
:101D100080B59EB01C901B911B9890F83200400734
:101D2000002813D5FFE71B9890F83200C006002862
:101D300006D4FFE71C981B994031FCF7F9FDFFE73B
:101D40001B99086B20F480200863FFE71B9890F82C
:101D500032008007002840F1C680FFE71B98406BE7
:101D60001A901B9890F83200C006002800F19F805E
:101D7000FFE7002001900590ADF818008DF81A00DB
:101D80000E900D900C900B900A900990089007907F
:101D90001B99896A0F911B99C96A109101211191B0
:101DA0001B99496B129113901490DDF870C0DCF808
:101DB0000010DCF80420DCF80830DCF80CC0CDF8AA
:101DC00060C017931692159119901C990846FCF75C
:101DD000AFFDFFE71B98C16A406B884230D2FFE736
:101DE0001C9805A90DF11302012300F083F803905C
:101DF0000398B0F1FF3F03DCFFE703981D9075E007
:101E00001C981B990DF11302012300F059F903905E
:101E10000398B0F1FF3F03DCFFE703981D9065E0F6
:101E20001C980068013050B1FFE71C9805A94031AB
:101E3000FCF77EFD1C990846FCF77AFDFFE7C9E731
:101E4000FFE71C9A1B9800F1400101231046FCF7A4
:101E50002BFB0290029840B1FFE70298543008B97A
:101E6000FFE703E002981D9040E01FE01B98836BA2
:101E700042F25C40C0F602006946086043F27D40D1
:101E8000C0F6020043F23861C0F6020140F64F523C
:101E900008F08CF81C981B9900F098FC02900298AE
:101EA00018B1FFE702981D9020E0CAE707E01B98F1
:101EB000C16A406B01F080FF1B994863FFE71B99E3
:101EC000886B88621B99486BC8621B99086B20F469
:101ED000003008631B99086B40F4803008631A983F
:101EE0001B994863FFE700201D90FFE71D981EB077
:101EF00080BD000070B592B010900F910E920D93BE
:101F00000E980C900D980B900F98C16A406B884208
:101F100003D3FFE700201190CFE00D980F9AD16A0C
:101F2000526B891A01F05AFF0D900D980B90FFE744
:101F30000B98002800F0BE80FFE70F9890F8320061
:101F40004007002808D5FFE70F98C06B1099896EED
:101F5000C969884238D1FFE70F9890F83200C0066F
:101F6000002823D4FFE71098DDF83CC00CF14002B4
:101F7000DCF82830DCF82C10DCF834E00CF1380404
:101F80000CF13C05EC46CCF80C50CCF80840CCF8F1
:101F900004E0CCF800100021FCF74AFE0A900A98F1
:101FA00018B1FFE70A98119087E007E00F996FF0EA
:101FB000010088630F99486BC863FFE70F99086BAE
:101FC00040F480200863FFE70B981099896EC96977
:101FD0000F9AD26B891A01F001FF09900F9890F8BF
:101FE0003200C006002831D5FFE71098DDF83CC06C
:101FF0000CF108010CF14003826ED269BCF8044078
:1020000040F2000EC2F2100E4EEA842EDCF83C4084
:102010000C9D099EEC46CCF81460CCF81050CCF81E
:102020000C40CCF808E04FF6004ECFF6F77ECCF827
:1020300004E0CCF800200022FEF7C6F908900898CA
:1020400018B1FFE70898119037E020E01098DDF80C
:102050003CC00CF14002816ECB69DCF83810DCF832
:102060003CE00C9C099DEC46CCF80C50CCF80840A8
:10207000CCF804E0CCF800100021FCF707FB079037
:10208000079818B1FFE70798119016E0FFE7099A43
:102090000F99486B10444863099A0F99C86B104414
:1020A000C86309990C9808440C9009990B98401A38
:1020B0000B903DE70D981190FFE7119812B070BD9D
:1020C00070B592B010900F910E920D930E980C90E7
:1020D0000D980B900F9890F83200C00600281DD57F
:1020E000FFE70F98C16A406B0B9A104401F064FE41
:1020F0001099C96F884211D9FFE710980F9900F025
:1021000005FB0A900A9840B1FFE70F99086B40F46D
:10211000002008630A981190E3E0FFE7FFE70B98BF
:10212000002800F0DB80FFE70F9890F8320080076E
:10213000002808D5FFE70F98C06B1099896EC96910
:10214000884272D1FFE70F9890F83200C00600284D
:102150005DD4FFE70F9890F832008007002831D453
:10216000FFE70F98406B68B3FFE710980F9901F1F4
:1021700040028B6AD1F82CC0D1F834E0AEF10104F2
:1021800001F1380500210891EE4608AECEF80C604A
:10219000CEF80850CEF80440CEF800C0FCF748FD59
:1021A0000990099840B1FFE70F99086B40F40020AF
:1021B00008630998119094E010980F994031FCF74A
:1021C000C1FBFFE71098FCF73DF8109ADDF83CE002
:1021D0005EF8383F0EF108015EF8040C0EF10404BD
:1021E000EC46CCF80840CCF804E0CCF800001046EF
:1021F000FCF7F8FB0790079840B1FFE70F99086BD1
:1022000040F400200863079811906AE007E00F99F6
:102210006FF0010088630F99486BC863FFE70F995F
:10222000086B40F400300863FFE70B981099896E43
:10223000C9690F9AD26B891A01F0D0FD0690FFE7A9
:10224000109A0F9B03F14001986BD3F83CC0DDF866
:1022500030E0069C6B46DC60C3F808E0C3F804C0BD
:10226000186001231046FCF78BF90590059868B1BA
:10227000FFE70598543008B9FFE708E00F99086BAD
:1022800040F400200863059811902AE010E01098AF
:102290000F9900F09BFA0590059840B1FFE70F9960
:1022A000086B40F4002008630598119019E0C7E717
:1022B000069A0F99486B10444863069A0F99C86BA9
:1022C0001044C86306990C9808440C9006990B9822
:1022D000401A0B901098FBF7B5FF20E70D9811906E
:1022E000FFE7119812B070BD80B586B004900391DD
:1022F0000292019300200090009818B1FFE7009827
:10230000059009E004980399029A019B00F008F8EF
:10231000009000980590FFE7059806B080BD00008A
:1023200080B586B0059004910392029305980499B4
:10233000039A029B41F66C0CC0F6020CEE46CEF8F6
:1023400000C000F005F80190019806B080BD0000C3
:1023500080B598B0DDF868C016901591149213936B
:102360009DF84C00800700280BD5FFE7169801F078
:1023700083F81290129818B1FFE712981790C1E1F4
:10238000FFE71A9815990865139815990863159928
:10239000002048631599C8631599C8641698159A62
:1023A00002F10801131D14AAFDF734FE10901098D5
:1023B000B0F1FF3F0CDCFFE71098023028B9FFE7CF
:1023C000149802F061F818B9FFE7109811908DE1A8
:1023D0001599012088711698159901F011FD109832
:1023E000023000285DD1FFE79DF84D00C00720B9FD
:1023F000FFE76FF00100119078E1149802F034F8D3
:1024000020B1FFE76FF0130011906FE1149802F014
:1024100057F80F900F981699096F884204D9FFE773
:102420006FF02300119061E11698159A02F10801EE
:1024300093880022C4F2100242EA83220992002209
:102440000A92159BB3F804C00F9B43EA8C2343F414
:1024500080130B93149B0C93159BB3F804C00023BB
:10246000C2F2100343EA8C230D930E9209AA0323B0
:10247000FCF7C4FD119011981C3020B9FFE76FF0F4
:102480002300059002E011980590FFE70598119050
:10249000119808B1FFE729E10020C2F21000109066
:1024A0004DE09DF84D008007002804D5FFE76FF050
:1024B000100011901AE1109802F0DCF8012804D005
:1024C000FFE76FF01400119010E19DF84D004007F8
:1024D00000280ED5FFE7159881880020C2F2100071
:1024E00040EA812010901599086B40F48030086311
:1024F00022E01698159A02F10801B2F804C00823E8
:10250000C2F2000343EA8C232832EC46CCF80020C8
:102510004FF60042C7F20F02FDF7FCFE1090109834
:10252000B0F1FF3F03DCFFE710981190DEE0159853
:102530002830FCF7EDFBFFE7FFE7FFE7FFE70020B0
:102540000890FFE708981599096D896888425BD261
:10255000FFE7159890F83000C00788B3FFE716989A
:10256000159B03F108011A6D5268DDF820C00CEBD1
:102570004C0E02EB8E0C12F82E2012059B8842EABC
:102580008323DCF80420DCF808C043EA0C0343F0A2
:102590004053EC46CCF800204FF60042C7F6FF72DD
:1025A000FDF7B8FE07900798B0F1FF3F07DCFFE7A3
:1025B0000798023018B1FFE70798119096E0FFE7FF
:1025C000159890F830008007002818D5FFE7159877
:1025D000006D4068089901EB410100EB81008068C3
:1025E0001699896F884204D9FFE76FF01B0011909C
:1025F0007CE01599086B40F480300863FFE7FFE743
:102600000898013008909DE71598006D006828B182
:10261000FFE71599086D0068C8640FE01698806E92
:10262000806A01F0C1FB1599C8641598C06C20B987
:10263000FFE76FF00B00119058E0FFE7169815992F
:102640004031FCF77FF9109802F014F840F20121B4
:10265000884248D1FFE715996FF001008862109811
:1026600001F0E6FF1599C8621599086B40F48010D7
:1026700008631599886A08641599002048641698BB
:10268000806E806A159988641598C06A50B3FFE718
:1026900016980490159800F1080103918188029121
:1026A000806C40F2FE3101F099FB029B03990246D7
:1026B000049842EA832242F00053159AD26CEC4609
:1026C000CCF800204FF60042C7F20F02FDF722FEC1
:1026D00006900698B0F1FF3F03DCFFE706981190E3
:1026E00004E0FFE7FFE7002017900BE01599086B67
:1026F00040F40020086316981599FFF7EFFA119837
:102700001790FFE7179818B080BD000080B584B01F
:10271000029001910199486BC8630298FBF792FD02
:102720000298019900F052F80090009818B1FFE764
:102730000098039007E00199086B20F4801008636B
:1027400000200390FFE7039804B080BD80B588B0F7
:10275000069005910492039300200290029818B10C
:10276000FFE70298079009E006980599049A039BF1
:1027700000F008F8019001980790FFE7079808B06B
:1027800080BD000080B586B0049003910292019351
:10279000039890F83200800700280CD5FFE70498D2
:1027A0000399FFF7B5FA0090009818B1FFE7009879
:1027B000059008E0FFE704980399029A019BFFF750
:1027C00099FB0590FFE7059806B080BDB0B58EB0C7
:1027D0000C900B91FFE70C980AA9FBF7B9FC099044
:1027E000099818B1FFE709980D90D6E00C980A995E
:1027F000FBF74CFE0990099840B1FFE70998543067
:1028000008B9FFE7B0E009980D90C6E000200890F5
:10281000FFE708980B99C96B884280F08180FFE739
:102820000B9890F83200C006002832D5FFE70C98CC
:10283000DDF82CC00CF108010CF14003DCF83C2061
:10284000089C121BBCF804E040F2000CC2F2100C11
:102850004CEA8E2EEC460125CCF814500DF11F05E4
:10286000CCF81050CCF80C40CCF808E04FF6004EF5
:10287000CFF6F77ECCF804E0CCF800200022FDF77C
:10288000A3FD0990099818B1FFE709980D9084E01D
:1028900020E00C9A0B9B03F14001986BDB6BDDF899
:1028A00020E0A3EB0E03EC460124CCF80C400DF124
:1028B0001F04CCF80840CCF804E0CCF80000104627
:1028C000FBF7E4FE0990099818B1FFE709980D900D
:1028D00063E0FFE70C9A02F110010A98DDF820E0AE
:1028E000EC460123CCF80C300DF11F04CCF8084065
:1028F000CCF804E0CCF800001046FBF741FE09904C
:10290000099840B1FFE70998543008B9FFE72BE078
:1029100009980D9041E0FFE708980130089078E7AA
:102920000B98C06C0C9AD169926E926AEDF720FCFC
:102930000C9800690B9908640C9840690B994864DD
:102940000C9880690B9988640C9800F11001FBF7D2
:10295000F9FF0A980B9988630B99086B40F40030D3
:10296000086300200D9018E00A9B42F25C40C0F61C
:1029700002006946086043F27D40C0F6020043F25F
:102980003861C0F602014FF4506207F00FFB0C985B
:1029900000F11001FBF7CCFF1DE70D980EB0B0BDA4
:1029A00080B584B00290019100200090009818B189
:1029B000FFE70098039007E00298019900F008F8FB
:1029C000009000980390FFE7039804B080BD0000DA
:1029D00080B584B0029001910298019900231A46B3
:1029E00000F010F800900098B0F1FF3F03DCFFE723
:1029F0000098039002E000200390FFE7039804B0E2
:102A000080BD000080B58CB00A90099108920793B0
:102A10000998406B0690079818B9FFE70898069048
:102A200017E00798012806D1FFE70998406B08993D
:102A3000084406900CE00798022808D1FFE70A989E
:102A4000099900F069F8089908440690FFE7FFE744
:102A5000FFE706980A99496F884204D9FFE76FF0AB
:102A600015000B9054E00998406B0699884203D1F9
:102A7000FFE706980B904BE0099890F8320040076A
:102A8000002834D5FFE70998C06B0A99896EC96997
:102A900088422CD0FFE70A980999496B049104A950
:102AA000FCF748F90590069803900A9803A9FCF7EB
:102AB00041F9029005980299884217D1FFE70398DF
:102AC0000999496C884211D3FFE70398099A516C20
:102AD000926C1144884209D2FFE70698099948632D
:102AE00003980999C86306980B9011E0FFE70A98CC
:102AF0000999FFF70DF90190019818B1FFE70198C6
:102B00000B9005E006980999486306980B90FFE73B
:102B10000B980CB080BD000080B584B0029001918C
:102B2000019890F832008007002807D5FFE7019848
:102B3000C16A406B01F040F9039003E00198C06A5C
:102B40000390FFE7039804B080BD000080B58EB00D
:102B50000C900B910B9890F832000007002803D5D9
:102B6000FFE700200D908CE00C980B99FFF7D0F850
:102B70000A900A9840B1FFE70B99086B40F40020D7
:102B800008630A980D907CE00B9890F83200C0071B
:102B9000002873D0FFE70B98083001F001FC0028F3
:102BA0006CD1FFE70B9890F83200C00600280FD4D4
:102BB000FFE70C9A02F1100100231046FBF792FE8A
:102BC0000A900A9818B1FFE70A980D9059E0FFE7BC
:102BD0000B9890F83200C00600280BD5FFE740F2B2
:102BE0000120ADF826000B98C06C08900B98C06AC5
:102BF000079011E040F20220ADF826000B99886A98
:102C0000C96A0691059005A80090FCF7CDF80098D8
:102C1000089008200790FFE70C980B9B03F1080130
:102C2000BDF8262012059B8842EA8322079B1A439F
:102C30000192089A02920B9A9388126D926842EA66
:102C4000832242F0815203920B9A126D52680492D1
:102C500001AA0223FCF7D2F90A900A9840B1FFE7D3
:102C60000B99086B40F4002008630A980D9008E067
:102C70000B99086B20F480300863FFE700200D906B
:102C8000FFE70D980EB080BD80B588B00690059125
:102C90000492039300200290029818B1FFE7029873
:102CA000079009E006980599049A039B00F008F83C
:102CB000019001980790FFE7079808B080BD0000D9
:102CC00080B58AB00890079106920593079890F80E
:102CD0003200400700280CD5FFE708980799FFF756
:102CE00017F80490049818B1FFE70498099064E07D
:102CF000FFE7079890F83100000700280AD5FFE7A2
:102D00000798C16A406B884204D2FFE70799C86AF6
:102D10004863FFE70798406B059908440899496F95
:102D2000884204D9FFE76FF01A00099045E0079840
:102D300090F832008007002828D4FFE70798C16A7E
:102D4000406B884222D9FFE70798406B03900799B0
:102D5000C86A4863FFE70798406B0399884214D21A
:102D6000FFE70898079900228DF807200DF1070268
:102D70000123FFF7A5F902900298B0F1FF3F03DCB1
:102D8000FFE70298099018E0E5E7FFE70898079940
:102D9000069A059BFFF794F900900098B0F1FF3F69
:102DA00003DCFFE70098099007E00799086B20F41F
:102DB0000020086300980990FFE709980AB080BDD9
:102DC00080B584B00290019100200090009818B165
:102DD000FFE70098039007E00298019900F008F8D7
:102DE000009000980390FFE7039804B080BD0000B6
:102DF00080B59CB01A901991002018901A981999D2
:102E000000F0DCFE1890189818B1FFE718981B9096
:102E10007CE01A99486E896EC96AEDF7C2F91A9971
:102E20000020019048651A99886EC96EC06AC0007A
:102E300000F0D4FF014601981A9A91651A99C86565
:102E40001A98FBF7FFF91A9810A9FCF763F8189085
:102E5000189808B1FFE753E01A9800F0F1FA0A90C9
:102E60001A98806EC0690B901A98C06E0C901A98D0
:102E7000006F0D901A98406F0E901A98806F0F9007
:102E80000AA8009001F074FB00991A980022C4F27D
:102E900010020492002205920822C0F6F0720692F7
:102EA00043F24E62C0F6020207921822C2F21002EA
:102EB0000892099110A904AA0323FCF79FF818901F
:102EC000189808B1FFE71BE000238DF856301A98D8
:102ED00010A91A46FCF792F81890189808B1FFE765
:102EE0000EE01A98002102910121039110A902AA73
:102EF000FCF7DEFC1890189808B1FFE700E0FFE748
:102F00001A98FBF7E3FF18981B90FFE71B981CB07B
:102F100080BD000080B582B00190019808F0DCFA15
:102F200002B080BD81B00090009800BA01B0704737
:102F300081B00090009801B07047000080B594B057
:102F4000129012983C3000F0ADFD18B9FFE7002058
:102F5000139053E01299C86B0A6C0492496C059166
:102F600001F048FB049B0246059842F25C4CC0F617
:102F7000020C6946C1F808C04A60086043F29F40ED
:102F8000C0F6020043F23861C0F6020141F2643239
:102F900007F00CF8129800F140020AA9FCF788FC2F
:102FA0000990099818B1FFE70998139026E0129844
:102FB000C06B01F01FFBADF82200129840F2FF3108
:102FC0000022039200F060FB03991298BDF82230B2
:102FD0000022C4F6F07242EA8322069207910AA9FF
:102FE00006AA0123FCF70AF80990099818B1FFE72F
:102FF0000998139002E000201390FFE7139814B093
:1030000080BD000010B5B8B036908DF8D710369856
:10301000303000F06FFD18B9FFE700203790A6E1CF
:1030200000203490FFE73498012800F39381FFE7F4
:103030004DF65061C0F601010D9108684A688B6831
:10304000D1F80CC0D1F810E04C693194CDF8C0E053
:10305000CDF8BCC02E932D922C908869C96933910C
:10306000329000208DF88F00FFE72CA8183001F077
:1030700097F9002840F05F81FFE736982CA901F10D
:10308000180224A9FCF714FC2290229818B1FFE73B
:10309000229837906BE19DF8C700C007002840F0E8
:1030A0003581FFE736982CA918311AAA00F00CFADE
:1030B00019901998B0F1FF3F07DCFFE7199802302B
:1030C00018B1FFE71998379051E13498002840F083
:1030D000BD80FFE719980230002800F0B780FFE7B5
:1030E0003698199B6A4617A911601AA94FF6004233
:1030F000C7F6FF72FDF70EF916901698B0F1FF3F74
:1031000003DCFFE71698379031E117A80C9001F027
:1031100035F90C982CA9183101F058F9002840F025
:103120009480FFE7329B3398179ADDF860C042F233
:103130005C4EC0F6020E6946C1F80CE0C1F808C04A
:103140004A60086043F23950C0F6020043F2386129
:10315000C0F6020141F2B13206F028FF40F2FF3022
:10316000ADF85600369830302CA900F0A7FC30B3EB
:10317000FFE73698006B01F03DFAADF856002C9B46
:103180002D98BDF8562042F25C4CC0F6020C694600
:10319000C1F808C04A60086043F20220C0F602008D
:1031A00043F23861C0F6020141F2BB3206F0FEFE86
:1031B000369840F2FF31002200F066FAFFE717A8C8
:1031C00001F040F93698099011A801460A910B9038
:1031D000BDF8560040F2FF31884209D0FFE7BDF844
:1031E00056100020C4F6F07040EA8120089002E0FA
:1031F00000200890FFE709980A9A0B9B089919602C
:10320000002151604FF60841C6F20F01916017A9E5
:103210000791D1602CA911AA0223FDF7D5FA014626
:103220000798169101F0AAF81698B0F1FF3F03DC59
:10323000FFE7169837909AE01698032804D1FFE725
:1032400001208DF88F00FFE70FE7FFE73498012892
:103250005BD1FFE719980230002856D1FFE79DF8AF
:10326000D700C007002850D0FFE7329B339842F2C6
:103270005C42C0F6020269464A60086043F2AB5005
:10328000C0F6020043F23861C0F6020141F2DA32C0
:1032900006F08CFE369800F1480224A9FDF762F88A
:1032A0002290229818B1FFE7229837905FE024A877
:1032B0001830069001F0C6F8069936989DF8A720B8
:1032C00002F001034FF60842C6F20F0242EA03522F
:1032D0000E920F912CA90EAA0123FDF775FA014653
:1032E0000698109101F04AF81098B0F1FF3F03DC06
:1032F000FFE7109837903AE01098032804D1FFE7D1
:1033000001208DF88F00FFE7AFE6FFE724982599AD
:10331000269A279BDDF8A0C0DDF8A4E0CDF8C4E034
:10332000CDF8C0C02F932E922D912C902A982B99D6
:103330003391329099E69DF88F00C00718B1FFE7EE
:103340000020059003E0349801300590FFE70598D0
:10335000349068E636980490303000F099FB0146CE
:103360000498494249B200F0D5F93790FFE7379801
:1033700038B010BD80B598B016901698303000F077
:10338000DFFB18B9FFE70020179055E01698036A95
:10339000406A42F25C42C0F6020269464A60086036
:1033A00043F27950C0F6020043F23861C0F60201E0
:1033B00041F23B3206F0FAFD169800F120020EA908
:1033C000FCF776FA0D900D9818B1FFE70D9817905D
:1033D00032E0169800F034F807901698806EC069B5
:1033E00008901698C06E09901698006F0A9016986B
:1033F000406F0B901698806F0C9007A8049001F016
:10340000B7F8049916981822C2F210020592069194
:103410000EA905AA0123FBF7F1FD0D900D9818B137
:10342000FFE70D98179007E016980021039100F030
:103430008DF903981790FFE7179818B080BD00002A
:1034400081B000900120C0F2020001B0704700007E
:1034500080B582B001900198FFF7F2FF000C02B036
:1034600080BD000080B582B001900198FFF7E8FFB1
:1034700080B202B080BD000080B584B00290029896
:10348000FFF778FF0190019818B1FFE701980390CA
:1034900017E00298FFF752FD0190019818B1FFE77D
:1034A000019803900DE002980121FFF7ABFD019018
:1034B000019818B1FFE70198039002E00020039003
:1034C000FFE7039804B080BD80B592B010900F91D3
:1034D0000E920E99002088610E9A0121D1610D9102
:1034E0000C914FF0FF310B910A910990FFE70E9874
:1034F000183000F055FFE0BBFFE70E980AA901F075
:10350000D1F809900998B0F1FF3F03DCFFE7099873
:10351000119032E010980E9901F1180205900F9B5E
:103520001B6806930F9B5B680793EC4605ABCCF8D2
:103530000C3043F28153C0F60103CCF8083000236D
:10354000CCF804300823C2F20003CCF8003040F27B
:10355000FF33C7F6F073FCF7C3F90890089838B149
:10356000FFE70898023018B1FFE70898119004E0CF
:10357000BDE76FF001001190FFE7119812B080BD18
:1035800010B590B00E900D910C920E980B900B9878
:1035900000680A900C9809900A9A02F11001906E46
:1035A000C369DDF824C0DCF80000DCF804E0EC4678
:1035B0000824CCF80C4007ACCCF80840CCF804E068
:1035C000CCF800001046FBF761F80690069818B199
:1035D000FFE706980F900DE007A8059000F0CEFEDB
:1035E00005980B99043100F09BFE002818BF0120BC
:1035F0000F90FFE70F9810B010BD000080B58AB0A3
:10360000089007910692069900208861069A012188
:10361000D161059104914FF0FF3103910291019026
:10362000FFE70698183000F0BBFE30BBFFE70698B6
:1036300002A901F037F801900198B0F1FF3F04DCD6
:10364000FFE76FF0530009901BE0069818300799C8
:1036500000F066FE18B9FFE70020099011E0089815
:10366000069901F11802FCF723F90090009818B1AF
:10367000FFE70098099004E0D3E76FF0010009909C
:10368000FFE709980AB080BD87B00690ADF8161024
:1036900004920698006B6FF39E200390BDF816000D
:1036A00040F2FF31884209D0FFE7BDF81610002034
:1036B000C4F6F07040EA8120029002E000200290FF
:1036C000FFE703980299084306990863BDF81600BE
:1036D00040F2FF31884204D0FFE70498006801906F
:1036E00002E000200190FFE7019806994863BDF8C9
:1036F000160040F2FF31884204D0FFE7049840688A
:10370000009002E000200090FFE70098069988638F
:1037100007B0704780B584B003908DF80B109DF909
:103720000B200399086B10440863039850F8301F6E
:1037300021F00041019100F0DDF90146019840EAD5
:10374000C17003990863002004B080BD82B001906D
:103750008DF803100199086B20F400709DF8032088
:1037600002F0010240EA4220086302B07047000004
:1037700080B584B0029000230193029843F2A571B2
:10378000C0F6010101AA00F019F80090009818B1E4
:10379000FFE70098039002E001980390FFE7039889
:1037A00004B080BD83B0029001910298009000990E
:1037B000086801300860002003B0704710B5A2B05F
:1037C00020901F911E928DF877304DF69061C0F6D3
:1037D0000101049108684A688B68D1F80CC0D1F8DF
:1037E00010E04C691A94CDF864E0CDF860C01793EE
:1037F000169215908869C9691C911B90012014903C
:1038000013904FF0FF301290119000201090FFE7BE
:1038100015A8183000F0C4FD002840F0B680FFE77E
:1038200015A811A900F03EFF10901098B0F1FF3FCD
:1038300004DCFFE76FF0530021900DE100200F90B2
:10384000FFE70F98012814DCFFE71F9A1E980F9BD3
:1038500015A901EB8301896990470E900E9818B164
:10386000FFE70E982190F7E0FFE70F9801300F90E7
:10387000E7E7209815A901F11802FCF719F80D9057
:103880000D9818B1FFE70D982190E5E00020ADF804
:103890003200FFE7BDF83200BDF86810884273DAE5
:1038A000FFE72098BDF832200821C2F2000141EA6A
:1038B00082236A460AA9116015A94FF60042C7F291
:1038C0000F02FCF727FD09900998B0F1FF3F08DCD3
:1038D000FFE70998023008B9FFE74FE00998219007
:1038E000BAE00AA8FBF714FA099800F0C3FE40F208
:1038F0000221884219D1FFE7209A0A9B0B98DDF834
:103900007CC0DDF878E06946C1F808E0C1F804C081
:10391000086000211046FBF759FA0D900D9818B178
:10392000FFE70D98219097E027E09DF87700C0070A
:1039300010B3FFE7099800F09DFEB0F5007F1BD1A2
:10394000FFE700200890FFE70898012813DCFFE755
:103950001F9A1E98089B0AA951F8231090470D90B2
:103960000D9818B1FFE70D98219075E0FFE70898D2
:1039700001300890E8E7FFE7FFE7FFE7BDF8320016
:103980000130ADF8320085E742E72098806A079061
:10399000FFE7079800285CD0FFE7079880790128A7
:1039A00001D0FFE751E0079890F83200C00710B34C
:1039B000FFE7079890F83200C00600281BD4FFE705
:1039C000209A079800F14001836AC06ADDF87CE024
:1039D0001E9CEC46CCF80840CCF804E0CCF8000083
:1039E0001046FBF7F3F90690069818B1FFE7069822
:1039F000219031E0FFE7079890F832008007002817
:103A000022D5FFE7079890F83200C00600281BD4A3
:103A1000FFE7209A079B03F14001586B9B6BDDF891
:103A20007CE01E9CEC46CCF80840CCF804E0CCF8D6
:103A300000001046FBF7CAF90590059818B1FFE79A
:103A40000598219008E0FFE7FFE7079800680790D6
:103A50009FE700202190FFE7219822B010BD0000D1
:103A600080B582B0019001980068FFF761FA019972
:103A7000086001984068FFF75BFA01994860019877
:103A80008068FFF755FA0199886002B080BD000098
:103A900080B582B001900198006800F0C9FDC0B205
:103AA00002B080BD80B582B001900198006800F03E
:103AB000D1FD002818BF012002B080BD80B584B0C0
:103AC000039002910398006800F0C4FD01460020B5
:103AD000019051B1FFE703980430029900F020FCF7
:103AE000B0FA80F040090190FFE7019800F0010072
:103AF00004B080BD80B582B001900198006800F0EC
:103B000097FD002818BF012002B080BD82B001904F
:103B1000019801680020009069B9FFE701984168A9
:103B20000020009039B9FFE701988068B0FA80F072
:103B300040090090FFE7009800F0010002B07047D4
:103B400080B582B001900198006800F071FD400AD4
:103B5000002818BF012002B080BD000080B582B0EF
:103B600001900198006800F095FD019908600198A6
:103B7000406800F08FFD019948600198806800F06E
:103B800089FD0199886002B080BD000082B001907B
:103B900000910098026801990868504008600098F8
:103BA00042680199486850404860009882680199CD
:103BB00088685040886002B07047000080B592B0BD
:103BC00010900F910F98109988660F98006A1099BD
:103BD000C86600200E901098806E406B28B1FFE7F9
:103BE0001099886E406BC8600FE01098806E806AF4
:103BF00000F0DAF81099C8601098C06820B9FFE7A3
:103C00006FF00B000E90C6E0FFE71098806E806B9F
:103C100028B1FFE71099886E806BC8610FE010989B
:103C2000806E806A00F0C0F81099C8611098C06971
:103C300020B9FFE76FF00B000E90ACE0FFE71099A2
:103C40000846FAF77FFE109800F11001FAF77AFEA5
:103C50001098806EC06B28B1FFE71099886EC06B1A
:103C600048660FE01098806EC06A00F09DF81099C9
:103C700048661098406E20B9FFE76FF00B000E9079
:103C800089E0FFE71099886E006C08671098006F54
:103C900020B9FFE71099FF200867FFE71099886EA9
:103CA000406C48671098406F28B9FFE710996FF093
:103CB00000404867FFE71099886E806C886710980D
:103CC000806F28B9FFE7109940F2FE308867FFE760
:103CD0001099886E006DC8671098C06F013020B9C8
:103CE000FFE710990020C86723E01098C06FF8B96B
:103CF000FFE71099886E896F0391816A0491C06C07
:103D000028B1FFE71098806EC06C029004E0109814
:103D1000806EC0690290FFE703980299C90800F01D
:103D20005DF80146049800F059F81099C867FFE75C
:103D3000FFE710994FF0FF30086210994862109920
:103D40000020019088621099C862109A0B900D9023
:103D50000C900B990C9BDDF834C0C2F844C013647E
:103D6000D163109A08900A9009900899099BDDF890
:103D700028C0C2F838C053631163109A05900790A9
:103D800006900599069BDDF81CC0C2F850C0D364AC
:103D90009164119005E01098FBF798F80E98119037
:103DA000FFE7119812B080BD80B582B001900198F4
:103DB00007F0BAFB02B080BD83B002900191029877
:103DC0000199884203D9FFE70298009002E0019828
:103DD0000090FFE7009803B07047000083B00290A6
:103DE000019102980199884203D2FFE7029800905E
:103DF00002E001980090FFE7009803B070470000D0
:103E000082B0019000910198806A00990860009842
:103E10000199886202B0704783B0029001910298C4
:103E200028300090FFE70098006880B1FFE7009815
:103E300000680199884205D1FFE700990868006889
:103E4000086004E0FFE7009800680090EBE703B02B
:103E50007047000080B584B002900191002000906E
:103E6000009818B1FFE70098039007E002980199C5
:103E700000F008F8009000980390FFE7039804B062
:103E800080BD000010B5AAB02890279128982799E6
:103E9000FFF794FE2690269818B1FFE72698299000
:103EA00030E24DF67061C0F601010D9108684A6874
:103EB0008B68D1F80CC0D1F810E04C692394CDF890
:103EC00088E0CDF884C020931F921E908869C9694C
:103ED0002591249001201D901C904FF0FF301B90E5
:103EE0001A90FFE71EA8183000F05AFA002840F098
:103EF000C481FFE71EA81AA900F0D4FB26902698DB
:103F0000B0F1FF3F01DCFFE7F6E128981EA901F1BF
:103F10001802169043F24E63C0F60203179308236B
:103F20001893EC4616ABCCF80C3040F27123C0F677
:103F30000103CCF808300023CCF804300823C0F685
:103F4000F073CCF800304FF60043C7F6FF73FBF771
:103F5000C7FC19901998B0F1FF3F03DCFFE71998EF
:103F60002690C9E11998002800F07B81FFE7199895
:103F700000F048FB002840F07481FFE71E98289964
:103F800008621F982899486228986A4610A911600B
:103F90001EA94FF60042C7F6FF721823C2F21003A3
:103FA000FCF7B8F919901998B0F1FF3F03DCFFE76F
:103FB00019982690A0E110A800F0B0FABDF84200D0
:103FC000ADF83E001098ADF83C00BDF83E000C90F6
:103FD0002898FFF73DFA01460C9888420BD1FFE77D
:103FE000BDF83C000B902898FFF73CFA01460B986F
:103FF00088422CDDFFE7BDF83E000990BDF83C008B
:104000000A902898FFF724FA08902898FFF72AFAD0
:10401000089A099B84460A9842F25C4EC0F6020E4A
:104020006946C1F80CE0C1F808C04A60086043F274
:104030006A30C0F6020043F23861C0F6020141F274
:10404000BC1205F0B3FF6FF01500269054E100207C
:104050008DF83B00BDF83C0007902898FFF702FA66
:104060000146079888422CDAFFE7BDF83E0005902C
:10407000BDF83C0006902898FFF7EAF904902898CC
:10408000FFF7F0F9049A059B8446069842F25C4ECD
:10409000C0F6020E6946C1F80CE0C1F808C04A60DB
:1040A000086043F23030C0F6020043F23861C0F6D7
:1040B000020141F2CB1205F079FF01208DF83B009F
:1040C000FFE728989DF83B1001F00101FFF73EFB48
:1040D000139820B3FFE713982899096F88421AD9DB
:1040E000FFE7139B2898006F42F25C42C0F6020281
:1040F00069464A60086043F2D220C0F6020043F2EB
:104100003861C0F6020141F2D61205F04FFF6FF0A0
:1041100015002690F0E0139828990867FFE7149897
:1041200020B3FFE714982899496F88421AD9FFE70E
:10413000149B2898406F42F25C42C0F60202694626
:104140004A60086043F2A320C0F6020043F23861DF
:10415000C0F6020141F2E11205F028FF6FF01500F0
:104160002690C9E0149828994867FFE7159858B336
:10417000FFE715982899896F88421AD9FFE7159BA0
:104180002898806F42F25C42C0F6020269464A609B
:10419000086043F20130C0F6020043F23861C0F615
:1041A000020141F2EC1205F001FF6FF015002690BC
:1041B000A2E01598289988672898816FC06FFFF74B
:1041C0000DFE2899C867FFE72898806E006A10B333
:1041D000FFE712982899896E096A88421BD0FFE789
:1041E000129B2898806E006A42F25C42C0F602027E
:1041F00069464A60086043F27420C0F6020043F248
:104200003861C0F6020141F2FB1205F0CFFE6FF0FB
:104210001500269070E012982899C8661198289980
:10422000896EC96988421BD0FFE7119B2898806E70
:10423000C06942F25C42C0F6020269464A60086008
:1042400043F24620C0F6020043F23861C0F6020194
:1042500041F2042205F0AAFE6FF0150026904BE013
:10426000FFE7289800F130021EA9FCF77BF82690A2
:10427000269808B1FFE73FE034E628983030FFF792
:1042800045FCD0B9FFE728990B6B486B8A6B42F26B
:104290005C4CC0F6020C6946C1F808C04A60086070
:1042A00043F2CD40C0F6020043F23861C0F602018D
:1042B00041F2162205F07AFEFFE72898006B00F025
:1042C000ADF980F001022899086B10440863289921
:1042D000086B4A6B8B6B4B640A64C8632899CB6A82
:1042E000CA6EB3FBF2F000FB123048652898F9F76C
:1042F000B1FF0020299005E0289800F013FA2698D5
:104300002990FFE729982AB010BD000081B00090E5
:1043100000980138B0FA80F0C0F1200001B0704779
:1043200083B002900191029801680198026801200F
:10433000914200901CD0FFE70298416801984268C2
:1043400001209142009013D0FFE702980168019884
:1043500042680120914200900AD0FFE7029840682D
:1043600001990968401AB0FA80F040090090FFE70F
:1043700000990120884303B07047000080B582B0E7
:10438000019001980068FEF7D3FD0199086001983B
:104390004068FEF7CDFD0199486002B080BD000085
:1043A00082B001900198016801200131009041B173
:1043B000FFE7019840680130B0FA80F040090090B2
:1043C000FFE7009800F0010002B0704784B003904E
:1043D00002910398006802990968884209D1FFE7B1
:1043E000039841680298426801209142019016D0DA
:1043F000FFE703980168029842680020914200900C
:104400000AD1FFE70398406802990968401AB0FA98
:1044100080F040090090FFE700980190FFE70198C5
:1044200000F0010004B0704782B00190019800686C
:10443000009001994868086000980199486002B0AE
:104440007047000080B582B001900198006800F0CC
:1044500021F9019908600198406800F01BF9019961
:10446000486002B080BD000080B582B00190019824
:10447000009000F025F801460098405C002818BF25
:10448000012002B080BD000080B584B00390039885
:1044900000F016F8029003980190029900910844E8
:1044A00042F2E701C0F60201EBF793FE00990246E3
:1044B00001981144405CB0FA80F0400904B080BD1E
:1044C00080B582B00190019842F2E701C0F6020186
:1044D000EBF78DFE02B080BD81B0009000984FF0E8
:1044E000553101EA5001401A4FF0333101EA900191
:1044F00020F0CC30084400EB101020F0F0304FF0EA
:1045000001314843000E01B07047000082B00190B5
:10451000009101980099401A02B0704780B582B0AE
:10452000019001980068FEF703FD01990860019869
:104530004068FEF7FDFC0199486001988068FEF72D
:10454000F7FC019988600198C068FEF7F1FC0199B9
:10455000C86001980069FEF7EBFC019908610198B9
:104560004069FEF7E5FC0199486102B080BD00009A
:1045700080B582B001900198006800F08BF8019935
:1045800008600198406800F085F80199486001983A
:10459000806800F07FF8019988600198C06800F099
:1045A00079F80199C8600198006900F073F80199E1
:1045B00008610198406900F06DF80199486102B006
:1045C00080BD000081B000900098C0F3075001B09A
:1045D0007047000080B582B001900198009000F013
:1045E00011F801460098084400F022F8043002B0A7
:1045F00080BD000081B000900098C0F3892001B018
:104600007047000081B0009000986FF39F20A0F2E7
:10461000FF30B0FA80F0400901B0704781B00090DF
:104620009DF80310012080EAD11001B0704700000E
:1046300081B0009000986FF39F2001B07047000098
:1046400080B582B001900198FFF7BCFF40B202B084
:1046500080BD000081B00090009800F0E040000DA7
:1046600001B0704781B00090009800F0F040000D5C
:1046700001B0704781B000900098C0F30A5001B0BB
:104680007047000080B582B001900198FEF74AFCA7
:1046900002B080BD80B582B001900198FEF748FC61
:1046A00002B080BD80B584B00290019102981830AC
:1046B0000199FFF78BFEA0B1FFE743F2FB30C0F694
:1046C000020043F23861C0F6020142F25C43C0F6D8
:1046D000020341F2741205F069FC6FF0530003907D
:1046E0001CE001998868C968884210D1FFE70298E8
:1046F0008069019908600298C06901994860019930
:10470000002088600199C8684000C860FFE70199EF
:1047100088680130886000200390FFE7039804B0A8
:1047200080BD000080B582B001900198FAF7CEFB01
:1047300002B080BD80B582B08DF807009DF80730CB
:104740000320A9213122F2F73FFA02B080BD000018
:1047500080B5ADF50C7D002043908B908A908990B8
:104760008890879086908590F1F782F8EDF7EEF9C2
:1047700041F20000C4F2010042904021F7F7E6FE4A
:1047800042984FF48071F7F7E1FEC820F7F7A0FBDD
:10479000F2F7C6FDECF7B8FAECF7D8FDF6F756FBE2
:1047A00004F0D6F80A20F7F793FB43986F906E90C9
:1047B00004F05AF938B1FFE741F63330C0F6020091
:1047C00005F0F4FBFFE743F6A400C2F2000040F25C
:1047D000E401C2F20001FFF73DFB6F906F9890B1CA
:1047E000FFE743F6A400C2F20000419040F2E4016A
:1047F000C2F200014091FEF7E3FA40994198FFF7B9
:1048000029FB6F90FFE76F9848B1FFE701206E909A
:1048100041F66430C0F6020005F0C8FBFFE76E9871
:10482000002840F0F580FFE743F6A400C2F2000044
:1048300042F22C12C0F6020270A940F20313FDF7F7
:1048400053FD60BBFFE743F6A400C2F200003F90B7
:1048500043F68802C2F200023C9270A93E91042302
:104860003D93FDF773FF3C9801684A1C41F6707058
:10487000C0F6020005F09AFB3C9B3E993F981A68EF
:1048800001321A60FEF78CF83C9A3D9B3E993F98A6
:10489000FEF7FAF93E993F98FDF708FAFFE7002086
:1048A0006D9043F6A400C2F2000042F2FD02C0F691
:1048B000020270A90323FDF717FD78B1FFE741F667
:1048C0008B60C0F6020005F071FB42F25900C0F6A1
:1048D000020005F06BFB01206D902BE043F6A40075
:1048E000C2F200003A9070A9399185AA1023FDF711
:1048F0002DFF39993A98FDF7D9F9859940F2C070A2
:10490000C2F200003B90026841F68F70C0F60200D0
:1049100005F04CFB3B9800688599884209D0FFE779
:1049200042F25900C0F6020005F040FB01206D90F4
:10493000FFE7FFE740F60000C4F201000121F7F7AE
:10494000E3FE48B9FFE741F68930C0F6020005F002
:104950002DFB01206D90FFE76D98002845D0FFE703
:1049600001203890EEF7B0FF389943F6F450C2F2C8
:104970000000F2F7B9FD389943F64830C2F2000062
:10498000F8F732F9389943F61C50C2F20000F8F7F4
:10499000A9FE389943F66030C2F20000F8F752F9E8
:1049A00043F6E840C2F20000F8F7FAFC40F2C071AA
:1049B000C2F200014FF4FD60C884072081F8240092
:1049C000172081F82300002081F8220081F82100BF
:1049D00081F8200088620F2002F040F9389843F6F1
:1049E0008301C2F20001087011E00F2001F0E2F92A
:1049F000002001F0F3F8012001F0F0F8022001F0AE
:104A0000EDF8032001F0EAF801F086F8FFE73BE05B
:104A100001203790EEF758FF379943F6F450C2F271
:104A20000000F2F761FD379943F64830C2F200000A
:104A3000F8F7DAF8379943F61C50C2F20000F8F79D
:104A400051FE379943F66030C2F20000F8F7FAF8E9
:104A500043F6E840C2F20000F8F7A2FC40F2C07151
:104A6000C2F200014FF4FD60C884072081F82400E1
:104A7000172081F82300002081F8220081F821000E
:104A800081F820008862FFE70520F7F721FAF2F7A6
:104A9000C5F8F9F797F80020EEF716FFEEF728FEB5
:104AA00043F63850C2F20000808848B9FFE743F669
:104AB0003850C2F2000001780120ECF775FCFFE7E6
:104AC000EEF7E8FB43F6F450C2F200003690002106
:104AD000F2F70AFD40F2C070C2F2000090F8320016
:104AE000F2F7CCFC369890F82800C00748B9FFE7E9
:104AF00043F6F450C2F2000090F82700012809D1D3
:104B0000FFE741F20000C4F201004FF40061F7F743
:104B10001DFDFFE743F64830C2F20000339000214C
:104B20003491F8F761F8339890ED050A02F0F4F942
:104B3000339890ED000A02F067FD339890ED030A78
:104B40004C2002F07DF9339890ED040A522002F0D7
:104B500077F9349943F6F450C2F200003590817031
:104B60008178405CF1F720FF3598012181708178D0
:104B7000405CF1F719FFF8F74BFD349943F61C50F0
:104B8000C2F20000F8F7AEFD349943F66030C2F28D
:104B90000000F8F757F8359890F82000012812D156
:104BA000FFE743F6E840C2F20000329001210170B5
:104BB000007800F00100F8F71FFE329890ED010A2E
:104BC00003F0FEFAFFE74AA82E90F8F753FB2E9861
:104BD00000F1100168467C222F923091319031987B
:104BE00030992F9A51F8043B40F8043B043A2F9235
:104BF00030913190F3D14A984B994C9A4D9BF8F7EC
:104C0000C3F845A8F8F7E6FC45984699479A489BAB
:104C1000DDF824C1EE46CEF800C0F8F7F1FB43F60C
:104C20005450C2F20000F0F7DFFA40F60000C4F280
:104C300001008021F7F768FD014643F63C20C2F2EF
:104C400000002C9001700078ECF792FA40F2C070EE
:104C5000C2F200002B9090F83000002818BF01200D
:104C6000F1F79EF92B9890F83100002818BF012029
:104C7000F1F796FB2C98007843F69F01C2F20001F1
:104C8000087043F6F450C2F200002D9090F8300006
:104C9000F1F738FA2D9890F82C0000F00100F1F7A8
:104CA00011FB2D98C07800F00100F1F7A3FB012063
:104CB000F4F710FB41F20000C4F2000004F070FEB3
:104CC00041F20040C4F2000004F06AFEFFE743F640
:104CD000A000C2F2000090F9000008B3FFE743F61D
:104CE0007E00C2F200000078C00748B1FFE743F63B
:104CF000A000C2F2000090F90000ECF7AFF908E064
:104D000043F6A000C2F2000090F90000ECF7CAF9E7
:104D1000FFE743F6A001C2F2000100200870FFE7A0
:104D200043F69900C2F200000078A8B1FFE743F60D
:104D30009900C2F200000078012805D1FFE7F7F7DB
:104D4000BFFBEFF757FE00E0FFE743F69901C2F221
:104D5000000100200870FFE743F69900C2F200004E
:104D60004078B8B1FFE743F69900C2F200004078FE
:104D7000012804D1FFE70120EEF770F903E00120DC
:104D8000F1F71AF8FFE743F69901C2F2000100209B
:104D90004870FFE743F69900C2F200008078C8B17E
:104DA000FFE743F69900C2F200008078012805D1A0
:104DB000FFE74FF0FF30EEF751F904E04FF0FF301E
:104DC000F0F7FAFFFFE743F69901C2F20001002075
:104DD0008870FFE743F69900C2F20000C078D8B1AE
:104DE000FFE743F69900C2F20000C078012809D11C
:104DF000FFE743F67E01C2F200010A7801209043EA
:104E0000087002E0EBF7F0FFFFE743F69901C2F20A
:104E100000010020C870FFE743F69900C2F20000CD
:104E20000079002847D0FFE743F69900C2F200005E
:104E3000007901281FD1FFE743F6F451C2F20001C7
:104E40008B7C01F11C00C25C0132C2548A7C805C04
:104E500041F65421C0F60201895C88420AD1FFE77D
:104E600043F6F450C2F2000010F8121F0144002073
:104E70008872FFE718E0F0F70BFA43F6F450C2F23D
:104E80000000807C032804D1FFE70020F1F7F6FE44
:104E900009E043F6F450C2F20000807C0130C0B259
:104EA000F1F7ECFEFFE7FFE743F69901C2F20001DC
:104EB00000200871FFE7F5F7FBFF43F67F00C2F221
:104EC00000000078C00718B3FFE743F63850C2F27D
:104ED0000000007BC007D8B9FFE743F67F01C2F2AC
:104EE00000010020087043F62C20C2F200002A9036
:104EF000411C1A200922EEF777F82A990120087040
:104F0000F7F714FB43F63821C2F200010860FFE70F
:104F100043F68100C2F200000078C00748B1FFE705
:104F200043F68101C2F2000100200870EDF7C2FFD4
:104F3000FFE743F68000C2F200000078C00768B1C6
:104F4000FFE743F68001C2F200010020087043F63B
:104F50004850C2F20000EDF74FFFFFE743F6830031
:104F6000C2F200000078C00748B1FFE743F68301B2
:104F7000C2F200010020087001F0FEFDFFE743F6D9
:104F80008200C2F200000078C007002800F02081F3
:104F9000FFE743F68201C2F200010020087040F2F0
:104FA000C070C2F2000090F8340001283BD1FFE746
:104FB00043F64830C2F2000090ED000ABDEEC00A90
:104FC00010EE100A8DF81301FFE79DF9130110F19F
:104FD000410F12DBFFE79DF9130100EE100AB8EE56
:104FE000C00A02F011FB1420F6F772FFFFE79DF8EC
:104FF000130101388DF81301E7E70020012102F0C9
:105000002DFC0A20F6F764FF41F20000C4F2010013
:105010001021F7F793FA40F60000C4F20100402196
:10502000F7F78CFAFFE740F2C070C2F2000026905A
:1050300090F83200F2F722FA43F64830C2F200004C
:10504000259090ED050A01F067FF259890ED000A84
:1050500002F0DAFA259890ED030A4C2001F0F0FEF8
:10506000259890ED040A522001F0EAFE43F6F45030
:10507000C2F2000029900021289181708178405C63
:10508000F1F792FC2998012181708178405CF1F759
:105090008BFC40F60000C4F201008021F7F734FBDE
:1050A000014643F63C20C2F20000279001700078D0
:1050B000ECF75EF8269890F83000002818BF012021
:1050C000F0F76EFF269890F83100002818BF0120F5
:1050D000F1F766F927992998097843F69F02C2F2F9
:1050E0000002117090F83000F1F70CF8299890F850
:1050F0002C0000F00100F1F7E5F8F8F789FA28999B
:1051000043F61C50C2F20000F8F7ECFA289943F677
:105110006030C2F20000F7F795FD299890F8200062
:10512000012812D1FFE743F6E840C2F200002490C4
:1051300001210170007800F00100F8F75DFB249870
:1051400090ED010A03F03CF8FFE74AA82090F8F739
:1051500091F8209800F1100168467C22219222915A
:10516000239023982299219A51F8043B40F8043B5C
:10517000043A219222912390F3D14A984B994C9A68
:105180004D9BF7F701FE45A8F8F724FA4598469994
:10519000479A489BDDF824C1EE46CEF800C0F8F7E8
:1051A0002FF943F6F450C2F20000C07800F001007D
:1051B000F1F720F943F65450C2F20000F0F714F86A
:1051C00040F2B471C2F2000142F604100860FFE739
:1051D0000020F4F77FF87AE580B586B00590049159
:1051E00003920598C0B9FFE742F60E20C0F6020010
:1051F0006946086042F6AE00C0F6020042F2D6628E
:10520000C0F6020242F65713C0F6020340F2F33131
:1052100003F002FDFFE7FEE70398C0B9FFE742F69F
:105220000E20C0F602006946086042F6AE00C0F6E5
:10523000020042F2D662C0F6020242F62023C0F615
:1052400002034FF47D7103F0E7FCFFE7FEE70598EA
:1052500090F83500C1070320002918BF04208DF8FD
:105260000B0000208DF80A00FFE79DF80A009DF86A
:105270000B10884212DAFFE704989DF80B309DF876
:105280000A20D1431944C900C84003998854FFE754
:105290009DF80A0001308DF80A00E6E706B080BDEF
:1052A00083B00290019102980199884203DDFFE7E3
:1052B0000298009002E001980090FFE7009803B088
:1052C0007047000083B002900191029801998842D2
:1052D00003DAFFE70298009002E001980090FFE7F0
:1052E000009803B07047000083B0019000910198CE
:1052F0000099884203DAFFE70198029002E00098E3
:105300000290FFE7029803B07047000082B000905F
:105310000098B0F1FF3F04DCFFE7009840420190A5
:1053200002E000980190FFE7019802B0704700008A
:1053300080B584B08DED030A9DED030AB2EE041A28
:1053400020EE010ABDEEC00A8DED020A029846F277
:105350006761C6F2666150FB01F2911001EBD271F8
:1053600001EB8101A0EB410001900198FFF7CEFF16
:10537000042805D8FFE701990298401A029010E02E
:105380000198052806DBFFE701990298401A0A30C8
:10539000029005E001990298401A0A380290FFE74E
:1053A000FFE7029846F26761C6F2666150FB01F1C1
:1053B000881000EBD17004B080BD000080B584B0CF
:1053C000ADF80E000291BDF80E00ADF80600BDF874
:1053D0000E00EEF7CBF88DF805009DF805000138BA
:1053E0008DF80400FFE79DF9040000281DD4FFE7B5
:1053F000BDF8060049F69A11C1F69911A0FB0132D9
:1054000002EB8202A0EB4200029A9DF90430D054D4
:10541000BDF80600A0FB0110ADF80600FFE79DF8FF
:10542000040001388DF80400DDE79DF8050004B0A4
:1054300080BD000080B584B08DF80F008DF80E108F
:105440008DF80D2000200290019000904EF60C5037
:10545000CEF20000006800F4E060B0F5E06F05D126
:10546000FFE700200190042000904AE04EF60C5027
:10547000CEF20000006800F4E060B0F5C06F05D126
:10548000FFE7012001900320009039E04EF60C5018
:10549000CEF20000006800F4E060B0F5A06F04D127
:1054A000FFE702200190009029E04EF60C50CEF26A
:1054B0000000006800F4E060B0F5806F05D1FFE700
:1054C000032001900120009018E04EF60C50CEF21F
:1054D0000000006800F4E060B0F5407F05D1FFE710
:1054E000042001900020009007E04FF4A06000F03D
:1054F00035F8022001900090FFE7FFE7FFE7FFE7A4
:10550000FFE79DF80E000199C1F104018840029067
:105510009DF80D000099C1F104020F21D140014016
:1055200002980843029002980001029002989DF8A8
:105530000F104EF20042CEF2000288549DF80F2068
:1055400002F01F01012088401C2101EAD2014EF225
:105550000012CEF20002885004B080BD81B00090ED
:1055600000980021C0F2FA5108434EF60C51CEF2D9
:105570000001086001B0704780B58AB0DDF830C026
:10558000089007910692ADF8163000208DF81500AE
:105590000898203004900898C0B9FFE742F635100B
:1055A000C0F602006946086042F6AE00C0F602008E
:1055B00042F2D662C0F6020242F65713C0F6020368
:1055C00040F2752103F028FBFFE7FEE7BDF8160067
:1055D00001281ED0FFE7BDF81600B0F5807F18D077
:1055E000FFE742F63510C0F602006946086042F651
:1055F000AE00C0F6020042F2D662C0F6020242F6E7
:105600006503C0F6020340F2772103F005FBFFE7D4
:10561000FEE7089890F83400C007C0B9FFE742F6EB
:105620003510C0F602006946086042F6AE00C0F6CA
:10563000020042F2D662C0F6020242F66513C0F6DC
:10564000020340F2792103F0E7FAFFE7FEE707984B
:10565000069908440899096988420AD9FFE742F285
:10566000DF50C0F6020003F0FFFA05208DF8270096
:10567000ADE00498806820B1FFE70498816888470E
:10568000FFE7FFE70698002800F08F80FFE7089803
:10569000012102F0BBFE8DF815009DF8150008B140
:1056A000FFE783E043F63D22C2F20002022002F847
:1056B000010B08980799FFF78FFD089890F83500BF
:1056C000C1070420002918BF05208DF80F00079A94
:1056D000BDF81610B2FBF1F000FB1120D0B1FFE7CE
:1056E0000698BDF81610079BB3FBF1F24A43D21A95
:1056F000114488420AD9FFE7BDF81600079AB2FBA9
:10570000F0F14143891A0844029002E006980290A1
:10571000FFE70DE00698BDF81610884204D9FFE7B0
:10572000BDF81600029002E006980290FFE7FFE73E
:1057300002990698401A0690029907980844079023
:105740009DF80F1043F63D20C2F20000019008447E
:105750000C99029AEAF70CFD01990498D0F804C05C
:105760009DF80F20029B1A44EE460023CEF800302D
:10577000E0478DF815009DF8150038B1FFE742F2BB
:105780008760C0F6020003F06FFA0FE0089804F09B
:1057900055FB8DF815009DF8150008B1FFE705E0F1
:1057A00002990C9808440C906CE7FFE708980021D8
:1057B00002F02CFE0498C06820B1FFE70498C1688D
:1057C0008847FFE79DF815008DF82700FFE79DF853
:1057D00027000AB080BD000084B0039041F20400AD
:1057E000C4F2020000680290029843F6FF71CEF600
:1057F000FF710840029041F22C00C4F202000068E0
:105800000190019820F00050019003980090042826
:105810000DD3FFE7009805280FD0FFE70098072871
:105820000BD0FFE700980838042812D31FE0039933
:10583000029840EA813002901AE0039820F00400B8
:1058400003900399029840EA813040F08050029022
:105850000EE0039820F00C0003900399029840EAB0
:1058600081300290019840F00050019000E0FFE785
:10587000029841F20401C4F202010860019841F269
:105880002C01C4F20201086004B0704798B08DF892
:105890005F000020159040F20671C0F608110991D2
:1058A00040F20121C0F20341089107900690059152
:1058B00004900391029041F20400C4F202000068D7
:1058C000C0F3810016901698019040B1FFE701984F
:1058D00001280AD0FFE7019802280CD084E041F2A9
:1058E0000020C0F27A00149084E041F20020C0F25F
:1058F0007A0014907EE041F20400C4F202000068D5
:1059000000F4803010901098B0F5803F29D1FFE767
:1059100041F22C00C4F20200006800F080400F90B9
:105920000F9830B9FFE741F20020C0F27A000C90E6
:1059300005E046F60040C0F2DC200C90FFE741F2A3
:105940000400C4F20200006800F400300E900E98CB
:10595000B0F5003F04D1FFE70C9840080C90FFE73A
:1059600005E040F60010C0F23D000C90FFE741F268
:105970000400C4F202000168C1F383410D91006884
:105980000001002805D5FFE70D9840F010000D90AC
:10599000FFE741F20400C4F2020000684000002862
:1059A00005D5FFE70D9840F020000D90FFE70D981A
:1059B0000E2804D8FFE70D9802300D900FE00D98E7
:1059C0000F2808D3FFE70D983E2804D8FFE70D986D
:1059D00001300D9002E03F200D90FFE7FFE70C98AB
:1059E0000D994843149005E041F20020C0F27A007E
:1059F0001490FFE741F20400C4F202000168C9B24A
:105A000009090B910B9A06A9895C0A9114990A9AC3
:105A1000D14013910168C1F302210B910B9A04A9A3
:105A2000895C0A9113990A9AD14012910068C0F3D7
:105A3000C2200B900B9902A8405C0A9013980A9917
:105A4000C84011909DF85F0001460091032810D8CE
:105A50000099DFE801F00205080B1498159009E0A1
:105A60001398159006E01298159003E01198159080
:105A700000E0FFE7159818B07047000081B0ADF85E
:105A80000200BDF8020000F01F02012101FA02F33A
:105A9000810941F20002C4F202028858184388507A
:105AA00001B0704781B0ADF80200BDF8020000F00F
:105AB0001F02012101FA02F3810941F20002C4F23E
:105AC000020288589843885001B0704781B0ADF801
:105AD0000200BDF8020000F01F02012101FA02F3EA
:105AE000810941F20002C4F202028858184388502A
:105AF00001B0704743F63851C2F20001888800EBCC
:105B000080004000886040F2B871C2F200014FF49A
:105B1000167008607047000080B588B000200790BC
:105B20000690059004900390029042F2F300C0F6B4
:105B3000020003A9142200F0EFF802900298142842
:105B40003BD1FFE7F5F7BCFF03A80521F5F798FF68
:105B500043F68C01C2F2000108609DF80C0043F688
:105B6000F451C2F2000101918874BDF80E008882E0
:105B7000BDF81000C882BDF812000883BDF81400FB
:105B800048839DF8160081F821009DF8180081F8DF
:105B900022009DF81A0008709DF81C004870BDF89E
:105BA0001E00002818BF0120C8708A7C41F65020D2
:105BB000C0F60200805CC8740DE00298012809DB81
:105BC000FFE7029941F6A350C0F60200142204F048
:105BD000EDF9FFE7FFE708B080BD000080B5EEB04B
:105BE0008DF8B7019DF8B701042801DBFFE790E0CD
:105BF0000DF1220004904FF4CA710591EAF7D1FA31
:105C00000499059A002007909DF8B701C0EBC003E6
:105C100040F25000C2F20000184400F07DF80790F6
:105C20000798B0F5CA7F5CD1FFE79DF823009DF887
:105C3000B7114FF4CA724A4340F26411C2F2000134
:105C4000895C88424DDCFFE79DF8B7014FF4CA72CA
:105C50000392504340F26411C2F200010291085CC9
:105C60008DF81B009DF8B70110FB02100DF1220109
:105C7000EAF77EFA029A03999DF81B009DF8B73166
:105C80004B43D0549DF8B70110FB0120407868B910
:105C9000FFE79DF8B70140F26412C2F200024FF430
:105CA000CA7110FB01210020887019E09DF8B7012E
:105CB00040F26412C2F2000200924FF4CA710191E4
:105CC00010FB012148788A78411E0020F6F752FF28
:105CD000009B019A9DF8B71111FB02318870FFE714
:105CE00017E00798012813DBFFE79DF8B701C0EB29
:105CF000C00140F25000C2F200000144079A41F690
:105D00003160C0F602004FF4CA7304F04FF9FFE7A8
:105D1000FFE76EB080BD000080B59EB01C901B9167
:105D20001A921C9A43F6A400C2F2000005A90123AE
:105D3000FCF7DAFA58B1FFE71C9941F6B760C0F6F4
:105D4000020004F033F94FF0FF301D902FE01B9A52
:105D50001A9B43F6A400C2F20000029005A901912B
:105D6000FCF7F4FC0199024602980492FBF79EFFAF
:105D700003900498B0F1FF3F09DCFFE71C99049AF7
:105D800041F62050C0F6020004F010F90CE0039830
:105D900048B1FFE71C99039A41F64A50C0F6020049
:105DA00004F004F9FFE7FFE704981D90FFE71D9852
:105DB0001EB080BD10B5ADF5227D8DF887020020A4
:105DC0000990A0909F909E909D909C909B909A90FF
:105DD00099909DF8870228B1FFE79DF887020F2868
:105DE00033D1FFE742F2FD00C0F602009AA91C225F
:105DF000FFF792FF999099981C2825DBFFE79B9865
:105E000040F2C071C2F2000181F82F009C9881F825
:105E100034009D9881F830009E9881F831009F9859
:105E200081F83300A098012803D8FFE7A0980890D4
:105E300002E000200890FFE7089840F2C071C2F22B
:105E4000000181F83200FFE7FFE79DF88702012893
:105E500005D0FFE79DF887020F2835D1FFE70DF247
:105E60002A2006903A210791EAF79BF90699079AAA
:105E700042F22310C0F60200FFF74EFF9990999866
:105E80003A2812D1FFE743F6F450C2F20000059021
:105E90000DF22A213A22EAF76BF90598007C40F2CC
:105EA0006011C2F2000188700DE09998012809DBA9
:105EB000FFE7999941F60260C0F602003A2204F029
:105EC00075F8FFE7FFE7FFE79DF88702022805D096
:105ED000FFE79DF887020F2830D1FFE70020899067
:105EE00088908790869042F23610C0F6020086A90C
:105EF0001022FFF711FF9990999810280FD1FFE712
:105F000043F63851C2F200018698879A889BDDF8E3
:105F100024C2C1F80CC08B604A6008600DE09998FB
:105F2000012809DBFFE7999941F65A60C0F60200A3
:105F3000102204F03BF8FFE7FFE7FFE79DF8870238
:105F4000032806D0FFE79DF887020F2840F08E80D7
:105F5000FFE70AA803904FF4F8710491EAF721F9DA
:105F60000399049A42F21A10C0F60200FFF7D4FE19
:105F700099909998B0F5F87F68D1FFE70A980B9A45
:105F80000C9BDDF834C0DDF838E00F9C43F6483157
:105F9000C2F200014C61C1F810E0C1F80CC08B6086
:105FA0004A6008601098119A129BDDF84CC0DDF829
:105FB00050E0159C43F61C51C2F200014C61C1F83F
:105FC00010E0C1F80CC08B604A60086016988861C8
:105FD0000AA8019000F1340143F66030C2F20000DB
:105FE0006C22EAF7C5F8019800F1A00143F6CC3025
:105FF000C2F200004FF48E72EAF7BAF879987A9AF2
:106000007B9BDDF8F0C1DDF8F4E17E9C43F6E841CE
:10601000C2F2000102914C61C1F810E0C1F80CC05D
:106020008B604A6008607F98809A819BDDF808C287
:10603000DDF80CE2849CCC62C1F828E0C1F824C0F1
:106040000B62CA618861859808630EE099980128FF
:106050000ADBFFE7999941F6D350C0F602004FF4EE
:10606000F87203F0A3FFFFE7FFE7FFE70DF5227DDE
:1060700010BD000080B58AB00890079108200690F6
:106080000020059004900898B8B9FFE743F2341057
:10609000C0F602006946086043F2D900C0F602006B
:1060A00042F2D662C0F6020242F65713C0F602036D
:1060B000962102F0B1FDFFE7FEE70798B8B9FFE7C8
:1060C00043F23410C0F602006946086043F2D9007A
:1060D000C0F6020042F2D662C0F6020243F2391361
:1060E000C0F60203972102F097FDFFE7FEE708984C
:1060F000069904AA082300F08DFB50B1FFE742F691
:106100007360C0F6020002F0AFFD00208DF827009A
:1061100058E09DF81000079908709DF81100079944
:1061200048709DF81200079988709DF81300079930
:10613000C870BDF814009DF8161040EA0140079998
:1061400048600798807802280DDBFFE707984278BF
:10615000817842F6BC40C0F6020002F085FD0020C6
:106160008DF827002EE00798C07808280CDCFFE7A0
:106170000798C17842F6C070C0F6020002F074FDC4
:1061800000208DF827001DE007990B784A78887861
:1061900091F803C0D1F804E06946C1F80CE0C1F8F9
:1061A00008C04A60086043F2D900C0F6020042F617
:1061B0007732C0F60202AF2102F02EFD01208DF8E9
:1061C0002700FFE79DF827000AB080BD80B5A0B08A
:1061D0001E901D911E9844301C901D9840681B9085
:1061E00012A82421E9F7DDFF1E98B8B9FFE743F2B2
:1061F0000B10C0F602006946086043F2D900C0F6F1
:10620000020042F2D662C0F6020242F65713C0F60E
:106210000203C22102F000FDFFE7FEE71D98B8B9B6
:10622000FFE743F20B10C0F602006946086043F234
:10623000D900C0F6020042F2D662C0F6020243F272
:106240003913C0F60203C32102F0E6FCFFE7FEE7C4
:106250001E981B9912AA242300F0DCFA50B1FFE724
:1062600042F64550C0F6020002F0FEFC00208DF818
:106270007F0066E243F2D900C0F602000D9043F2BF
:106280007F02C0F60202CB2102F0C6FC0D9843F259
:106290005502C0F60202CC2102F0BEFC00208DF8AF
:1062A0004700FFE79DF84700082826DCFFE79DF838
:1062B00047E00EF1010312A901EB8E0090F801C036
:1062C0008278C07811F82EE06946C1F80CE0C1F878
:1062D00008C04A60086043F2D900C0F6020043F2E9
:1062E000A702C0F60202CF2102F096FCFFE79DF85C
:1062F000470001308DF84700D4E79DF849001C990C
:10630000C8719DF8480000F0030001460C91012877
:1063100004D0FFE70C98032811D01FE01C9901203E
:1063200088711C98C37943F2D900C0F6020042F686
:10633000F922C0F60202D72102F06EFC18E01C9987
:106340000020887143F2D900C0F6020042F61252D2
:10635000C0F60202DB2102F05FFC09E043F2070015
:10636000C0F6020002F080FC00208DF87F00E8E11A
:106370009DF84800C0F3800001460B9120B1FFE773
:106380000B9801280FD01EE01C990120888043F251
:10639000D900C0F6020042F6EE52C0F60202E62133
:1063A00002F03AFC0FE01C994FF48070888043F2B1
:1063B000D900C0F6020042F6A962C0F60202EA2144
:1063C00002F02AFCFFE79DF84800C0F3C000014638
:1063D0000A9120B1FFE70A9801280FD049E01C99E3
:1063E0000120087243F2D900C0F6020042F6C05202
:1063F000C0F60202F52102F00FFC3AE01C990020E1
:10640000087243F2D900C0F6020042F67C52C0F690
:106410000202FA2102F000FC9DF84800C0F30010CF
:106420000146099120B1FFE70998012810D01FE02B
:106430001C995020487243F2D900C0F6020042F67F
:10644000D262C0F602024FF4807102F0E5FB0FE069
:106450001C990620487243F2D900C0F6020042F6A9
:106460004972C0F6020240F2051102F0D5FBFFE7C7
:10647000FFE79DF84A00C0F341000146089140B192
:10648000FFE70898012817D0FFE70898022825D0D1
:1064900037E01C99012088721C990020C87243F2D1
:1064A000D900C0F6020042F62462C0F6020240F2B1
:1064B0000F1102F0B1FB34E01C99012088721C9985
:1064C000C87243F2D900C0F6020042F60B62C0F671
:1064D00002024FF48A7102F09FFB22E01C99002017
:1064E00088721C990120C87243F2D900C0F60200DC
:1064F00042F63C62C0F6020240F2191102F08CFB37
:106500000FE01C990020079088721C99C87242F60F
:106510003020C0F6020002F0A7FB07988DF87F003C
:106520000FE1139810909DF84F00C00901460691A5
:1065300020B1FFE70698012807D023E01099012039
:1065400000EBD1001C99C8601CE0109820F00040BE
:106550001090109824280ED3FFE71C990020059076
:10656000C86042F63F40C0F6020002F07DFB05988D
:106570008DF87F00E5E01098C11E012088401C992D
:10658000C860FFE71C98C36843F2D900C0F6020058
:1065900043F23E02C0F6020240F2311102F03CFB2F
:1065A00000208DF847008DF84600FFE79DF8470072
:1065B000032844DCFFE79DF8471012A800EB4100D8
:1065C000007FA8B3FFE79DF8471012A800EB410138
:1065D0000A7F012191401C9A9DF8463002EBC302CC
:1065E00011619DF8471000EB4100407F1C999DF818
:1065F000462001EBC20108751C989DF8461000EB7F
:10660000C10001698B0A007D6946086043F2D90028
:10661000C0F6020042F63B32C0F602024FF49C7113
:1066200002F0FAFA9DF8460001308DF84600FFE7C7
:10663000FFE79DF8470001308DF84700B6E70020DE
:106640008DF847008DF84600FFE79DF847000328C6
:1066500071DCFFE71C989DF8471000EBC100006952
:10666000002861D0FFE79DF8470001308DF8460013
:10667000FFE79DF84600032855DCFFE71C989DF8CE
:10668000461000EBC1000069002845D0FFE71C98C8
:1066900000F110019DF8470051F830009DF84620A8
:1066A00051F83210884237D9FFE71C989DF84710FF
:1066B00000EBC10000690F901C989DF8471000EB9B
:1066C000C100007D8DF83B001C9800F110019DF881
:1066D000460051F830009DF8472041F832001C98E0
:1066E00000F110019DF8460001EBC00000799DF813
:1066F000472001EBC20108710F981C999DF84620B4
:1067000001EBC20108619DF83B001C999DF84620F1
:1067100001EBC2010875FFE7FFE79DF84600013075
:106720008DF84600A5E7FFE7FFE79DF84700013039
:106730008DF8470089E71C99012008708DF87F00CB
:10674000FFE79DF87F0020B080BD000080B586B0D7
:10675000059000208DF813000598203003900598CF
:10676000C0B9FFE742F6E100C0F6020069460860E2
:1067700042F6AE00C0F6020042F2D662C0F6020255
:1067800042F65713C0F602034FF45A7102F044FA6E
:10679000FFE7FEE79F208DF80B000398D0F804C0B8
:1067A0006A46032111600DF10B01012202ABE047A3
:1067B0008DF813009DF8130000BBFFE79DF808005B
:1067C000059908739DF80900059948739DF80A001A
:1067D0000599887305990B7B487B8A7B69464A60DB
:1067E000086042F6AE00C0F6020042F2AA42C0F6CD
:1067F000020240F2713102F00FFA06E042F2056047
:10680000C0F6020002F030FAFFE79DF8130006B070
:1068100080BD000080B588B0079006910592049372
:106820005A208DF80B00BDF81A008DF80C00069860
:10683000000A8DF80D0006988DF80E00FF208DF8E7
:106840000F000798C0B9FFE743F2CA00C0F6020084
:106850006946086043F2D900C0F6020042F2D662EF
:10686000C0F6020242F65713C0F602034FF4AD71B0
:1068700002F0D2F9FFE7FEE70698B0F1807F18D367
:10688000FFE743F2CA00C0F602006946086043F21F
:10689000D900C0F6020042F2D662C0F6020243F20C
:1068A0006F03C0F6020340F25B1102F0B5F9FFE797
:1068B000FEE70598C0B9FFE743F2CA00C0F6020040
:1068C0006946086043F2D900C0F6020042F2D6627F
:1068D000C0F6020243F21C13C0F602034FF4AE717D
:1068E00002F09AF9FFE7FEE70798406AC0B9FFE7B0
:1068F00043F2CA00C0F602006946086043F2D900BC
:10690000C0F6020042F2D662C0F6020242F69D13C1
:10691000C0F6020340F25D1102F07EF9FFE7FEE7E8
:10692000079901F12000D1F824C0059B04996A461B
:1069300011600DF10B010522E04708B080BD000099
:1069400080B588B0069006984430059000200490E9
:10695000039002900698B8B9FFE743F24610C0F6DC
:1069600002006946086043F2D900C0F6020042F214
:10697000D662C0F6020242F65713C0F602036D213A
:1069800002F04AF9FFE7FEE7059900200870069833
:10699000049902AA0823FFF73DFF50B1FFE742F632
:1069A0005460C0F6020002F05FF900208DF81F006D
:1069B00053E09DF8080053280FD1FFE79DF8090028
:1069C00046280AD1FFE79DF80A00442805D1FFE7D1
:1069D0009DF80B0050280FD0FFE743F2D900C0F616
:1069E000020042F65122C0F602027A2102F014F9A6
:1069F00000208DF81F0030E09DF80C00059988708C
:106A00009DF80D00059948700598407802280DDB27
:106A1000FFE705984178827842F68440C0F602008C
:106A200002F022F900208DF81F0016E00598437847
:106A300080789DF80E2069464A60086043F2D900CC
:106A4000C0F6020042F60242C0F60202842102F0C1
:106A5000E3F801208DF81F00FFE79DF81F0008B044
:106A600080BD000080B586B0049000208DF80F0036
:106A70000498203002900498C0B9FFE742F6D6107F
:106A8000C0F602006946086042F6AE00C0F6020099
:106A900042F2D662C0F6020242F65713C0F6020373
:106AA0004FF4527102F0B8F8FFE7FEE766208DF868
:106AB00006000298D0F804C0694600230B600DF16F
:106AC00006010122E0478DF80F009DF80F0030B954
:106AD000FFE7049803F0B2F98DF80F000AE042F2E4
:106AE0008350C0F6020002F0BFF89DF80F008DF849
:106AF000170036E00DF10600411C99208DF80700C3
:106B00000298D0F804C06A46002313600122E047CF
:106B10008DF80F009DF80F0030B9FFE7049803F0DF
:106B20008DF98DF80F00FFE79DF80F0068B9FFE7BA
:106B300042F6AE00C0F6020042F2CF72C0F6020288
:106B400040F25B3102F068F806E042F28350C0F692
:106B5000020002F089F8FFE79DF80F008DF817009A
:106B6000FFE79DF8170006B080BD000080B56420E7
:106B7000F5F7FAF980BD000080B588B000200790D5
:106B80000690059004900390029043F6F450C2F2F0
:106B900000000190817CADF80C10818AADF80E10D8
:106BA000C18AADF81010018BADF81210418BADF811
:106BB000141090F82110ADF8161090F82210ADF8CE
:106BC00018100178ADF81A104178ADF81C10C07893
:106BD00000F00100ADF81E00F4F772FF03A80521D4
:106BE000F4F74EFF0290029843F68C01C2F20001C6
:106BF000096888420FD0FFE7029843F68C01C2F281
:106C00000001086042F2F300C0F6020003A914225A
:106C100003F074F9FFE708B080BD000080B582B0D2
:106C20008DF807009DF80700042801DBFFE713E05B
:106C30009DF80710C1EBC10240F25000C2F2000003
:106C4000104440F26413C2F200034FF4CA7211FB05
:106C5000023103F053F9FFE702B080BDB0B5ADF5E6
:106C6000067D8DF817020020849083908290819099
:106C700080907F907E909DF8170228B1FFE79DF8E5
:106C800017020F2821D1FFE740F2C070C2F20000C6
:106C900001687E9190F82F107F9190F834108091C8
:106CA00090F83010819190F83110829190F8331063
:106CB000839190F83200849042F2FD00C0F6020009
:106CC0007EA91C2203F01AF9FFE79DF8170201289C
:106CD00005D0FFE79DF817020F280CD1FFE742F21D
:106CE0002310C0F6020043F6F451C2F200013A222A
:106CF00003F004F9FFE79DF81702022805D0FFE72B
:106D00009DF817020F280CD1FFE742F23610C0F6AB
:106D1000020043F63851C2F20001102203F0EEF8EF
:106D2000FFE79DF81702032805D0FFE79DF817023B
:106D30000F2873D1FFE743F6483EC2F2000EDEF89B
:106D40000000DEF80410DEF80820DEF80C30DEF873
:106D500010C0DEF814E0CDF81CE0CDF818C00593A3
:106D600004920391029043F61C50C2F200000168A5
:106D700042688368D0F80CC0D0F810E044690D94E4
:106D8000CDF830E0CDF82CC00A93099208918069C3
:106D90000E9002A80090343043F66031C2F2000138
:106DA0006C22E9F7E5F90098A03043F6CC31C2F245
:106DB00000014FF48E72E9F7DBF9009943F6E840E1
:106DC000C2F20000019002684368D0F808C0D0F811
:106DD0000CE00469456976957594CDF8D0E1CDF85D
:106DE000CCC1729371928269C369D0F820C0D0F887
:106DF00024E0846AC56A7C957B94CDF8E8E1CDF8FF
:106E0000E4C178937792006B7D9042F21A10C0F63D
:106E100002004FF4F87203F071F8FFE70DF5067DFC
:106E2000B0BD000081B08DED000A009840F24C0129
:106E3000C2F20001086001B07047000000000000CD
:106E400080B584B08DF80E008DED020A0298E9F746
:106E5000E8FB41EC100B9FED2C1B53EC112B51EC7C
:106E6000100BE9F793FB20B9FFE701208DF80F0025
:106E700043E00298E9F7D5FB41EC100B9FED241B92
:106E800053EC112B51EC100BE9F7DBFA41EC100B32
:106E900051EC100BE9F7D8FB00EE900AB2EE040AB1
:106EA00003F084F98DED010A9DED010A5920F4F7F4
:106EB0005BFF00909DF80E004C2808D1FFE7009979
:106EC00044F26700C0F2F400EFF7C6FD11E09DF850
:106ED0000E00522808D1FFE7009944F26800C0F282
:106EE000F400EFF7B9FD03E001208DF80F0004E096
:106EF000FFE700208DF80F00FFE79DF90F0004B0B9
:106F000080BD00BF00BF00BF9A999999997950C080
:106F1000000000000000344080B58AB08DED080A02
:106F20000898E9F77EFB41EC100B9FED451B53ECF5
:106F3000112B51EC100BE9F70EFB78B9FFE708981D
:106F4000E9F76FFB41EC100B9FED3F1B53EC112B4E
:106F500051EC100BE9F7E4FA20B9FFE701208DF8B6
:106F6000270066E09DED080A40F24C00C2F20000E6
:106F700090ED001A80EE010A10EE100AE9F751FBBD
:106F800041EC100B51EC100B9FED310B53EC102B1F
:106F9000E9F73EF941EC100B51EC100B9FED2E0B75
:106FA00053EC102BE9F7DBF941EC100B51EC100B13
:106FB000E9F74AFB00EE100A03F078FCB1EE400A54
:106FC0008DED070A0798E9F72CFB41EC100B9FEDBC
:106FD000241B53EC112B0193009251EC100BE9F799
:106FE000BEF9009A019B41EC100B51EC100BE9F734
:106FF0000FF941EC100B51EC100BE9F725FB069053
:107000009DED070A59200290F4F7AEFE0146029862
:1070100003919DED060AF4F7A7FE049004980590ED
:1070200003A845210322EAF70BFD00208DF8270075
:10703000FFE79DF927000AB080BD00BF00BF00BF79
:107040000000000000000C4000000000000059405B
:10705000000000000000D0BF00000060FB210940DC
:10706000000000000000E0BF80B584B08DF80E0085
:107070008DED020A9DED020A9FED2B1AB4EE410A36
:10708000F1EE10FA03DAFFE70020009021E0029809
:10709000E9F7C7FA41EC100B9FED211B53EC112BC4
:1070A00051EC100BE9F7CDF941EC100B51EC100B42
:1070B000E9F7CAFA00EE900AB2EE040A03F076F895
:1070C0008DED010A9DED010A5920F4F74DFE009067
:1070D000FFE79DF80E00462808D1FFE7009944F22B
:1070E0006500C0F2F400EFF7B7FC11E09DF80E0068
:1070F000522808D1FFE7009944F26600C0F2F4007C
:10710000EFF7AAFC03E001208DF80F0004E0FFE791
:1071100000208DF80F00FFE79DF90F0004B080BD3F
:107120000000000000003440000084C200000000A5
:1071300080B5A4B02392229121902298E9F771FAA8
:1071400041EC100B9FEDC01B53EC112B51EC100BBD
:10715000E9F777F941EC100B51EC100BE9F774FAF1
:1071600000EE900AB2EE040A03F020F8BFEE001A17
:1071700030EE010A10EE100AE9F753FA41EC100B59
:1071800051EC100B9FEDB20B53EC102BE9F759F9B2
:1071900041EC100B51EC100BE9F756FA2090BDF8BA
:1071A000860000EE100AB8EEC00A9FEDB31A20EE7A
:1071B000010A40F24C00C2F2000090ED001A80EE8D
:1071C000010A8DED1F0A9DED220AB5EE400AF1EE8F
:1071D00010FA04DBFFE74FF07E501E902AE0209863
:1071E000E9F71FFA41EC100B9FED991B53EC112BA3
:1071F00051EC100BE9F7B3F841EC100B51EC100B0C
:107200009FED950B53EC102B0C930B92E9F700F8C4
:1072100002460B980B460C9943EC102B53EC102BA9
:10722000E9F70FF941EC100B51EC100BE9F70CFAF0
:107230001E90FFE79DED1E0A9DED1F1A20EE010A2C
:107240009DED231A31EE011A80EE011A8DED031A1D
:10725000B7EE000A8DED020A30EE410A10EE100A78
:10726000E9F7DFF941EC100B51EC100B9FED7C0BB3
:1072700053EC102BE9F773F89DED021A9DED030A0C
:1072800041EC120B8DED042B30EE010A10EE100ACA
:10729000E9F7C7F99DED040B41EC110B53EC112BF1
:1072A00051EC100BE9F7CDF841EC100B51EC100B41
:1072B000E9F7CAF91D901D98E9F7B3F941EC100BF5
:1072C00053EC102B9FED680B51EC100B0A910990B9
:1072D000E9F73FF841EC100B8DED060B9DED1F0A11
:1072E00002F0BCFE10EE100AE9F79BF99DED061BBB
:1072F00041EC100B51EC110B53EC102BE9F72FF86C
:1073000041EC100B51EC100BE9F79EF91C901D9805
:10731000E9F787F9099A0A9B41EC100B51EC100B25
:10732000E8F776FF41EC100B51EC100B9FED500B82
:1073300053EC102BE9F785F841EC100B51EC100BD6
:10734000E9F782F91B909DED200A5920F4F70CFD16
:107350001A909DF8840005282ADBFFE79DED1C0AA2
:1073600059200190F4F700FD0146019817919DED19
:107370001D0AF4F7F9FC0146019819919DED1B0ACD
:10738000F4F7F2FC159015980D9019980E90179837
:107390000F901A9810909DF884104DF62070C0F64A
:1073A000010050F821100DA80422EAF749FB47E03C
:1073B0009DED1C0A5A200090F4F7D6FC0146009877
:1073C000179117996FF31F3116911799C1F30B316C
:1073D00017919DED1D0AF4F7C7FC0146009819911D
:1073E00019996FF31F3118911999C1F30B31199144
:1073F0009DED1B0AF4F7B8FC159015986FF31F303C
:1074000014901598C0F30B30159014980D901598A2
:107410000E9018980F901998109016981190179830
:1074200012901A9813909DF884104DF62070C0F6B3
:10743000010050F821100DA80722EAF701FBFFE731
:1074400000F01EF824B080BD0000000000003440B1
:107450000000000000001040000000000000F03FAD
:10746000000000000000E0BF000000000000E03F5E
:107470000000000000000040DB0FC94000000000D9
:1074800080B584B0002002908DF80F00FFE79DF8D2
:107490000F0008282ADCFFE743F63C60C2F2000038
:1074A00000689DF80F1001EB410100EB810090EDA9
:1074B000010A9DED021AB4EE410AF1EE10FA0EDD5A
:1074C000FFE743F63C60C2F2000000689DF80F1031
:1074D00001EB410100EB810040680290FFE7FFE70C
:1074E0009DF80F0001308DF80F00D0E70298E9F702
:1074F00098F841EC100B9FED161B53EC112B51EC3F
:10750000100BE8F79EFF41EC100B51EC100BE9F764
:107510009BF800EE900AB2EE040A02F047FE8DEDF1
:10752000010A029843F62421C2F2000108609DED91
:10753000010A5920F4F718FC0090009944F2A500C4
:10754000C0F2F400EFF788FA04B080BD00BF00BFBE
:1075500000000000000034C080B584B08DED030A47
:107560009DED030AB3EE021AB4EE410AF1EE10FAF1
:1075700001DDFFE73BE00398E9F753F841EC100B1E
:107580009FED1D1B53EC112B51EC100BE8F759FF2D
:1075900041EC100B51EC100BE9F756F800EE900A95
:1075A000B2EE040A02F002FE10EE100AE9F739F812
:1075B00041EC100B51EC100B9FED110B53EC102B09
:1075C000E8F73FFF41EC100B51EC100BE9F73CF8EA
:1075D00002909DED020A5920F4F7C6FB0190019933
:1075E00044F21350C0F2F400EFF736FAFFE704B0AC
:1075F00080BD00BF00BF00BF00000000000034409D
:10760000000000000000204080B58AB08DED090A1E
:107610009DED090AB5EE400AF1EE10FA29DBFFE70D
:107620004FF07E5008900998E8F7FBFF41EC100BF3
:107630009FED811B53EC112B51EC100BE8F7E8FD8B
:1076400041EC100B51EC100B9FED7D0B53EC102B0C
:10765000E8F7F7FE41EC100B51EC100BE8F7F4FFE4
:1076600000EE900AB2EE040A02F0A0FD8DED070ACA
:10767000BDE00998E8F7D5FF41EC100B9FED681BC2
:1076800053EC112B51EC100BE8F765FF40BBFFE703
:107690000998E8F7C6FF41EC100B9FED691B53EC0E
:1076A000112B51EC100BE8F7CCFE41EC100B51EC18
:1076B000100BE8F7C9FF00EE900AB2EE040A8DED58
:1076C000040A02F073FDB0EE401A9DED040A8DED40
:1076D000081ADFED610A02F069FD8DED070A85E009
:1076E0000998E8F79EFF41EC100B9FED4F1B53EC00
:1076F000112B51EC100BE8F72EFFD0BBFFE7B2EED9
:10770000040A8DED030ADFED530A02F04FFD8DED03
:10771000080A0998E8F785FF41EC100B9FED4A1B1A
:1077200053EC112B51EC100BE8F772FD41EC100BF0
:1077300051EC100B9FED400B53EC102BE8F768FD5C
:1077400041EC100B51EC100B9FED3D0B53EC102B4B
:10775000E8F777FE41EC100B51EC100BE8F774FFE3
:107760009DED030A00EE900A02F020FD8DED070A60
:107770003BE00998E8F755FF41EC100B9FED2C1BFF
:1077800053EC112B51EC100BE8F742FD41EC100BC0
:1077900051EC100B9FED280B53EC102BE8F738FD44
:1077A00041EC100B51EC100B9FED250B53EC102B03
:1077B000E8F747FE41EC100B51EC100BE8F744FFE3
:1077C00000EE900AB2EE040A8DED020A02F0EEFC21
:1077D000B0EE401A9DED020A8DED081ADFED1C0A8D
:1077E00002F0E4FC8DED070AFFE7FFE7FFE79DED00
:1077F000080A59200190F4F7B7FA0146019805915B
:107800009DED070AF4F7B0FA069044F28400C0F246
:10781000F40005A90222EFF753F90AB080BD00BFBA
:1078200000000000000033C08FC2F5285C8F4BC001
:1078300014AE47E17A14484014AE47E17A1428C0E8
:107840000000000000003440000000000000334051
:10785000AC1C1AC0333373BFAC1C1ABF80B584B0E4
:107860008DF80E008DF80D109DF80D00012804DB39
:10787000FFE700200190029004E040F2FF700190C9
:107880000290FFE79DF80E0040B9FFE7019944F22E
:107890009B00C0F2F400EFF7DFF821E09DF80E0046
:1078A000012809D1FFE744F29C00C0F2F40001A9CD
:1078B0000222EFF705F912E09DF80E00022809D127
:1078C000FFE744F29E00C0F2F40001A90222EFF7A4
:1078D000F7F803E001208DF80F0005E0FFE7FFE770
:1078E00000208DF80F00FFE79DF90F0004B080BD68
:1078F000B0B5B0B09C4613460A460146369D359C4D
:10790000DDF8D0E037982F952E94CDF8B4E0CDF87F
:10791000B0C02B932A9229918DF8A3009DF8A30063
:10792000002840F00F81FFE7BDF8A40000EE100A28
:10793000B8EEC00A40F24C00C2F2000090ED001A0E
:1079400080EE010A10EE100AE8F76BFE41EC100B16
:1079500051EC100B9FED9E0B53EC102B12931192D8
:10796000E8F7F7FC41EC100B51EC100B9FED9A0B74
:1079700053EC102BE8F7F3FC41EC100B51EC100B1F
:10798000E8F762FE00EE100A02F090FF10EE100A17
:10799000E8F747FE41EC100B51EC100B9FED900BFC
:1079A00053EC102B10930F92E8F7D9FC41EC100B1D
:1079B00051EC100BE8F748FE27902798E8F731FEC6
:1079C0000F9A109B41EC100B51EC100BE8F7C7FC21
:1079D000119A129B41EC100B51EC100BE8F718FCBC
:1079E00041EC100B51EC100BE8F72EFE259025987A
:1079F00024909DED2A0AB5EE400AF1EE10FA33DB31
:107A0000FFE72A98E8F70DFE41EC100B9FED761B7F
:107A100053EC112B51EC100BE8F713FD41EC100B5C
:107A200051EC100BE8F710FE00EE900AB2EE040ADB
:107A300002F0BCFBBFEE001A30EE010A10EE100A95
:107A4000E8F7EFFD41EC100B51EC100B9FED680BCC
:107A500053EC102BE8F7F5FC41EC100B51EC100B3C
:107A6000E8F7F2FD229034E02A98E8F7DAFD41ECDD
:107A7000100B9FED611B53EC112B51EC100BE8F731
:107A8000E0FC41EC100B51EC100BE8F7DDFD00EED3
:107A9000900AB2EE040A02F089FBB0EE401AB7EE8B
:107AA000000A30EE410A10EE100AE8F7BAFD41EC88
:107AB000100B51EC100B9FED4E0B53EC102BE8F715
:107AC000C0FC41EC100B51EC100BE8F7BDFD22900F
:107AD000FFE79DED270A5A200D90F4F745F901467E
:107AE0000D981F911F99C1F30B3113911F996FF3DB
:107AF0001F31149100210E91159116919DED250ACB
:107B0000F4F732F901460E981F911F99C1F30B311A
:107B100017911F996FF31F3118911799199118999F
:107B20001A911B901C909DED220A5920F4F71CF924
:107B30001F901F981D9013A840F224610B22E9F7B3
:107B40007FFF97E29DF8A300012840F05881FFE7EE
:107B50002D98E8F766FD41EC100B9FED231B53ECCD
:107B6000112B51EC100BE8F76CFC41EC100B51ECB5
:107B7000100BE8F769FD00EE900AB2EE040A02F07D
:107B800015FBBFEE001A30EE010A10EE100AE8F7FE
:107B900048FD41EC100B51EC100B9FED150B53EC15
:107BA000102BE8F74EFC41EC100B51EC100BE8F7F2
:107BB0004BFD22909DED2D0AB5EE400AF1EE10FA34
:107BC00024DBFFE74FF07E5021903FE000BF00BF75
:107BD000000000000000D03F00000060FB210940D1
:107BE000000000000000E0BF000000000000344082
:107BF000000000000000304000000000000034C021
:107C0000000000000000F03FDB0FC9409DED220A9C
:107C1000B3EE001A20EE010AB7EE001A30EE010AA8
:107C200010EE100AE8F7FDFC41EC100B53EC102BA2
:107C30001FED0D0B51EC100BE8F703FC41EC100BA2
:107C400051EC100BE8F700FD2190FFE7BDF8AC0008
:107C500000EE100AB8EEC00A1FED151A20EE010A58
:107C600040F24C00C2F2000090ED001A80EE010AD2
:107C70008DED200A9DED210A9DED201A20EE010ACE
:107C80009DED2C1A31EE011A80EE011A8DED051AC8
:107C9000B7EE000A8DED040A30EE410A10EE100A2C
:107CA000E8F7BFFC41EC100B51EC100B1FED340B4F
:107CB00053EC102BE8F753FB9DED041A9DED050ADC
:107CC00041EC120B8DED062B30EE010A10EE100A7E
:107CD000E8F7A7FC9DED060B41EC110B53EC112BC3
:107CE00051EC100BE8F7ADFB41EC100B51EC100B15
:107CF000E8F7AAFC26902698E8F793FC41EC100BD5
:107D000053EC102B9FEDE60B51EC100B0B910A90EE
:107D1000E8F71FFB41EC100B8DED080B9DED200AE1
:107D200002F09CF910EE100AE8F77BFC9DED081BB1
:107D300041EC100B51EC110B53EC102BE8F70FFB3F
:107D400041EC100B51EC100BE8F77EFC27902698C5
:107D5000E8F767FC0A9A0B9B41EC100B51EC100BF7
:107D6000E8F756FA41EC100B51EC100B9FEDD20BDB
:107D700053EC102BE8F765FB41EC100B51EC100BAA
:107D8000E8F762FC25909DED270A5A200C90F3F746
:107D9000EBFF01460C981F911F99C1F30B31139112
:107DA0001F996FF31F3114919DED260AF3F7DCFF45
:107DB00001460C981F911F99C1F30B3115911F9922
:107DC0006FF31F3116919DED250AF3F7CDFF1F903C
:107DD0001F98C0F30B3017901F986FF31F30189047
:107DE0009DED220A5920F3F7BFFF1F901F981990AD
:107DF00013A840F21C610722E9F722FE39E19DF841
:107E0000A300022840F03481FFE79DED2F0AB5EE74
:107E1000400AF1EE10FA46DBFFE7BDF8B80000EECD
:107E2000100AB8EEC00A40F24C00C2F2000090ED19
:107E3000001A80EE010A10EE100AE8F7F2FB41EC9E
:107E4000100B51EC100B9FED900B53EC102BE8F73F
:107E5000DFF941EC100B51EC100B9FED8D0B53EC47
:107E6000102BE8F77CFA41EC100B51EC100BE8F703
:107E7000EBFB00EE100A02F019FD10EE100AE8F715
:107E8000D0FB41EC100B51EC100B9FED830B53EC2E
:107E9000102BE8F764FA41EC100B51EC100BE8F7EB
:107EA000D3FB279066E0BDF8B80000EE100AB8EEEC
:107EB000C00A40F24C00C2F2000090ED001A80EEC1
:107EC000010A8DED030A2F98E8F7ABFB41EC100B8C
:107ED0009FED6B1B53EC112B51EC100BE8F7B1FA33
:107EE00041EC100B51EC100BE8F7AEFB00EE900AE2
:107EF000B2EE040A02F05AF9B0EE401A9DED030A00
:107F000020EE010A10EE100AE8F78BFB41EC100B93
:107F100051EC100B9FED5C0B53EC102BE8F778F94C
:107F200041EC100B51EC100B9FED590B53EC102B47
:107F3000E8F715FA41EC100B51EC100BE8F784FB55
:107F400000EE100A02F0B2FC10EE100AE8F769FB2E
:107F500041EC100B51EC100B9FED4F0B53EC102B21
:107F6000E8F7FDF941EC100B51EC100BE8F76CFB56
:107F70002790FFE72798E8F754FB41EC100B9FEDA3
:107F8000481B53EC112B51EC100BE8F7E8F941ECCE
:107F9000100B51EC100B9FED440B53EC102BE8F73A
:107FA00037F941EC100B51EC100BE8F74DFB259025
:107FB0009DED250AB1EE400A8DED240A2F98E8F7D1
:107FC00030FB41EC100B9FED2E1B53EC112B51ECB1
:107FD000100BE8F736FA41EC100B51EC100BE8F7F8
:107FE00033FB00EE900AB2EE040A02F0DFF8BFEEB7
:107FF000001A30EE010A10EE100AE8F712FB41EC0D
:10800000100B51EC100B9FED2A0B53EC102BE8F7E3
:1080100018FA41EC100B51EC100BE8F715FB22900D
:108020009DED270A59200290F3F79EFE0146029823
:1080300013910021019114919DED250AF3F794FE0F
:108040000146029815919DED240AF3F78DFE0199E2
:1080500002460298169217919DED220AF3F784FECC
:10806000189013A840F22F610622E9F7E9FCFFE718
:10807000FFE7FFE700F024F830B0B0BD00BF00BF5D
:108080000000000000003440000000000000D0BFED
:1080900000000060FB210940000000000000E0BF7C
:1080A000000000000000E03F000000000000D03FA2
:1080B0000000000000003040000000000000004010
:1080C00080B584B00020029043F64060C2F2000008
:1080D000006890ED010A9DED021AB4EE410AF1EE3E
:1080E00010FA08DDFFE743F64060C2F200000068C6
:1080F00040680290FFE743F64060C2F2000000686B
:1081000090ED040A9DED021AB4EE410AF1EE10FA68
:1081100008DDFFE743F64060C2F200000068006936
:108120000290FFE743F64060C2F20000006890ED65
:10813000060A9DED021AB4EE410AF1EE10FA08DDCE
:10814000FFE743F64060C2F20000006880690290D9
:10815000FFE70298E8F765FA41EC100B9FED161B5C
:1081600053EC112B51EC100BE8F76BF941EC100BB1
:1081700051EC100BE8F768FA00EE900AB2EE040A30
:1081800002F014F88DED010A029843F62821C2F29C
:10819000000108609DED010A5920F3F7E5FD00900C
:1081A000009944F2A200C0F2F400EEF755FC04B0CE
:1081B00080BD00BF00BF00BF00000000000034C051
:1081C00080B58AB08DED090A0998E8F72AFA41ECE2
:1081D000100B51EC100B9FED3E0B53EC102B029348
:1081E0000192E8F72EF941EC100B51EC100BE8F777
:1081F0002BFA00EE900AB2EE040A8DED030A01F0AC
:10820000D5FF10EE100AE8F70CFA41EC100B51EC18
:10821000100B9FED310B53EC102BE8F712F941ECEA
:10822000100B51EC100BE8F70FFA08909DED080ABF
:1082300058200490F3F798FD0590059940F24140CD
:10824000C0F2F400EEF708FC43F62420C2F200006E
:1082500090ED000A43F62820C2F2000090ED001ACB
:1082600030EE010AB1EE400A8DED070A0798E8F7F3
:10827000D8F941EC100B9FED1A1B53EC112B51EC6C
:10828000100BE7F7C5FF019A029B41EC100B51EC74
:10829000100BE8F7D6F841EC100B51EC100BE8F797
:1082A000D3F99DED030A00EE900A01F07FFF0498D8
:1082B0008DED060A9DED060AF3F756FD059005992A
:1082C00040F23E40C0F2F400EEF7C6FB0AB080BDBB
:1082D00000000000000034400000000000003040BA
:1082E00000000000000008C080B584B002908DF846
:1082F000071000208DF806000298C0B9FFE742F68B
:108300000210C0F602006946086042F6AE00C0F6F0
:10831000020042F2D662C0F6020242F65713C0F6DD
:10832000020340F2AE3100F077FCFFE7FEE702986F
:10833000012100F06BF88DF806009DF8060028B1C9
:10834000FFE79DF806008DF80F005AE09DF8070042
:10835000C00720B1FFE7B7208DF8050003E0E92052
:108360008DF80500FFE7029901F12000D1F824C043
:10837000694600230B600DF105010122E0478DF8ED
:1083800006009DF8060010BBFFE79DF8070000F00F
:108390000100029981F835009DF80700C10742F6F7
:1083A0009310C0F6020042F6F813C0F6020300294B
:1083B00018BF034642F6AE00C0F6020042F2AC72AD
:1083C000C0F602024FF4707100F026FC14E09DF834
:1083D0000700C20742F69310C0F6020042F6F811F9
:1083E000C0F60201002A18BF014642F20750C0F64B
:1083F000020000F039FCFFE79DF806008DF80F0041
:10840000FFE79DF80F0004B080BD000080B584B088
:1084100002908DF8071000208DF806000298C0B970
:10842000FFE742F6CF00C0F602006946086042F658
:10843000AE00C0F6020042F2D662C0F6020242F678
:108440005713C0F6020340F2853100F0E5FBFFE769
:10845000FEE79DF80700C00720B1FFE706208DF872
:10846000050003E004208DF80500FFE7029901F103
:108470002000D1F824C0694600230B600DF10501EE
:108480000122E0478DF806009DF8060038B9FFE7A5
:10849000029801A900F024FD8DF80600FFE79DF881
:1084A000060060BBFFE79DF80700C00780B1FFE74B
:1084B0009DF80400800700280AD4FFE742F2EB7021
:1084C000C0F6020000F0D0FB02208DF80F001BE088
:1084D0009DF80700C00780B9FFE79DF804008007FA
:1084E00000280AD5FFE742F60D00C0F6020000F0B2
:1084F000BBFB02208DF80F0006E0FFE7FFE79DF8C9
:1085000006008DF80F00FFE79DF80F0004B080BD56
:1085100080B586B0059000208DF8130005982030B6
:1085200003900598C0B9FFE742F62510C0F6020097
:108530006946086042F6AE00C0F6020042F2D6621A
:10854000C0F6020242F65713C0F602034FF4EA7176
:1085500000F062FBFFE7FEE7059890F83400C007E3
:10856000C0B9FFE742F62510C0F602006946086070
:1085700042F6AE00C0F6020042F2D662C0F6020237
:1085800042F66513C0F602034FF4EB7100F044FBB2
:10859000FFE7FEE70398806820B1FFE70398816852
:1085A0008847FFE705980121FFF730FF8DF813009A
:1085B0009DF8130008B1FFE73AE0C7208DF80800E6
:1085C0000598808A0007002815D5FFE794208DF8CC
:1085D000090080208DF80A009A208DF80B0003987E
:1085E000D0F804C0694600230B6002A90422E047CA
:1085F0008DF813000BE00398D0F804C069460023FF
:108600000B6002A90122E0478DF81300FFE79DF8F7
:10861000130038B1FFE742F25860C0F6020000F0E4
:1086200023FB05E0059801F009FC8DF81300FFE736
:1086300005980021FFF7EAFE0398C06820B1FFE724
:108640000398C1688847FFE79DF8130006B080BD16
:1086500080B582B0019000208DF803000198F4F7F6
:10866000E7F88DF803009DF8030030B9FFE70198A3
:1086700000F00AFE8DF80300FFE79DF8030068B9DB
:10868000FFE70199012081F834000198016842F662
:108690003000C0F6020000F0E7FA0CE0019900207B
:1086A00081F834000198016842F23050C0F60200AF
:1086B00000F0DAFAFFE79DF8030002B080BD000089
:1086C00080B58CB00A900991089200208DF81F00A7
:1086D0000A98203006900A98C0B9FFE742F61A10AF
:1086E000C0F602006946086042F6AE00C0F602001D
:1086F00042F2D662C0F6020242F65713C0F60203F7
:108700004FF4047100F088FAFFE7FEE70A9890F84A
:108710003400C007C0B9FFE742F61A10C0F60200E5
:108720006946086042F6AE00C0F6020042F2D66228
:10873000C0F6020242F66513C0F6020340F21221AF
:1087400000F06AFAFFE7FEE70998089908440A99D9
:10875000096988420AD9FFE742F2DF50C0F60200F9
:1087600000F082FA05208DF82F00CEE0099860B95C
:10877000FFE708980A990969884206D1FFE70A9835
:10878000FFF7C6FE8DF82F00BFE00698806820B185
:10879000FFE7069881688847FFE7FFE70898002809
:1087A00000F0A180FFE70A9890F84400C007A8B144
:1087B000FFE70A980999089A00F0DEFB02900A98F0
:1087C000029900EBC10090F858008DF811000A984A
:1087D000029900EBC100406D039007E00A98007F0A
:1087E0008DF811000A9880690390FFE70A9801212B
:1087F000FFF70CFE8DF81F009DF81F0008B1FFE782
:1088000072E09DF811008DF813000A9809990DF196
:10881000130201920132FCF7DFFC01990A9890F8EB
:108820003500C2070420002A18BF05208DF8120069
:108830000698D0F804C09DF81220EE460023CEF82A
:108840000030E0478DF81F009DF81F0038B1FFE7AA
:1088500042F22E60C0F6020000F006FA44E00A98E8
:1088600001F0ECFA8DF81F009DF81F0008B1FFE73A
:108870003AE0099A0399B2FBF1F000FB112008B32A
:10888000FFE708980399099BB3FBF1F24A43D21A18
:108890001144884214D9FFE7039A0999B1FBF2F019
:1088A00000FB12110898891A084408900399099846
:1088B000B0FBF1F24A43121A11440844099000E057
:1088C00012E00FE008980399884209D9FFE703995D
:1088D0000898401A0890039909980844099000E004
:1088E00002E0FFE75AE7FFE70A980021FFF78EFD55
:1088F0000698C06820B1FFE70698C1688847FFE77F
:108900009DF81F008DF82F00FFE79DF82F000CB099
:1089100080BD000080B584B002900298019000F004
:1089200015F80146019888420AD2FFE7029840F202
:108930006C02C2F20002742100FB0120039002E0ED
:1089400000200390FFE7039804B080BD012070472A
:1089500080B584B0002001908DF80F008DF80E00D6
:1089600042F6AE00C0F60200009042F2F462C0F699
:10897000020242F65A03C0F60203742100F04CF9D9
:10898000009842F26742C0F60202752100F044F9F5
:1089900001980290FFE70298F0B9FFE7029840F2D1
:1089A0006C02C2F20002742100FB0123586002989D
:1089B00000FB0120FFF74CFE8DF80F009DF80F0023
:1089C00028B1FFE79DF80F008DF80E00FFE7FFE7E5
:1089D000029801300290DEE79DF80E0004B080BDE1
:1089E00080B584B00290019143F63060C2F200007D
:1089F000006808B1FFE70AE043F2C560C0F6020074
:108A000043F29861C0F602012222F2F7B7FA43F668
:108A10003060C2F20000006890F83400C00708B16E
:108A2000FFE70AE043F2B360C0F6020043F2986148
:108A3000C0F602012322F2F7A1FA43F63060C2F237
:108A400000000068019982695143FFF739FE20B1A7
:108A5000FFE76FF00400039002E000200390FFE7BF
:108A6000039804B080BD000080B582B00020FFF7FD
:108A700051FF014643F63060C2F200000160006819
:108A800020B9FFE74FF0FF30019023E043F630615B
:108A9000C2F200010868826940F2E400C2F20000FC
:108AA0000090C2610A6811699269B1FBF2F101623A
:108AB000C16943F25760C0F6020001F077FA0098EE
:108AC000016A43F27760C0F6020001F06FFA0020FD
:108AD0000190FFE7019802B080BD000080B586B02C
:108AE000DDF820C0049003910292019343F63060B8
:108AF000C2F20000006808B1FFE70AE043F2C56077
:108B0000C0F6020043F29861C0F602011622F2F7A5
:108B100035FA43F63060C2F20000006890F8340085
:108B2000C00708B1FFE70AE043F2B360C0F60200F5
:108B300043F29861C0F602011722F2F71FFA43F6DA
:108B40003060C2F20000006803998269029B01FB59
:108B50000231089A019B00F0F3FA20B1FFE76FF0B1
:108B60000400059002E000200590FFE7059806B09C
:108B700080BD000080B586B0DDF820C00490039170
:108B80000292019343F63060C2F20000006808B11F
:108B9000FFE70AE043F2C560C0F6020043F29861C5
:108BA000C0F602010922F2F7E9F943F63060C2F299
:108BB0000000006890F83400C00708B1FFE70AE041
:108BC00043F2B360C0F6020043F29861C0F60201BE
:108BD0000A22F2F7D3F943F63060C2F200000068CF
:108BE00003998269029B01FB0231089A019B00F004
:108BF00061F820B1FFE76FF00400059002E000206B
:108C00000590FFE7059806B080BD000081B0009098
:108C1000002001B07047000081B080B585B0079397
:108C200004900391029207A801900499039A43F2D9
:108C30007510C0F6020001F0B9F9029A019B43F6E3
:108C40002410C2F2000000904FF4807101F0D8F9B6
:108C5000009943F23160C0F6020001F0A7F905B0B7
:108C6000BDE8804001B0704783B080B583B0079302
:108C700006920591029005A8019043F28510C0F676
:108C8000020001F093F9029A019B43F62410C2F20C
:108C9000000000904FF4807101F0B2F9009943F2A6
:108CA0003160C0F6020001F081F903B0BDE88040F8
:108CB00003B0704780B58AB008900791069205937B
:108CC00000208DF813000898203003900898C0B950
:108CD000FFE742F6C500C0F602006946086042F6AA
:108CE000AE00C0F6020042F2D662C0F6020242F6C0
:108CF0005713C0F6020340F29B11FFF78DFFFFE709
:108D0000FEE70598C0B9FFE742F6C500C0F60200CD
:108D10006946086042F6AE00C0F6020042F2D66232
:108D2000C0F6020243F2D403C0F602034FF4CE7140
:108D3000FFF772FFFFE7FEE7089890F83400C007DE
:108D4000C0B9FFE742F6C500C0F6020069460860F8
:108D500042F6AE00C0F6020042F2D662C0F602024F
:108D600042F66513C0F602034FF4CF71FFF754FFCC
:108D7000FFE7FEE7079806990844089909698842C1
:108D80000AD9FFE742F2DF50C0F60200FFF76CFF9E
:108D900005208DF827005EE00398806820B1FFE78A
:108DA000039881688847FFE7089801F047F88DF835
:108DB00013009DF81300002840D1FFE703208DF831
:108DC0000700089807990DF107020132FCF704FA31
:108DD000089890F83500C1070420002918BF052025
:108DE0008DF8060000208DF80500FFE79DF80500CE
:108DF000B0F1FF3F12DCFFE79DF806200DF10701FF
:108E0000FF2088549DF8060001308DF80600FFE72A
:108E10009DF8050001308DF80500E7E70398D0F8CC
:108E200004C09DF80620059B0699EE46CEF800107A
:108E30000DF10701E0478DF81300FFE70398C068C4
:108E400020B1FFE70398C1688847FFE79DF813004A
:108E50008DF82700FFE79DF827000AB080BD0000CD
:108E600080B586B004900498B8B9FFE743F22510A6
:108E7000C0F602006946086043F2D900C0F602005D
:108E800042F2D662C0F6020242F65713C0F602035F
:108E90005121FFF7C1FEFFE7FEE70498FDF750FD03
:108EA00068B1FFE7049802A9FDF7E4F838B1FFE7DD
:108EB000049802A9FDF78AF98DF817000BE00498D1
:108EC000016842F69D20C0F60200FFF7CDFE0020AB
:108ED0008DF81700FFE79DF8170006B080BD000071
:108EE00080B584B00390029105208DF807000398A7
:108EF000C0B9FFE742F6B310C0F602006946086049
:108F000042F6AE00C0F6020042F2D662C0F602029D
:108F100042F65713C0F6020340F2D331FFF77CFE4E
:108F2000FFE7FEE70298C0B9FFE742F6B310C0F6CC
:108F300002006946086042F6AE00C0F6020042F246
:108F4000D662C0F6020242F6CF13C0F602034FF417
:108F50007571FFF761FEFFE7FEE7039901F120005D
:108F6000D1F824C0029B694601220A600DF1070175
:108F7000E04704B080BD000080B588B00690059140
:108F8000049200200390069890F84400C007C0B9EE
:108F9000FFE743F25710C0F602006946086043F24B
:108FA000D900C0F6020042F2D662C0F6020243F2D5
:108FB000F503C0F602034FF4B771FFF72DFEFFE78C
:108FC000FEE7059A0698416DB2FBF1F000FB112017
:108FD00018B1FFE7002007902DE003200290FFE783
:108FE0000698029900EBC100406DC0B1FFE70498FC
:108FF0000699029A01EBC201496D88420FD3FFE73F
:10900000059A0698029900EBC100416DB2FBF1F0A0
:1090100000FB112018B9FFE70298039008E00298BE
:1090200008B9FFE704E0FFE7029801380290D7E7AC
:1090300003980790FFE7079808B080BD80B590B00F
:109040000F90002006908DF83B0040F20360FCF783
:1090500015FD40F20560FCF711FD4FF4C060FCF710
:109060000DFD40F20F70FCF709FD0A20F2F77CFFBE
:1090700041F21040C4F2010004230193036041F265
:109080000040C4F201001021029103220392F3F781
:1090900079FA039A40F60040C4F2010000901821CA
:1090A0002823F3F76FFA00980199029B039AF3F7CC
:1090B00069FA07A8049000F0EFF943F60040C4F203
:1090C0000000059000F04EF9039B04990598069A5C
:1090D00008924FF4827CCDF81CC009920C934FF497
:1090E00000730A930D920B9200F08CF9059800F032
:1090F000C9F9059800F01AF906980F9A49F2CD417E
:10910000C0F6010151620F9A49F27941C0F601019E
:1091100091620F9A49F2C141C0F60101D1620F99E3
:1091200008630F9946F66D30C0F6010088630F9909
:109130004FF47A70C8639DF83B0010B080BD00000A
:1091400080B586B0059004910392029300208DF8BB
:1091500007000598808AC00770B1FFE70598049959
:10916000039A029BEC46CCF800304FF48073FCF776
:1091700003FA8DF8070017E00598808A4007002859
:1091800009D5FFE705980499039A029BF1F754FF6C
:109190008DF8070007E00598808A0007002801D5B0
:1091A000FFE7FFE7FFE7FFE79DF8070006B080BD98
:1091B00080B586B005908DF813108DF81220002030
:1091C0008DF811000598203003900598C0B9FFE78D
:1091D00042F6C410C0F602006946086042F6AE00CE
:1091E000C0F6020042F2D662C0F6020242F65713FF
:1091F000C0F6020340F20B41FFF70EFDFFE7FEE76A
:109200009DF81300C00780B1FFE750208DF80A00D9
:109210000398D0F804C0694600230B600DF10A01E1
:109220000122E0478DF8110006E005980121FFF7C3
:10923000EDF88DF81100FFE79DF81100A0B9FFE7E8
:1092400001208DF80A009DF812008DF80B0003989C
:10925000D0F804C0694600230B600DF10A01022218
:10926000E0478DF81100FFE79DF8110038B1FFE7E6
:1092700042F25E50C0F60200FFF7F6FCFFE79DF8F1
:10928000110006B080BD000080B584B003900020BE
:109290008DF80B000398C0B9FFE742F6EA10C0F65C
:1092A00002006946086042F6AE00C0F6020042F2D3
:1092B000D662C0F6020242F65713C0F6020340F22D
:1092C0008511FFF7A9FCFFE7FEE79DF80B0004B04E
:1092D00080BD000082B0019000910098B0F5804FF1
:1092E00006D1FFE70199086840F48040086005E076
:1092F0000199086820F480400860FFE702B07047D9
:1093000082B001908DF803109DF8030030B9FFE79B
:109310000199486840F00200486005E001994868FA
:1093200040F001004860FFE702B0704781B0009054
:109330000099086840F04000086001B070470000E4
:1093400081B000900098C06880B201B07047000002
:1093500082B00190ADF80210BDF802000199C8601A
:1093600002B0704780B586B005900598049043F62A
:109370000001C4F20001884219D0FFE7049843F6C7
:109380000041C4F2000188421AD0FFE7049843F27A
:109390000001C4F2010188421BD1FFE74FF4437082
:1093A0000390FCF793FB0398FCF77CFB12E040F280
:1093B0000E400290FCF78AFB0298FCF773FB09E071
:1093C00040F20F400190FCF781FB0198FCF76AFB2B
:1093D00000E0FFE706B080BD83B0019000910198E6
:1093E00080680099084204D0FFE701208DF80B0047
:1093F00003E000208DF80B00FFE79DF80B0003B0A1
:109400007047000083B00290019100200090029804
:1094100000680090009800F44150009001980168A5
:109420000098084300900198416800980843009014
:10943000019881680098084300900198C1680098DD
:109440000843009001980169009808430090019832
:109450004169009808430090019881690098084389
:1094600000900098029908600299C86920F4006091
:10947000C86103B07047000081B0009072B601B0BF
:109480007047000081B000900099486820F0040007
:10949000486001B07047000081B000900099002042
:1094A000086000994860009988600099C860009938
:1094B0004861009988610099086101B07047000017
:1094C00081B0009062B601B07047000080B588B0EE
:1094D000DDF828C0079006910592049300208DF8CE
:1094E0000F0002900598D8B1FFE70698B8B9FFE7DA
:1094F00043F2A910C0F602006946086043F28C10DE
:10950000C0F6020042F2D662C0F6020243F2B8137D
:10951000C0F602033F21FFF77FFBFFE7FEE7FFE70F
:109520000A98D8B1FFE70498B8B9FFE743F2A91049
:10953000C0F602006946086043F28C10C0F60200D3
:1095400042F2D662C0F6020243F21C13C0F60203D6
:109550004221FFF761FBFFE7FEE7FFE741F2004032
:10956000C4F201000421F2F7E9FF00200290FFE7B6
:109570000298059988422AD2FFE7FFE743F60040A8
:10958000C4F200000221FFF727FF08B9FFE7F5E763
:1095900006980299415C43F60040C4F20000FFF7D0
:1095A000D7FEFFE743F60040C4F200000121FFF7B9
:1095B00013FF08B9FFE7F5E743F60040C4F20000E7
:1095C000FFF7BEFEFFE7029801300290D0E70A984D
:1095D00030B1FFE704980A99FF22E6F7DBFDFFE7C9
:1095E00000200290FFE702980A9988422BD2FFE7F9
:1095F000FFE743F60040C4F200000221FFF7ECFE53
:1096000008B9FFE7F5E743F60040C4F20000002187
:10961000FFF79EFEFFE743F60040C4F20000012181
:10962000FFF7DAFE08B9FFE7F5E743F60040C4F2BA
:109630000000FFF785FE0499029A8854FFE702981C
:1096400001300290CFE741F20040C4F20100042152
:10965000F2F77CFF9DF80F0008B080BD82B001904A
:109660008DF8031000208DF80200FFE79DF802003E
:109670009DF8031088420DDAFFE701999DF802205A
:10968000885C30308854FFE79DF8020001308DF887
:109690000200EBE702B0704784B000200390029014
:1096A00041F20001C4F20201086840F001000860C4
:1096B000FFE703980130039041F20000C4F202007A
:1096C000006800F002000290FFE70299002001907C
:1096D00039B9FFE70398B0F5A06018BF01200190E9
:1096E000FFE70198C0070028E3D1FFE741F200003F
:1096F000C4F2020000688007002802D4FFE7FFE7F9
:10970000FEE741F21C01C4F20201086840F08050FB
:10971000086047F20001C4F20001086840F44040CC
:10972000086041F20401C4F2020100910868086077
:1097300008680860086840F48060086008684FF6B0
:10974000FF72CBF2C3721040086008680022C0F6B6
:1097500034021043086041F20001C4F202010868BB
:1097600040F080700860FFE741F20000C4F20200A0
:1097700000688001002801D4FFE7F5E747F2000107
:10978000C4F20001086840F480300860FFE747F247
:109790000400C4F200000068C003002801D4FFE701
:1097A000F5E747F20001C4F20001086840F4003018
:1097B0000860FFE747F20400C4F20000006880037D
:1097C000002801D4FFE7F5E741F20401C4F20201E9
:1097D000086820F003000860086840F00200086094
:1097E000FFE741F20400C4F202000068000700280D
:1097F00001D4FFE7F5E704B07047000080B5FFF73C
:109800004BFF80BD81B000900098042809D1FFE78C
:109810004EF21001CEF20001086840F0040008602A
:1098200008E04EF21001CEF20001086820F00400BA
:109830000860FFE701B0704780B56FF00400FFF7E4
:10984000E1FF0120FCF722F800EE100AB8EE400A12
:109850009FED0B1A80EE010A43F69400C2F200005D
:1098600080ED000A90ED000A9FED061A20EE010A35
:1098700043F69000C2F2000080ED000A80BD00BFF8
:109880000024F44A00007A4480B58AB0099009980F
:109890000890B0F1804F41D0FFE7089840F20041B6
:1098A000C4F20001884242D0FFE7089840F6000168
:1098B000C4F20001884243D0FFE7089840F6004117
:1098C000C4F20001884244D0FFE7089841F2000149
:1098D000C4F20001884245D0FFE7089841F20041F8
:1098E000C4F20001884246D0FFE7089842F60041E2
:1098F000C4F20101884208D0FFE7089843F2004112
:10990000C4F2010188423FD047E040F20B3007909B
:10991000FCF7DCF80798FCF7C5F83FE04FF48060EF
:109920000690FCF7D3F80698FCF7BCF836E040F256
:1099300001400590FCF7CAF80598FCF7B3F82DE054
:1099400040F202400490FCF7C1F80498FCF7AAF832
:1099500024E040F203400390FCF7B8F80398FCF7CA
:10996000A1F81BE040F204400290FCF7AFF8029827
:10997000FCF798F812E040F205400190FCF7A6F8D9
:109980000198FCF78FF809E040F20D300090FCF7E9
:109990009DF80098FCF786F800E0FFE70AB080BD6C
:1099A00081B000900099086840F00100086001B0A3
:1099B0007047000082B001900091009800880199E2
:1099C0008862019842F60041C4F20101884225D024
:1099D000FFE70198B0F1804F20D0FFE7019840F2F7
:1099E0000041C4F20001884218D0FFE7019840F618
:1099F0000001C4F20001884210D0FFE7019840F650
:109A00000041C4F20001884208D0FFE7019843F208
:109A10000041C4F20101884212D1FFE701990868B0
:109A200020F070000860009842880199086810438F
:109A30000860009882880199086810430860FFE771
:109A4000009880680199C862019841F20001C4F24F
:109A50000001884214D0FFE7019841F20041C4F2AE
:109A6000000188420CD0FFE70199086820F440709B
:109A700008600098C2880199086810430860FFE7F1
:109A8000019842F60041C4F20101884208D0FFE784
:109A9000019843F20041C4F20101884205D1FFE779
:109AA0000098007B01990863FFE70199486940F03D
:109AB0000100486102B0704782B001900091009AA5
:109AC0000199C8681043C86002B0704782B0019025
:109AD00000910098C0430199086102B070470000EE
:109AE00084B0029001910298C068019908400090EA
:109AF000029800690199084207D0FFE7009820B159
:109B0000FFE701208DF80F0003E000208DF80F0023
:109B1000FFE79DF80F0004B07047000081B000908F
:109B20000099002008800099488000998880009A58
:109B30004FF6FF7191600099C8800099087301B0D9
:109B40007047000080B588B007900691002005900E
:109B50000490039002900798019044F20041C4F2EF
:109B60000001884225D0FFE7019844F60001C4F2C5
:109B70000001884222D0FFE7019844F60041C4F278
:109B8000000188421FD0FFE7019845F20001C4F2AE
:109B9000000188421CD0FFE7019843F60001C4F29F
:109BA0000101884219D1FFE70320FBF76FFE059002
:109BB00014E00220FBF76AFE05900FE00220FBF79D
:109BC00065FE05900AE00220FBF760FE059005E0C7
:109BD0000220FBF75BFE059000E0FFE70598069981
:109BE00000EB5100B0FBF1F0029002984FF6F071DB
:109BF00008400490029800F00F000390BDF8100098
:109C0000BDF80C1008430799886008B080BD0000BB
:109C100082B00190009100986FF35F200199486035
:109C200002B0704780B588B007900798069044F25C
:109C30000041C4F20001884229D0FFE7069844F6AB
:109C40000001C4F2000188422AD0FFE7069844F6DA
:109C50000041C4F2000188422BD0FFE7069845F28C
:109C60000001C4F2000188422CD0FFE7069843F6B9
:109C70000001C4F2010188422DD1FFE740F20E300D
:109C80000590FBF723FF0598FBF70CFF24E040F25B
:109C900011400490FBF71AFF0498FBF703FF1BE049
:109CA00040F212400390FBF711FF0398FBF7FAFE16
:109CB00012E040F213400290FBF708FF0298FBF716
:109CC000F1FE09E040F214400190FBF7FFFE01981D
:109CD000FBF7E8FE00E0FFE708B080BD81B0009030
:109CE0000099C86840F40050C86001B07047000097
:109CF00083B00190ADF802100198BDF802108909F7
:109D00004058BDF8021001F01F01C840C00720B143
:109D1000FFE701208DF80B0003E000208DF80B0019
:109D2000FFE79DF80B0003B07047000083B002907E
:109D3000019100200090029840690090009820F462
:109D400000700090019900980843009000980299D3
:109D5000486103B07047000083B002900191002079
:109D60000090029840690090009820F48070009064
:109D7000019900980843009000980299486103B047
:109D80007047000082B0019000910199C86820F4EA
:109D9000C060C860009A0199C8681043C86002B0EA
:109DA0007047000083B0029001910020009002985B
:109DB000C0680090009820F004000090019900987D
:109DC0000843009000980299C86003B070470000F3
:109DD00082B0019000910199086920F44050086117
:109DE000009A019908691043086102B070470000A9
:109DF00083B002900191002000900298C06800900A
:109E0000009820F008000090019900980843009005
:109E100000980299C86003B07047000082B00190BA
:109E200000910199C86820F48050C860009A019997
:109E3000C8681043C86002B07047000080B586B0A3
:109E4000059000208DF813000598C06B03900598CD
:109E5000C0B9FFE742F62620C0F602006946086056
:109E600042F6AE00C0F6020042F2D662C0F602022E
:109E700042F65713C0F6020340F2DE31FEF7CCFE85
:109E8000FFE7FEE7FFE705980DF11201FFF728F85D
:109E90008DF813009DF8130030B9FFE79DF812000C
:109EA000C00708B9FFE714E00598806B029003989B
:109EB00020B9FFE704208DF813000AE0029818B1DA
:109EC000FFE702988047FFE7039801380390FFE718
:109ED000D9E79DF8130028B9FFE79DF81200C007E5
:109EE00038B1FFE742F2B160C0F60200FEF7BCFEF7
:109EF000FFE79DF8130006B080BD000080B59EB05E
:109F00001C901B911A921C9A43F6A400C2F2000006
:109F100005A940F20253F8F7E7F958B1FFE71C9999
:109F200041F6DC60C0F6020000F040F800208DF839
:109F3000770036E01B9A1A9B43F6A400C2F2000099
:109F4000029005A90191F8F79FFE01990246029837
:109F50000492F7F7ABFE039004981A9988420DD04B
:109F6000FFE71C99049A1A9B41F67550C0F602004F
:109F700000F01CF800208DF8770012E0039860B123
:109F8000FFE71C99039A41F64A50C0F6020000F020
:109F90000DF800208DF8770003E001208DF87700A0
:109FA000FFE79DF877001EB080BD00000FB4054BA1
:109FB00010B503A9044A029800F0E0FE10BC5DF859
:109FC00014FB0000F9C40008040000200FB47CB5A5
:109FD0000C0009AD01D0611E00E00021CDE90001B7
:109FE000064B6A462946089800F0C8FE002C02D0AD
:109FF000009A002111707CBC5DF814FBABB4010821
:10A000007CB50C001D461646014601D0601E00E0DE
:10A010000020CDE90010064B6A462946304600F084
:10A02000ADFE002C02D0009A002111707CBD000012
:10A03000ABB401084100080218BF04200A0E18BF83
:10A0400040F001004FF07F4232EA010108BF40F0CA
:10A050000200012808BF05207047000010EE101A0A
:10A0600008B5444A6846B2EB410F28D94FF0E640A4
:10A07000B0EB410F94BF00204FF0FF3000900098EC
:10A08000002861DB60EE000A10F0010F45D010F0EF
:10A09000020FDFED391A9FED391A00EEA11ADFED3C
:10A0A000381A40EE811A21EEA01AF0EE400A40EE76
:10A0B000010A08BFF1EE600AB0EE600A08BD314B3C
:10A0C00021F0004293423CD911F0004FDFED2E0AFF
:10A0D00020EE201ADFED2D0A19BF31EE601A71EE65
:10A0E000200A31EE201A71EE600ABDEEE01A11EE80
:10A0F000100A9FED271A00F0030000EEC10A9FED41
:10A10000251A009000EEC10A9FED231A00EEC10A45
:10A110009FED221A00EEC10AB1E79FED211A9FEDD3
:10A12000210A10F0020F00EE810A9FED1F1A00EEC7
:10A13000801AB7EE000A00EE810A18BFB1EE400A9D
:10A1400008BD00F099FC9AE710EE100A4000B0F14B
:10A150007F4F3CBFB7EE000A08BD07D14FF00100AA
:10A1600000F044FDBDE8084000F06EBCBDE80840CA
:10A1700000F064BCB61F927E336D4CB9DA82083CA5
:10A18000A0AA2ABE490E494683F9223F0000004B8F
:10A190000000C93F00A0FD390020A2331A61342C11
:10A1A000B93AB2BACA9F2A3DDDFFFFBE10B510EE24
:10A1B000100A2DED068BB7EE001A10EE901AB0EED5
:10A1C000418A0022A0F5000CDFEDFE9A4FF00073EB
:10A1D000BCF1FE4F4FF07F4403EB410C80F0B481A3
:10A1E000BCF1804FC0F02082F74901449FEDF73A5F
:10A1F000B1F5005F40F2D48200F58021CB0C03F072
:10A200000F0101EE901AC3F307137F3BA0EBC3507D
:10A21000B8EEE12A00EE100A1A44DFEDED2AF0EE66
:10A22000411A42EE221AF0EE613A70EE232A30EE25
:10A23000632A12EE900A00F500606FF30B0001EE46
:10A24000900A73EEE13A33EE804AC1EE223A22EEF2
:10A25000230A10EE100A00F500606FF30B0000EE09
:10A26000100A00EE612A00EE442A62EE232A70EE04
:10A27000221A21EEA12ADFEDD73A02EE233A23EE8D
:10A28000023A20EE012A22EE811A03EE211A32EE62
:10A29000010A10EE100A00F500606FF30B0000EEEB
:10A2A000100A72EE401A31EE812A9FEDCB1A60EE51
:10A2B000011A9FEDCA1A20EE011A9FEDC90A02EE9B
:10A2C000001A31EE810A10EE100A00F500606FF3FB
:10A2D0000B0000EE100AC34871EEC01A31EE812A5D
:10A2E000784400EBC10090ED003AD0ED011A100166
:10A2F00001EE100AF8EEC12A32EE211A31EE001AF0
:10A3000031EE031A31EE221A11EE100A00F5006048
:10A310006FF30B0009EE100A39EE621A31EE431AA0
:10A3200031EE400A30EE610A32EE40AA10EE900A99
:10A33000002100F500606FF30B0008EE900A08465C
:10A3400070EEE8AAE6F7F6FA29EE280A00F00C010A
:10A35000F0EEC00A10EE900AB0F18B4F0DDD10EE5A
:10A36000900AB4EB400F08D310EE100A4FF08B4266
:10A3700062F31E0008EE900A13E069EE2A0A38EE36
:10A38000AA1A4AEE010A30EE201A11EE100A00F560
:10A3900000606FF30B0008EE900A30EE680A70EE72
:10A3A000209A0C20E6F7C6FA38EEA90AB5EEC00AE4
:10A3B000F1EE10FA34BFFEEE000AF6EE000A30EEBF
:10A3C000800ABDEEC00A10EE100A011100EE101A4C
:10A3D000F8EEC00A00EE100AB8EEC00A38EEC00A65
:10A3E00030EE290ADFED801A9FED801A00EE211A67
:10A3F000DFED7F1A7F4900F00F0040EE011A21EED9
:10A40000800A794401EB800191ED001A7A49794480
:10A4100001EB8001D1ED001A784901EE801A7944F0
:10A4200001EB8000764990ED000A31EE001AB0EEA3
:10A43000E00A10EE100A884215DA10EE100AB4EBAA
:10A44000400F10D39FED6F0A30EE800ADFED6E0AE9
:10A4500020EE200A68EE010ABDEC068BBCEEC00AB5
:10A4600020EE200A10BD10EE100A6849884243DA37
:10A4700010EE100AB4EB400F3ED3BDEEE00A68EEDA
:10A48000010A10EE100A00EBD0725110C90501F15B
:10A490007E5100EE101AA0EB6200C00560EE200AAB
:10A4A00000F17E5000EE100A60EE808A18EE900AED
:10A4B000B4EB400F0FD1022000F098FB00F0CCFA73
:10A4C00010EE101A18EE100ABDEC068B61F31E0098
:10A4D00000EE100A10BD18EE900A400011D018EEE0
:10A4E000900AFFF7A7FD042808BF00F0BDFAB0EE00
:10A4F000680ABDEC068B10BDF5EEC00AF1EE10FA4D
:10A500000FD2022000F072FB00F0AEFA10EE101A2B
:10A5100018EE100ABDEC068B61F31E0000EE100A67
:10A5200010BD022000F062FB00F096FA10EE101A47
:10A53000B0EE480A10EE100ABDEC068B61F31E0067
:10A5400000EE100A10BD00BFBCF1804F6CD300BFFD
:10A5500000F1FF43B3F1FE4F24D200BFB0EEC00ABA
:10A5600010EE100AC1F3C7537F2B0DDB972BBFF6FC
:10A570003BAEC3F196034FF0010C0CFA03F3A3F1C9
:10A58000010C1CEA010F08D0012000F02FFBBDECEC
:10A59000068BBDE8104000F057BA0B4218BFBFEE63
:10A5A000008A21E643001CBF4FF08073B3EB400FDD
:10A5B00034D96FF01A02DFED161A20EE210A10EEE0
:10A5C000100A27E000000000001080C0ABAAAA3EDD
:10A5D0000000803D7EE24C3E00B03842D49AB8BBC9
:10A5E0003BAA3842B0120000FC596337C9FF753AE4
:10A5F0001872313D4E12000082120000F21100006C
:10A600000000FC420000FE420000004B00004043FE
:10A610000000004D10F0004FA0D1E5E5A0F50003CB
:10A62000B3F1FE4F21D2DFE503EB4103B3F1007F2D
:10A6300011D3F5EEC00AF1EE10FA05D1430018BFB0
:10A64000B4EB400F76D883E701F0004141F0FC51B4
:10A6500000EE901A7CE7B3F1807F06D210EE903ABC
:10A66000A3F5000300EE903A72E720F000426FF08D
:10A67000FF4C604C02EB0C03A34210D321F00043CB
:10A680009C44A4450BD3B0F17E5F18BF5FEA410C38
:10A6900050D0B2F1FF4F98BFB3F1FF4F05D9BDECD9
:10A6A000068BBDE8104000F0CCB9B0F1FF4F0FD0E1
:10A6B000C1F3C7527F2A09DB972A11DAC2F1960249
:10A6C000012303FA02F2531E0B4205D0002208E0D8
:10A6D00011F0004F55D128E00A4218BF012200D1E5
:10A6E000022210F5000F13D028B3B0F1004F26D08E
:10A6F00010F1814F4FD04FF0FE42B2EB400F94BFAC
:10A7000001200020012202EBE171884239D10CE0E6
:10A7100011F0004F02D0012A38D032E0012A02BFE6
:10A720009FED350ABDEC068B10BD9FED340ABDECE4
:10A73000068B10BD2FE011F0004F0CD121E0B1F1DC
:10A74000FF4F1ED011F5000F05D011F0004F15D0AE
:10A750000AB1012A08D0022000F048FABDEC068BAD
:10A76000BDE8104000F060B9022000F03FFA00F0B0
:10A770005BF9BDEC068BB1EE400A10BD0AB1012AAF
:10A7800004D0B0EE690ABDEC068B10BDBDEC068BA3
:10A790009FED1B0A10BDBDEC068BB7EE000A10BD85
:10A7A00030EE410AB5EE001A9FED172A00EE413A4D
:10A7B000B6EE001A60EE001A00EE431A61EEC11AFE
:10A7C0009FED101A20EE011A20EE020A9FED0F2ACB
:10A7D00001EE820A71EE001A11EE900A00F5006097
:10A7E0006FF30B0009EE100A31EE491A31EE00AAA0
:10A7F0009CE50000FFFF3F00000080FF0000807F1D
:10A800000000008000B0B841D49A38BB3BAAB841E0
:10A8100010B52DED028BB0EE408A18EE100AE5F768
:10A82000DEFF01EE100A18EE100AB7EE000A78EE0D
:10A83000410A10F0004F4FF07F4010EE901A12D0F6
:10A84000B1F13F4F24BF10EE901AB0EB410F12D27E
:10A8500010EE901AB1F17C5F1CDD10EE901AB0EB97
:10A86000410F17D314E0B1F13F4F07D910EE901A02
:10A87000B0EB410F02D331EE401A0BE010EE901A0C
:10A88000B1F17C5F06DB10EE901AB0EB410F01D303
:10A8900031EE001A18EE100ABDEC028B11EE101A00
:10A8A00061F31E0000EE100A10BD000000B510EEAE
:10A8B000101A2DED028B81B04D4A6846B2EB410F64
:10A8C0003CD94FF0E640B0EB410F94BF00204FF071
:10A8D000FF3000900098B0EE408A00285FDB28EE41
:10A8E000080ADFED440A9FED441A00EE201ADFED5E
:10A8F000430A40EE010A9FED421A00EE201ADFEDF6
:10A90000410A10F0010F40EE010A9FED3F1A00EEE0
:10A91000201A61EE000AB0EE480A08EE200A02BFD3
:10A9200001B0BDEC028B00BDBFEE001A01B0C1EE5C
:10A93000000ABDEC028BB0EE600A00BD334B21F083
:10A940000042934228D911F0004FDFED310A20EE8A
:10A95000201ADFED300A19BF31EE601A71EE200ABD
:10A9600031EE201A71EE600ABDEEE01A11EE100A07
:10A970009FED291A00F0030000EEC10A9FED271A8F
:10A98000009000EEC10A9FED261A00EEC10A9FED6D
:10A99000251A00EEC10A9DE700F06EF89AE718EE5E
:10A9A000100A4000B0F17F4F0DD218EE100AFFF7E9
:10A9B00041FB042808BF00F057F8B0EE480A01B088
:10A9C000BDEC028B00BD09D1012000F00FF901B0F0
:10A9D000BDEC028B5DF804EB00F036B801B0B0EED0
:10A9E000480ABDEC028B5DF804EB00F027B80000CC
:10A9F000B61F927EBCE9223C0B6D063B8A76CE3CAC
:10AA0000ACB5593D35A1083E29AAAA3E490E494692
:10AA100083F9223F0000004B0000C93F00A0FD3930
:10AA20000020A2331A61342CDFED030AB7EE001ABE
:10AA300081EE200A704700000000000030EE000A9E
:10AA4000704730EE200A7047DFED020A80EEA00A60
:10AA500070470000000000009FED020A20EE000A8F
:10AA600070470000000000709FED020A20EE000A0F
:10AA700070470000000000102DE9F0014FF07F4208
:10AA8000B2EB410F9FBF4FF0FF310160BDE8F00115
:10AA900070474FF0004242EA0123C1F3C752783AAF
:10AAA000551112F01F0C434CCCF120067C44C1F32D
:10AAB000C752A2F178024FEA621204EB820254F804
:10AAC000254008BFD2E9015612D0556804FA0CF4AB
:10AAD00025FA06F73C43976805FA0CF527FA06F8BD
:10AAE000D26807FA0CFCF24045EA08054CEA020677
:10AAF000A4FB034CA5FB0352A6FB03631D449D422C
:10AB000034BF012600261319334416B1934202D9EB
:10AB100003E0934201D2012200E00022624402F1EC
:10AB2000200C9206DC0C42EA443200EE102A5B0351
:10AB3000DFED210AF8EEC01A00EE103A4FEA9C1C35
:10AB400011F0004FB8EE400AC0F800C020EE201A05
:10AB500000EE105ADFED190AB8EE400A20EE200A86
:10AB600071EE810A70EE800A10EE902A02F5006202
:10AB70006FF30B0200EE902A70EEE11A31EEC11A6B
:10AB8000DFED101A30EE411A9FED0D0A20EE800A1B
:10AB900001EE210A9FED0C1A00EE810A04BFBDE808
:10ABA000F0017047CCF180510160BDE8F001B1EED9
:10ABB000400A7047AC0C0000000000360000802CFA
:10ABC00022AAFD29DB0FC92F0000C92F02E008C807
:10ABD000121F08C1002AFAD170477047002001E017
:10ABE00001C1121F002AFBD1704700000149086013
:10ABF00070470000100000202DE9FF5F82B00021A7
:10AC0000DDE90430020DDDF840B0034318D044F60E
:10AC10001050A2F2FF3242431514119801281FD0A0
:10AC2000A5EB0B00401C5FEA000A4FF000064E4FF8
:10AC3000DFF83891B046504615D5CAF1000413E04C
:10AC4000119801244AA3012801D16FEA0B0102984F
:10AC5000119AC0E90031C0E9024206B0BDE8F09F98
:10AC6000CBF10000DFE704460021404A491842EBDF
:10AC70000450CDE9001012E0E00707D032463B4611
:10AC800040464946E5F76BFB8046894632463B46DF
:10AC900010461946E5F763FB06460F466410002C84
:10ACA000EAD1DDE90401DDE90023BAF1000F06DA9B
:10ACB000E5F755FB42464B46E5F751FB05E0E5F766
:10ACC000C0FB42464B46E5F7BCFB04460E4600225D
:10ACD000284BE5F717FE03D84FF0FF30014607E099
:10ACE0000022254B20463146E5F792FAE5F7F2FDC2
:10ACF000102409E0002C0ADB0A220023E5F7D6FC29
:10AD0000039B30321A55641E50EA0102F2D1641CD2
:10AD1000039AC4F111031444119A012A03D00122A9
:10AD200008430DD10AE0084304D000204FF0110B76
:10AD3000119072E7A3EB0B056D1E0DE05B4504DD82
:10AD40004FF0000205F1010504E003DA4FF00002C4
:10AD5000A5F10105002AECD002981199C0E9023151
:10AD6000C0E9004579E70000000014400000F03F12
:10AD7000300000000000F0430000E03F2DE9FF4FED
:10AD800095B09B468946064600250FE2252877D1D7
:10AD900000242746F84A0121059400E0044316F8F0
:10ADA000013F203B01FA03F01042F7D130782A2806
:10ADB00011D06FF02F033078A0F13002092A16D895
:10ADC000059A44F0020402EB820203EB42021044B3
:10ADD000761C0590EFE759F8042B0592002A03DA58
:10ADE000504244F40054059044F00204761C30783C
:10ADF0002E2816D116F8010F44F004042A280DD08D
:10AE00006FF02F023078A0F13003092B09D807EB3F
:10AE1000870302EB4303C718761CF3E759F8047B5A
:10AE2000761C30786C280FD006DC4C2817D06828A8
:10AE30000DD06A2814D104E0742810D07A280FD1DC
:10AE40000DE044F400140AE044F4801401E044F4FA
:10AE500040147278824202D104F58014761C761C6C
:10AE6000307866280BD013DC582877D009DC00280E
:10AE700075D04528F6D04628F4D047281AD19DE150
:10AE800018E0632835D0642879D0652812D195E17F
:10AE9000702873D008DC6728F1D069286FD06E283D
:10AEA0000DD06F2806D1B5E073282CD0752875D049
:10AEB000782874D05A46179990476D1C75E1C4F3F1
:10AEC0000250022809D003280DD0D9F80010042818
:10AED0000DD00D6009F1040967E1D9F80010EA17F7
:10AEE000C1E90052F6E7D9F800100D80F2E70D70C5
:10AEF000F0E719F8041B8DF8001000208DF8010010
:10AF0000EA46012003E059F804AB4FF0FF30610737
:10AF10004FF0000102D40DE008F101018846B9426A
:10AF20000FDA8045F8DB1AF808100029F4D108E0A0
:10AF300008F1010188468142FADB1AF8081000295D
:10AF4000F6D105985B46A0EB080721463846179ACC
:10AF500000F094FA284400EB080507E04DE029E1F1
:10AF60000DE01AF8010B5A4617999047B8F10108FD
:10AF7000F7D25B4621463846179A13E142E00A228F
:10AF80000092C4F302524FF0000A022A08D059F886
:10AF900004CB032A4FEAEC710AD00DE029E02AE045
:10AFA00009F1070121F00702F2E802C1914609E028
:10AFB0000FFA8CFC4FEAEC71042A03D14FFA8CFC97
:10AFC0004FEAEC71002907DA0A460021DCF1000C97
:10AFD00061EB02012D2202E0220504D52B228DF81F
:10AFE0000420012203E0E20701D02022F7E7904687
:10AFF00059E00A2102E010220DE010214FF0000A72
:10B0000000910BE010224FF0000A44F004040827DE
:10B01000009203E008224FF0000A0092C4F30252AB
:10B02000022A05D059F804CB0021032A08D009E0F0
:10B0300009F1070121F00702F2E802C1914605E09B
:10B040001FFA8CFC042A01D10CF0FF0C4FF0000811
:10B05000220728D5702806D0009B83F0100353EAFE
:10B060000A0305D00EE040228DF80420012208E0FA
:10B070005CEA010206D030228DF804208DF805002C
:10B0800002229046009B83F0080353EA0A030AD188
:10B090005CEA010201D1620705D530228DF8042057
:10B0A0004FF001087F1E582804D034A003900EA84A
:10B0B00002900DE036A0F9E753466046009AE5F7A6
:10B0C000F5FA84460398825C0298401E0290027052
:10B0D0005CEA0100F0D1029806A9081A00F1200AE2
:10B0E000600702D524F4803400E00127574502DDD3
:10B0F000A7EB0A0000E0002000EB0A010090059891
:10B100004144401A0590E00306D45B462146179A55
:10B11000059800F0B3F90544002706E001A85A4657
:10B12000C05D179990476D1C7F1C4745F6DBE00317
:10B130000CD55B462146179A059800F09FF9054407
:10B1400004E030205A46179990476D1C0099481E1C
:10B1500000900029F5DC08E0029802995A46007830
:10B16000491C0291179990476D1CBAF10001AAF190
:10B17000010AF1DC65E100000928010030313233B9
:10B180003435363738396162636465660000000023
:10B19000303132333435363738394142434445460D
:10B1A0000000000000F058F90544761C30780028B3
:10B1B0007FF4ECAD19B02846BDE8F08F620700D4EB
:10B1C000062709F1070222F0070CFCE80223E146FA
:10B1D00003F000485FEA080C02D00FF2702C0DE07B
:10B1E0005FEA045C02D50FF2682C07E05FEAC47CDA
:10B1F00002D00FF2602C01E0AFF2700C4FF0FF387C
:10B2000023F00043CDF850C065280CD006DC45285B
:10B2100009D046281DD047283DD13DE0662818D0EA
:10B2200067287ED138E00021112F01DB112000E0DA
:10B23000781CCDE9000106A90EA8FFF7DDFCDDE9C9
:10B240000F010E9A03910021009207F1010A049167
:10B250004DE04FF000400097CDE9011006A90EA87F
:10B26000FFF7CAFCDDE90F0203920E9B1199002241
:10B27000DDF80CA00093049211B9791C00EB010ACF
:10B28000B7EB0A0004D4C0F1FF3007F1010A0490C3
:10B29000AAEB0700019044E0012F00DA012700210A
:10B2A000112F01DD112000E03846CDE9000106A98B
:10B2B0000EA8FFF7A1FCDDE90F010E9A0391002112
:10B2C00004910092BA4621070CD40399514500DA43
:10B2D0008A46BAF1010F05DD009AAAF10101515C1D
:10B2E000302908D0B84202DA10F1040F06DA012141
:10B2F000CDE9011015E0AAF10101E9E7002805DC1C
:10B30000049901440491AAEB000102E0411C51455B
:10B3100000DD8A460499401A401C01904FF000401D
:10B320000290200704D40198504501DBCDF8048039
:10B3300000208DF84F0002980DF14F07B0F1004F3B
:10B3400025D02B200E9002984FF0020800280CDA2E
:10B35000404202902D200E9007E00A210298E5F766
:10B360008FF93031029007F8011DB8F10001A8F102
:10B370000108F2DC02980028EFD1791E0E980870BF
:10B38000307800F0200040F0450007F8020D12A8C8
:10B39000C01B00F107081498007800B1012000EBF1
:10B3A0000A01019801EBE07105984144401A401EE2
:10B3B0000590E00306D45B462146179A059800F0F5
:10B3C0005DF805441498007818B15A4617999047CB
:10B3D0006D1CE00324D55B462146179A059800F0C2
:10B3E0004DF805441CE00498002807DBDDE9030163
:10B3F000884203DD0098405C179901E017993020DE
:10B400005A469047049805F10105401C04900198A4
:10B41000401E019004D12E205A46179990476D1C6A
:10B42000BAF10001AAF1010ADDDC05E017F8010B11
:10B430005A46179990476D1CB8F10001A8F1010810
:10B44000F4DC5B462146179A0598ABE62D00000018
:10B450002B000000200000002DE9F04104460025EB
:10B460001E461746880404D405E039462020B0471C
:10B470006D1C641EF9D52846BDE8F0812DE9F04128
:10B48000044600251E469046C80301D5302700E03B
:10B490002027880404D505E041463846B0476D1C96
:10B4A000641EF9D52846BDE8F0814A68002A06D016
:10B4B0000A68531C0B6010704868401E4860704753
:10B4C00070B50D46044602E02946F1F715F814F868
:10B4D000010B0028F8D170BD10B5002821D0114B08
:10B4E0000022001F196803E0814203D80A46496818
:10B4F0000029F9D152B11368841A9C4204D1006822
:10B5000018441060104602E0506000E0186039B145
:10B5100002680B1A934203D10B681A44026049680F
:10B52000416010BD08000020F0B50B30154D20F033
:10B5300007010024144A0FE003688B420BD38B42AF
:10B5400005D95E1A43184768C3E9006700E04368FD
:10B55000136002C004E0021D10680028ECD12046F0
:10B56000002802D1286808B10020F0BD064A07482B
:10B570001060074A121A22F00702C0E900240120D5
:10B580002860D7E70C00002008000020543E00206F
:10B59000505E002000000000000000000000B33FEB
:10B5A000B2BE7D3A00002E40DFCF513800007E4011
:10B5B000BF51FABA00E0A44019DAC3BA00E0C840AB
:10B5C000C2ED8AB90040EB40CD1F2CBA00100641F5
:10B5D0002AFFFABA00C01541DFCFD13700D024418D
:10B5E0009A97703A0050334189478E360040414166
:10B5F000E75B9D3800B04E41C00A98B900A05B419E
:10B60000558F943A00306841DA92C0BA00407441D4
:10B6100062B3C63A0000803F00A0853F00908B3F98
:10B6200000C0913F0030983F00F09E3F00F0A53FE2
:10B630000050AD3F0000B53F0000BD3F0060C53F7A
:10B640000020CE3F0040D73F00C0E03F00C0EA3FAF
:10B650000020F53F000000007D36AC397D3C3839D4
:10B66000EBDCF438320A7E39124C26399B6AED390C
:10B67000A4EE83397F661E39F6398A392B42653943
:10B68000A48211395B991F39C3EECD39DDE7C63786
:10B69000A5A22F390000803FC3AA853FC2958B3FEA
:10B6A000D3C3913FF037983F32F59E3FD7FEA53F79
:10B6B0003F58AD3FF304B53FA408BD3F2A67C53FDF
:10B6C0008C24CE3FFD44D73FDFCCE03FC7C0EA3FEC
:10B6D0007D25F53F004040404040404040404141D2
:10B6E0004141414040404040404040404040404057
:10B6F00040404040400502020202020202020202F1
:10B7000002020202022020202020202020202002ED
:10B71000020202020202909090909090101010107D
:10B720001010101010101010101010101010101019
:10B7300002020202020288888888888808080808AD
:10B740000808080808080808080808080808080879
:10B750000202020240000000D5B60108000000000D
:10B760006E83F9A22915444ED15727FCC0DD34F56C
:10B77000999562DB4190433CAB6351FE01E8812C1B
:10B780000003A9280102200002040002640404C08E
:10B7900003110D0400102274023F0003A9320003BC
:10B7A000A9330006F303828000000208090019E1B2
:10B7B000F77FC4E9E8BE1B94980FE31ADD7234B337
:10B7C000910A593B80D41DDE0034203700392034E3
:10B7D00000313838003337350037353000314B35DC
:10B7E0000033204B0036204B0031324B000000006C
:10B7F00000000000000000000000000000001F002A
:10B8000000000000004000000000001C001C0000C0
:10B810000000000000000001071D071D040000C01B
:10B8200000C000000000060A1F090900004040E0B7
:10B830004080001C151E03050100000000C040C030
:10B840000000031C161103000080404080400000EF
:10B8500000001C0000000000000000000000001FAD
:10B86000200000000000C0200000000000300F0099
:10B8700000000000608000000000120C1E0C12008E
:10B88000000000000000000002020F0202000000A1
:10B8900000800000000000000000000000007000B8
:10B8A0000000000000010101000000000000000095
:10B8B0000000000000000000000040000000000048
:10B8C0000000030C10000020C000000000000F105A
:10B8D00012100F00008040404080000010101F0038
:10B8E0000000004040C040400000081011130E004E
:10B8F0000040C04040400000081212120D000080BD
:10B900004040408000000307091F010000000000C4
:10B91000C00000001C14141403000040404040808C
:10B9200000000F1A121211000080404040800000F9
:10B930001010111E180000004080000000000D12C1
:10B9400012120D0000804040408000000C121212C4
:10B950000F0000404040C0800000000400000000D4
:10B960000000400000000000000400000000000093
:10B97000700000000000020505050800000000003E
:10B98000008000050505050500000000000000001E
:10B99000000008050505020000800000000000000E
:10B9A00010131418000000004000000000000718E9
:10B9B00017140F0000C020D050C000000007190766
:10B9C000000000C0000000C000001F1212120D0095
:10B9D00000C04040408000000F1810101800008088
:10B9E000C04040C000001F1010180F0000C04040B1
:10B9F000C08000001F121212120000C040404040E0
:10BA000000001F121212120000C00000000000000F
:10BA10000F1810120B000080C04040C000001F0231
:10BA200002021F0000C0000000C0000010101F1024
:10BA30001000004040C0404000000010101F0000F7
:10BA400000804040800000001F020508100000C078
:10BA50000000804000001F000000000000C04040C7
:10BA6000404000001F0C020C1F0000C0000000C07E
:10BA700000001F0C02011F0000C0000080C0000079
:10BA80000F1010100F0000804040408000001F1277
:10BA900012120C0000C00000000000000F10101077
:10BAA0000F000080404060A000001F1212130D0024
:10BAB00000C00000008040000C121212090000803B
:10BAC00040404080000010101F101000000000C017
:10BAD000000000001F0000001F0000804040408068
:10BAE0000000180700071800000000C00000001C3C
:10BAF000030E0E031C0000C00000C0000000100D6B
:10BB0000020D10000040800080400000100C030C6B
:10BB10001000000000C0000000001011121C1000F6
:10BB20000040C04040400000003F200000000000F6
:10BB3000E02000000000100C0300000000000000E6
:10BB4000C020000000203F000000000020E00000B6
:10BB500000040810080400000000000000000000BD
:10BB60000000000000001010101010100000201045
:10BB700000000000000000000000000004050505B2
:10BB8000030000C0404040C000003F040404030024
:10BB900000C0404040800000030404040000008016
:10BBA000404040000000030404043F000080404087
:10BBB00040C00000030505050300008040404040F0
:10BBC0000000041F242400000000C000000000004A
:10BBD0000304040407000080505050E000003F04BC
:10BBE0000404030000C0000000C00000000427009F
:10BBF0000000004040C04040000004042700000056
:10BC0000001010E0000000003F010304000000C02D
:10BC1000000080400020203F000000000000804025
:10BC20004000000007040704070000C000C000C077
:10BC3000000007040404030000C0000000C000006E
:10BC40000304040403000080404040800000070417
:10BC50000404030000F0404040800000030404049A
:10BC600007000080404040F0000000070404060088
:10BC70000000C000000000000205050505000040AE
:10BC8000404040800000041F040400000000C04049
:10BC9000400000000700000007000080404040C056
:10BCA0000000040300030400000080408000000046
:10BCB0000601020106000000C000C00000000406EA
:10BCC000010604000040C000C0400000040300035F
:10BCD0000400001010E00000000004040506040049
:10BCE0000040C0404040000002023D200000000033
:10BCF00000E02000000000003F000000000000F015
:10BD00000000000000203D020200000020E00000D2
:10BD1000000002020201010000000000000000001B
:10BD20000000000000000000000000000000000013
:10BD300000001F000000000000009800000000004C
:10BD4000001E001E000000000000000000000000B7
:10BD500002031E02071E024058E04078C040000067
:10BD60000709083F08080400108888FE88C8700C7E
:10BD700012120C010102000040808030484830005F
:10BD8000000F131010000000F01808886810E80079
:10BD900000001E0000000000000000000000000085
:10BDA00000000738200000000000E0180400000038
:10BDB000002038070000000000041CE00000000024
:10BDC0000905061F060509000000008000000000AC
:10BDD00000000700000000808080F080808000006C
:10BDE000000000000000000000021C18000000001D
:10BDF0000000000000000000004040400000000083
:10BE00000000000000000000000018180000000002
:10BE1000000000010E100000021C60800000000005
:10BE20000708101110080700E01008080810E000CB
:10BE30000008101F00000000000808F808080000B3
:10BE40000810101010190E0008182848C88808009B
:10BE50000810111111120E00100808080898F000BF
:10BE60000001060C101F0000C040404040F8400098
:10BE70001F12121212110000100808080810E0002A
:10BE8000070C191111110800E09008080898F0003B
:10BE900010101010131C1800000830C00000000023
:10BEA0000E11111111110E00F09808080898F000F9
:10BEB0000F19101010090700108888889830E000CA
:10BEC000000003030000000000001818000000003C
:10BED000000003030000000000021C180000000026
:10BEE0000001010302020400804040602020100095
:10BEF0000202020202020200404040404040400074
:10BF00000402020301010000102020604040800074
:10BF1000081011130E0000000000D80000000000FF
:10BF2000030C1811121A0F00F00C04E21212F000A8
:10BF300000000F100F00000018E0404040E0180023
:10BF40001F11111111110E00F80808080898F000CF
:10BF50000708101010100800E0100808080810006A
:10BF60001F10101010080700F80808080810E0005B
:10BF70001F11111111111100F80808080808080014
:10BF80001F11111111111100F80000000000000034
:10BF90000708101010100800E01008080888F000CA
:10BFA0001F01010101011F00F80000000000F8005E
:10BFB00010101F10100000000808F808080000000A
:10BFC000000010101F00000010080808F00000001A
:10BFD0001F01030408100000F88080C03018000022
:10BFE0001F00000000000000F8080808080808000A
:10BFF0001F18070007181F00F80000800000F80055
:10C000001F18060100001F00F80000806018F800EB
:10C010000708101010080700E01008080810E000DA
:10C020001F10101010190F00F88080808080000011
:10C030000708101010080700E01008080C1EE000A8
:10C040001F10101010190F00F88080808040300001
:10C050000E09111010100800100808888898701038
:10C0600010101F10101000000000F8000000000069
:10C070001F00000000001F00F01808080818F0005A
:10C0800018070000000718000000F008F000001C6E
:10C090000300030300031C00F878808078F8000098
:10C0A00010080601060810000830C000C030081053
:10C0B0000C0301030C1000000000F8000000000059
:10C0C00010101011121C18001838488808080800B1
:10C0D00000003F20200000000000FC0404000000DD
:10C0E000100E010000000000000080601C02000033
:10C0F0000020203F00000000000404FC00000002BB
:10C100000608100806020000000000000000000001
:10C110000000000000000001010101010101010017
:10C12000004060100000000000000000000000005F
:10C1300000020404040300007088888890F800005E
:10C140003F06040406010000F810080818E000008B
:10C150000102040404020000E010080808100000B6
:10C1600001060404063F0000E018080810F800006B
:10C170000106040406030000E0908888889000000F
:10C1800004041F24240000000000F8000000000048
:10C190000106040402070000E01A090911FE00006C
:10C1A0003F02040404030000F800000000F800004F
:10C1B00004043700000000000808F8080800000028
:10C1C0000004043700000000010101FE000000002F
:10C1D0003F00010204000000F880806010080000A9
:10C1E00020203F00000000000000F00808080000C8
:10C1F0000704040704040300F80000F80000F80036
:10C200000702040404030000F800000000F8000026
:10C210000306040406030000F018080818F00000E4
:10C220000702040406010000FF18080818E00000D7
:10C230000106040402070000E018080810FF0000CF
:10C24000000706040402000000F8000000000000DF
:10C250000304040404020000908888484870000029
:10C2600004041F04040400000000F0080808000093
:10C270000700000000070000F008080810F80000A0
:10C28000060100000106000000C03838C0000006AA
:10C290000100010100010600E018E0E018E00000E4
:10C2A00004020101020400000830C0C03008000090
:10C2B00004030000010600000081733CC000000080
:10C2C0000404040405060000182848880808000033
:10C2D00000001F202000000080807C02020000007F
:10C2E00000003F00000000000000FF000000000010
:10C2F00020201F000000000002027C80800000005F
:10C30000000000000000000040808080404080006D
:10C31000000000000000000000000000000000001D
:10C32000000000000000000000000000000000000D
:10C33000070F0F07000000000000C0FBFBC000005B
:10C34000000000000000000000000000000E0E00D1
:10C35000000E0E00000000000000000000000000C1
:10C3600000000000000000000000010F0F01010F9D
:10C370000F01000098FFFF9898FFFF980000000051
:10C38000000000000000000003070F3C3C0E060206
:10C3900000000486C7C3633F1E0C0000000000C0FD
:10C3A000C0000000000C1E121E0C030F0C00000049
:10C3B000030F3CF0C60F090F06000000000000004C
:10C3C000000000000002070D080D070200001C3EDF
:10C3D00063C383A73E33210000000000000000007B
:10C3E00000000000000E0E00000000000000000031
:10C3F000000000000000000000000000000000003D
:10C400000001070C18100000000000FEFF000000F3
:10C4100000000000000080C060200000000000104C
:10C42000180C07010000000000000000FFFE0000E3
:10C430000000002060C0800000000000010100003A
:10C4400000000101000024ACF87070F8AC2400007A
:10C4500000000000000000000000000000070700CE
:10C4600000000000C0C0C0F8F8C0C0C0000000005C
:10C4700000000000000000000000000000000000BC
:10C480000000000000030300000000000000004066
:10C49000800000000000000000000000000000001C
:10C4A00000C0C0C0C0C0C00000000000000000000C
:10C4B000000000000000000000000000000000007C
:10C4C0000003030000000000000000000000000066
:10C4D00000000000000000030F0C000000030F3CF0
:10C4E000F0C000000000C0C000000000000000001C
:10C4F00003070E0C0C0E07030000FCFE0763630726
:10C50000FEFC00000000000000000000000000062B
:10C51000060F0F0000000000000000FFFF000000F9
:10C5200000000000000000000000000002060E0CE9
:10C530000C0E07030000070F1F3B73E3C3830000CB
:10C540000000000000000000000002060E0C0C0EAF
:10C55000070300000406076363F7BE1C0000000029
:10C560000000000000000000000F0F00000707009F
:10C57000000070F0B03030FFFF300000000000001D
:10C580000000000000000F0F0C0C0C0C0C0C000045
:10C59000C4C6C7C3C3E77E3C000000000000000023
:10C5A0000000000003070E0C0C0E06020000FCFE4B
:10C5B000376363773E1C00000000000000000000AD
:10C5C0000000000C0C0C0C0D0F0E00000000007F92
:10C5D000FF800000000000000000000000000000DC
:10C5E00003070E0C0C0E070300001CBEF76363F775
:10C5F000BE1C000000000000000000000000030757
:10C600000E0C0C0E0703000084C6E76363C7FEFC34
:10C61000000000000000000000000000000000001A
:10C620000000000000000000006363000000000044
:10C6300000000000000000000000000000000000FA
:10C640000000000000000063630000000000000024
:10C65000004080000000000000000001030604000C
:10C6600000002070D88C06030100000000000000CC
:10C6700000000000000000010101010100000000B5
:10C6800000989898989800000000000000000000B2
:10C69000000000000004060301000000000000018B
:10C6A00003068CD87020000000000000000000008D
:10C6B000000003070E0C0C0E070300000000003BF7
:10C6C0007BE0C080000000000000000000000000CF
:10C6D00003070C0C0C0C07030000FEFF0179CDCD05
:10C6E000FDFD00000000808080808080000001034C
:10C6F000060C0C0603010000FFFF18181818FFFFB6
:10C700000000000000000000000000000F0F0C0CF3
:10C710000C0C07030000FFFF63636363FE9C0000D3
:10C720000000000000000000000003070E0C0C0ECB
:10C7300006020000FCFE07030307060400000000D9
:10C7400000000000000000000F0F0C0C0C0E07038F
:10C750000000FFFF03030307FEFC000000000000D1
:10C760000000000000000F0F0C0C0C0C0C0C000063
:10C77000FFFF636363630303000000000000000029
:10C78000000000000F0F0C0C0C0C0C0C0000FFFF45
:10C790006060606000000000000000000000000019
:10C7A000000003070E0C0C0E06020000FCFE07033F
:10C7B00033363F3F00000000000000000000000092
:10C7C0000F0F000000000F0F0000FFFF60606060AF
:10C7D000FFFF000000000000000000000000000C4F
:10C7E0000C0F0F0C0C000000000303FFFF030300FD
:10C7F0000000000000000000000000000000000039
:10C8000000000F0F0000040607030307FEFC0000F2
:10C81000000000000000000000000F0F0103070EE1
:10C820000C000000FFFFF0B81C0E07030000000022
:10C8300000000000000000000F0F000000000000DA
:10C840000000FFFF030303030303000000000000D8
:10C850000000000000000F0F030000030F0F000096
:10C86000FFFFC0F0F0C0FFFF00000000000000006C
:10C87000000000000F0F070100000F0F0000FFFF76
:10C8800080E0781EFFFF00000000000000000000B4
:10C89000000003070E0C0C0E07030000FCFE07034C
:10C8A0000307FEFC00000000000000000000000084
:10C8B0000F0F0C0C0C0E07030000FFFF3030307020
:10C8C000E0C00000000000000000000000000307BE
:10C8D0000E0C0C0E07030000FCFE07030F0EFFFFFB
:10C8E0000000000000000000000000000F0F0C0C12
:10C8F0000C0E07030000FFFF30303078EFC7000058
:10C900000000000000000000000003070F0C0C0EE8
:10C91000060200000486C7C3633F1E0C000000002F
:10C9200000000000000000000C0C0C0F0F0C0C0CA1
:10C930000000000000FFFF000000000000000000F9
:10C940000000000000000F0F000000000F0F0000AB
:10C95000FCFE07030307FEFC0000000000000000CF
:10C96000000000000F0F000000000F0F0000F8FC97
:10C9700006030306FCF800000000000000000000B1
:10C9800000000F0F000000000F0F0000FEFF03FE6D
:10C99000FE03FFFE00000000000000000000000099
:10C9A0000C0F030000030F0C0000030F9CF0F09C21
:10C9B0000F030000000000000000000000000F0F47
:10C9C000000000000F0F000080C0603F3F60C0808B
:10C9D0000000000000000000000000000C0C0C0C27
:10C9E0000C0D0F0F00000F1F3B73E3C38303000008
:10C9F0000000000000000000000000000F0F0C0C01
:10CA0000000000000000FFFF000000000000000028
:10CA1000E0E06060000000000C0F03000000000078
:10CA200000000000C0F03C0F030000000000000008
:10CA30000000C0C0000000000C0C0F0F0000000040
:10CA400000000000FFFF0000000000006060E0E068
:10CA50000000000008103060603010080000000086
:10CA600000000000000000000000000000000000C6
:10CA700000000000000000000000000000000000B6
:10CA800000000000000060606060606060600000A6
:10CA90000000406070100000000000000000000076
:10CAA0000000000000000000000000000000000185
:10CAB00001010101000000001EBFB3B3B3B3FF7F4B
:10CAC0000000000000000000000000000F0F000147
:10CAD000010100000000FFFFC68383C7FE7C000049
:10CAE0000000000000000000000000000101010142
:10CAF000000000007CFEC78383C7C644000000001E
:10CB000000000000000000000000010101000F0F04
:10CB100000007CFEC78383C6FFFF0000000000000A
:10CB20000000000000000000010101010000000001
:10CB30007CFEDF9B9BDBFA78000000000000000019
:10CB4000000000000000070F0C0C0C0C0000C0C01F
:10CB5000FFFFC0C0C0C000000000000000000000D7
:10CB60000000000001010101000000007CFEC783FD
:10CB700083C6FF7F0000003030303070E0C000001E
:10CB80000F0F0001010100000000FFFFC08080C006
:10CB9000FF7F000000000000000000000000000116
:10CBA0000119190000000000008383FFFF03030048
:10CBB0000000000000000000000000000000010173
:10CBC00019190000000000008080FFFF0000000035
:10CBD00000303070E0C0000000000F0F00000001C6
:10CBE00001000000FFFF3868CC8603010000000050
:10CBF0000000000000000000000C0C0F0F000000FF
:10CC00000000000303FFFF0303000000000000001A
:10CC1000000000000000010100010100010000000F
:10CC2000FFFF80FFFF80FFFF00000000000000000A
:10CC30000000000001010001010100000000FFFFF1
:10CC4000C08080C0FF7F00000000000000000000E6
:10CC50000000000001010101000000007CFEC7830C
:10CC600083C7FE7C00000000000000000000000000
:10CC700001010001010100000000FFFFC68383C71E
:10CC8000FE7C0000F0F0000000000000000000004A
:10CC900001010100010100007CFEC78383C6FFFF84
:10CCA0000000000000000000F0F0000001010001A1
:10CCB000010101010000FFFFE0C0808080800000D2
:10CCC0000000000000000000000000000101010160
:10CCD0000000000064F6B393939BDE4C000000005C
:10CCE000000000000000000000010F0F0101010022
:10CCF00000000080FEFF838383000000000000002E
:10CD0000000000000000010100000000010100001F
:10CD1000FCFE07030306FFFF000000000000000008
:10CD20000000000001010000000001010000F8FC0B
:10CD300006030306FCF800000000000000000000ED
:10CD4000000001010000000001010000FEFF0E3C98
:10CD50003C0EFFFE0000000000000000000000008C
:10CD60000101000000000101000083C7EE7C7CEEA1
:10CD7000C783000000000000000000000000010167
:10CD80000000000001010000FCFE07030306FFFF96
:10CD90000000003030303030E0C0000001010101FF
:10CDA00001010101000083878F9BB3E3C38300006F
:10CDB00000000000000000000000000003070C0855
:10CDC000080000000010FFEF00000000000000005D
:10CDD00080C06020200000000000000F0F00000055
:10CDE0000000000000FFFF000000000000000080C5
:10CDF0008000000000000008080C0703000000008D
:10CE000000000000EFFF1000000000202060C08044
:10CE1000000000000C1810180C040C180000000092
:10CE20000000000000000000000000000000000002
:10CE300000000000000000000000000000000000F2
:10CE400000000000000000000000000000000000E2
:10CE5000000000000000000000000F0F00000000B4
:10CE6000000000000000FCFC0000000000000000CA
:10CE70000000E0E000000000000000000F0F0000D4
:10CE80000F0F000000000000C0C00000C0C0000084
:10CE90000000000000000000000000000000000092
:10CEA00000030F0800030F080006C6C7DFFEC6C751
:10CEB000DFFEC6C6C00000E0800000E08000000089
:10CEC000000000010307061F06060300000000E043
:10CED000F03018FF180C0F07000000C0606060FC05
:10CEE00060E0C08000030F08080F0300000000008E
:10CEF0000080E82828F0931F28286F030000000016
:10CF0000000080E02020E08000000000070F0C0CF3
:10CF10000C0C000000000F1FB0E0703C0E07011F5A
:10CF20001C0000C0C06060604080E0602000000025
:10CF300000000F0F00000000000000000000C0C053
:10CF400000000000000000000000000000000000E1
:10CF5000000000000000030F1000000000000000AF
:10CF6000007FFF0000000000000000000000E078EB
:10CF7000040000000000000000100F03000000008B
:10CF800000000000000000FF7F0000000000000023
:10CF9000000478E0000000000000020101000F0022
:10CFA000010102000000102020C0FCC02020100061
:10CFB0000000000000000000000000000000000071
:10CFC0000000030300000000000018181818FFFFFD
:10CFD00018181818000000000000C0C00000000071
:10CFE0000000000000000000000000000000000041
:10CFF000000000000000000000000000000CFCF039
:10D000000000000000000000000000000000000020
:10D01000000000000C0C0C0C0C00000000000000D4
:10D020000000000000000000000000000000000000
:10D0300000000000000000000000000000000000F0
:10D04000000000000000E0E0000000000000000020
:10D050000000000001070E080000000000031F7C14
:10D06000E080000000000838F0C000000000000070
:10D0700000000003070C08080C070300000038FF3D
:10D08000070C183060C1FF3800000080C06020200D
:10D0900060C080000000000003060C0F00000000CC
:10D0A00000000000000000FF000000000000000081
:10D0B000000000E000000000000000060C0C080862
:10D0C0000C070300000000000103060C38F0C0004C
:10D0D000000000E0E0606060606060000000040448
:10D0E0000C0C08080C070300000000003030303042
:10D0F00078CF8F00000060606020206060C08000FA
:10D1000000000000000003060F0F00000000071FD2
:10D1100073E38303FFFF030300000000000000002F
:10D12000E0E000000000000F0F0C0C0C0C0C0000E5
:10D13000000000E0F0202030301F1F0000000060E1
:10D140006020206060C080000000000107060C081D
:10D1500008080000000000FF9930202020381F0040
:10D1600000000080C060202060E0C00000000C0CC7
:10D170000C0C0C0C0C0F0F0C000000000000031F27
:10D1800078E000000000000020E0C0000000000087
:10D19000000000070F0C08080C0F07000000008FAC
:10D1A000EC78303078CC8700000000C0E0602020B0
:10D1B00060E0C000000000070E0C08080C07030028
:10D1C000000000F0380808081833FF0000000000D5
:10D1D00020202060C0C0000000000000000000000F
:10D1E00000000000000000000000E0E0000000007F
:10D1F000000000000000E0E000000000000000006F
:10D200000000000000000000000000000000E0E05E
:10D210000000000000000000000CFCF00000000016
:10D2200000000000000000000000000100001818CD
:10D230003C246666C3C3818100000000000000003A
:10D24000000000800000000000000000000000005E
:10D2500000003333333333333333333300000000D0
:10D2600000000000000000000000010000000000BD
:10D270000000000000008181C3C36666243C1818CA
:10D28000000080000000000000000000000000001E
:10D29000060C0C0C0C0C07030000000000001C3CEA
:10D2A00060E0C080000000000000E0E0000000003E
:10D2B00000000001030204040406030100003FFF14
:10D2C00080001F7F4040FFFF000080E078180CC402
:10D2D0004444C0C00000000000030F0F0300000022
:10D2E000000000077FFEC6C6FE7F0700000060E06A
:10D2F000800000000080E06000000F0F0C0C0C0CA0
:10D300000E0703000000FFFF3030303070F8CF0709
:10D310000000E0E06060606060E0C080000000034A
:10D3200007060C0C0C0C0C060000FEFF01000000B0
:10D330000000000000000080C0C06060606060C04D
:10D3400000000F0F0C0C0C0C060703000000FFFF81
:10D35000000000000001FFFE0000E0E0606060608F
:10D36000C0C0800000000F0F0C0C0C0C0C0C0C0C3F
:10D370000000FFFF30303030303030300000E0E06F
:10D38000606060606060606000000F0F0C0C0C0C4F
:10D390000C0C0C0C0000FFFF30303030303030000F
:10D3A0000000E0E0000000000000000000000003BA
:10D3B000070E0C0C0C0C06000000FEFF0100000024
:10D3C00018181F1F00000080C0E060606060C0C0CF
:10D3D00000000F0F0000000000000F0F0000FFFF13
:10D3E000303030303030FFFF0000E0E0000000005F
:10D3F0000000E0E00000000C0C0C0F0F0C0C0C0007
:10D40000000000000000FFFF0000000000000060BE
:10D410006060E0E060606000000000000C0C0C0C3C
:10D420000F0F00000000000000000000FFFF0000E0
:10D430000000C060606060E0C080000000000F0F6E
:10D440000000000103060C080000FFFF3870F89E82
:10D45000070300000000E0E00000000000C0E06002
:10D4600000000F0F00000000000000000000FFFFA0
:10D4700000000000000000000000E0E0606060606C
:10D480006060606000000F0F0F010000010F0F0FC0
:10D490000000FFFF00E03C3CE000FFFF0000E0E098
:10D4A000000000000000E0E000000F0F0F0300008C
:10D4B00000000F0F0000FFFF00C0F01E0701FFFF7C
:10D4C0000000E0E00000000080E0E0E00000010774
:10D4D000070C0C0C0C0707010000FFFF0100000007
:10D4E0000001FFFF000000C0C060606060C0C000BD
:10D4F00000000F0F0C0C0C0C0C0E07030000FFFFBC
:10D50000181818181838F0E00000E0E000000000DB
:10D510000000000000000107070C0C0C0C070701BD
:10D520000000FFFF010000000001FFFF000000807D
:10D53000C060606070DC880000000F0F0C0C0C0CE9
:10D540000C0607030000FFFF181818181C3EF7C14F
:10D550000000E0E000000000000080E06000030741
:10D560000E0C0C0C0C0C06000000C0E070303030CB
:10D5700018180F070000C0606060606060E0C08045
:10D58000000C0C0C0C0C0F0F0C0C0C0C0C00000005
:10D590000000FFFF00000000000000000000E0E0CD
:10D5A0000000000000000F0F0000000000000F0F3F
:10D5B0000000FFFF000000000000FFFF000080C02F
:10D5C000E060606060E0C08000000C0F03000000BD
:10D5D00000030F0C000000C0FC3F07073FFCC00029
:10D5E000000000000080E0E080000000000E0F015D
:10D5F000000000000000010F0E00FCFF033FF0F0F0
:10D600003F03FFFC000000E0E080000080E0E0005D
:10D610000000080E0F030000030F0E0800000000BA
:10D6200003CFFCFECF030000000020E0C00000009C
:10D6300080E0E02000080C0F0300000000030F0C46
:10D6400008000000C0E07F7FE0C000000000000094
:10D650000000E0E00000000000000C0C0C0C0C0CC2
:10D660000D0F0F0C00000001030F3C78E08000005C
:10D67000000060E0E06060606060606000000000EA
:10D6800000001F1F18180000000000000000FFFF2E
:10D6900000000000000000000000FCFC0C0C00007A
:10D6A0000000080E0701000000000000000000005C
:10D6B00080E07C1F0300000000000000000000006C
:10D6C000C0F03808000000000018181F1F000000FC
:10D6D00000000000000000FFFF000000000000004C
:10D6E000000C0CFCFC0000000000000001070E0C08
:10D6F0000E070100000040C080000000000080C054
:10D7000040000000000000000000000000000000D9
:10D710000000000000000000000000000000000009
:10D7200000000000000303030303030303030303D8
:10D73000030000002030180C04000000000000006E
:10D7400000000000000000000000000000000000D9
:10D7500000000000000000000000000000000000C9
:10D7600000000367CECCCCCCEC7F3F000000C0C0F3
:10D7700060606040C0E0E00000001F1F000000008B
:10D78000000000000000FFFF60C0C0C0E07F1F007D
:10D790000000E0E0C0606060E0C000000000000049
:10D7A000000000000000000000001F7F60C0C0C03B
:10D7B000C0600000000000C0C060606060C0000089
:10D7C0000000000000000000001F1F0000001F7F7D
:10D7D000E0C0C0C060FFFF00000000C0E06060600B
:10D7E000C0E0E000000000000000000000000000B9
:10D7F00000001F7F6CCCCCCCEC7C3C00000000C057
:10D80000C06060606060C000000000000000070FA2
:10D8100018181818000000C0C0C0FFFFC0C0C0C06A
:10D82000000000000000E0E0000000000000000038
:10D83000000000000000000000001F7FE0C0C0C02A
:10D8400060FFFF00000000CCE6666666CEFCF800D4
:10D8500000001F1F00000000000000000000FFFF8C
:10D860006040C0C0E07F3F000000E0E0000000003A
:10D8700000E0E000000000000000181800000000B8
:10D88000000000C0C0C0FFFF00000000000060609A
:10D890006060E0E060606060000000000000001870
:10D8A0001800000000000000C0C0C0FFFF00000022
:10D8B00000000006060606FCF800000000001F1F1E
:10D8C00000000000000000000000FFFF0E1C3F737E
:10D8D000E1C080000000E0E000000080E060200087
:10D8E00000181818181F1F0000000000000000009A
:10D8F00000FFFF0000000000000000000080C0E00A
:10D9000060606000000000000000000000000000F7
:10D910000000FFFF40C0FF7FC0C0FF7F0000E0E0CD
:10D920000000E0E00000E0E0000000000000000077
:10D93000000000000000FFFF6040C0C0E07F3F002B
:10D940000000E0E00000000000E0E0000000000057
:10D95000000000000000000000001F7FE0C0C0C009
:10D96000E07F1F00000000C0E0606060E0C00000D9
:10D970000000000000000000000000000000FFFFA9
:10D9800060C0C0C0E07F1F000000FEFEC06060609D
:10D99000E0C00000000000000000000000000000E7
:10D9A00000001F7FE0C0C0C060FFFF00000000C09B
:10D9B000E0606060C0FEFE000000000000000000AB
:10D9C000000000000000000000FFFF3060C0C0C089
:10D9D0006000000000E0E000000000000000000027
:10D9E000000000000000000000003878CCCCCCCC57
:10D9F000CEC763000000C06060606060E0C080006F
:10DA00000000000000070700000000000000C0C088
:10DA1000C0FFFFC0C0C0C0000000000000C0E06048
:10DA200060606000000000000000000000000000D6
:10DA30000000FFFF0000000000FFFF00000080C0AA
:10DA4000E0606040C0E0E000000000000000000076
:10DA5000000000000000C0F87F0F000F7FF8C0003A
:10DA60000000000000E0E0E0000000000000000016
:10DA7000000000000000000000C0FC3F03031E1E69
:10DA800003033FFCC00000E0E0C00000C0E0E00095
:10DA9000000000000000000000000000000080C046
:10DAA000F13F1F3FF1C0800000002060E080008057
:10DAB000E060200000000000000000000000000006
:10DAC000000080F07E0F030F7EF080000000000653
:10DAD00006BEF8C0000000000000000000000000CA
:10DAE000000000000000C0C0C3C7CEFCF8E0C000CA
:10DAF000000060E0E06060606060600000000000C6
:10DB000000000F1F1818180000000018181CFFE76D
:10DB100000000000000000000000F8FC0C0C0C00ED
:10DB20000000000000001F1F0000000000000000B7
:10DB30000000FFFF00000000000000000000FFFFE9
:10DB4000000000000000001818181F0F000000005F
:10DB5000000000000000E7FF1C1818000000000C87
:10DB60000C0CFCF8000000000000000000000000A9
:10DB70000000000000000C181818180C0C0C0C18F1
:10DB80000000000000000000000000000000000095
:10DB90000000000000FA00000000C000C0000028E3
:10DBA000FE28FE280000325EF24C00006668166611
:10DBB00000001CF2B24C00000000C0000000007C1D
:10DBC0008200000000827C000000387C38000000E9
:10DBD000107C100000000000060000001010101063
:10DBE0000000000200000000020C30C000007C8237
:10DBF000827C000042FE02000000468A9262000021
:10DC00004492926C00001C64FE040000F292928C1C
:10DC100000007C92924C0000C08E90E000006C925C
:10DC2000926C00006492927C0000002400000000CE
:10DC30000224000000001028448200002828282820
:10DC40000000824428100000408A90600000708E1E
:10DC5000927E00007E88887E0000FE92926C00001A
:10DC60007C8282440000FE82827C0000FE929282CE
:10DC70000000FE90908000007C82925C0000FE100C
:10DC800010FE000082FE820000000C0202FC000078
:10DC9000FE1028C60000FE0202020000FE6060FEC8
:10DCA0000000FE6018FE0000FE8282FE0000FE9072
:10DCB000906000007C8A867E0000FE9894620000DE
:10DCC0006492924C000080FE80800000FC0202FC06
:10DCD0000000F00E0EF00000FE0C0CFE0000C63836
:10DCE00038C600C0201E20C00000869AB2C20000C4
:10DCF00000FE820000C0300C020000000082FE0026
:10DD0000000040804000000002020202000000C04B
:10DD100000000000041A1A1E0000FE12120C00007F
:10DD20000C12121200000C1212FE00000C1A1A083B
:10DD30000000103E501000000815151E0000FE10D7
:10DD40001E000000002E0000000001012E00000057
:10DD5000FE081412000002FE020000001E101E1E2B
:10DD600000001E10100E00000C12120C00001F12FA
:10DD7000120C00000C12121F00001E0810100000F0
:10DD80000A1A16140000103E120000001C02021EA7
:10DD90000000180606180018061C06180000120CD1
:10DDA0000C1200001805051E000012161A120000C1
:10DDB00010EE8200000000FE0000000082EE100065
:10DDC00000004080408000414E543100414E5432AA
:10DDD00000534C4F57004641535400566F6C202659
:10DDE0002042616C0000444320426C6F636B000072
:10DDF00000457175616C697A65720000546F6E65DB
:10DE000000000000000000534D50205241544500D6
:10DE10000000556C74726142617373000046696C56
:10DE200074657200000000004175746F4C4500007D
:10DE300000000057696465004D696457004D6964CE
:10DE40004C004E6172720008040055AAFF000000E9
:10DE500000000000000000000000000000000000C2
:10DE600000000000000000010000000001000000B0
:10DE700000000000000000000000000000000000A2
:10DE80000000000000000000000000000100000091
:10DE90000000000000000000000000000000000082
:10DEA0000000000000000000000000000100000071
:10DEB0000000000000000000000000000000000062
:10DEC0000000000000000000000000000100000051
:10DED00035307573003735757300003200321C24FD
:10DEE0003454200064006424283F5A000032003279
:10DEF0001C24345420001400141C1420363000015B
:10DF00000001180E18284000000000000A00000060
:10DF100064000000E803000010270000A086010054
:10DF2000650300006C03000084030000730300001D
:10DF30008B0300007A0300007E03000092030000C0
:10DF400096030000140500001A05000020050000DB
:10DF500026050000290500002C0500002F05000003
:10DF6000320500003505000000000F3C3030303035
:10DF7000303030303C0F00000000FF0030303F30C8
:10DF80003000000000FF00000000FF000000FF0064
:10DF900033CC33CC00FF00000000F03C0C0C0C0C28
:10DFA0000C0C0C0C3CF0000000003C3F3C3C3C3FA7
:10DFB0003F3C3C3C3F3C000000000000C0300CFFF8
:10DFC000FF0C30C00000000000000000000000FF57
:10DFD000FF0000000000000000000000000000FC46
:10DFE000FC0000000000000080A098969595959593
:10DFF0009595959595959595959595959698A080D7
:10E0000000000000806058565555555555555555DA
:10E010005658608000000000000000000000000072
:10E0200080605856565860800000000000000000D4
:10E030000000000000000000000000000103070BCA
:10E0400006020B1F3E7AFAEAEAEAFAFF80E0F4BC25
:10E05000ADAFABABABAFFF00000000000040C0D0E5
:10E06000E090060B070301000000000000FFFAEA41
:10E07000EAEAFA7A3E1F0B02FFAFABABABAFADBC27
:10E08000F4E08090E0D0C0400000000000000000FC
:10E0900000000000000002092595952509020000F6
:10E0A0000000000000000000000002092595555501
:10E0B0005555555555559525090200000000020A91
:10E0C00026965656565656565656565656565656E0
:10E0D000565696260A0200000000000000000000CC
:10E0E00000000000000000000000FFE0F4383D0EDA
:10E0F0000F0303000000000000000000000000000B
:10E10000000000000000000000000000000000000F
:10E11000000000000000000000FF000003000040BD
:10E1200080D0E0F4383D0E0F030300000000000033
:10E13000000000000000000000007DC3C37D28280F
:10E140002828282828282828FF0000FF0000000091
:10E150000000000000004182D7EBFF3C282828285F
:10E1600028282828287DC3C37D0000000000000067
:10E1700000000000000000FF0000C0C0C0C1020796
:10E180000B1F2C7CB0F0C0C000000000000000009D
:10E19000000000000000000000000000000000007F
:10E1A000000000000000FF0B1F2C7CB0F0C0C0007E
:10E1B000000000000000000000000000000000005F
:10E1C000000000000000000000000000000000004F
:10E1D0000000000000FFE0F4383D0E0F03030000D4
:10E1E000000000000000000000000000000000002F
:10E1F000000000000000000000000000000000001F
:10E2000000000000FF00000F0C0C4C83D0E0F4383D
:10E210003D0E0F030300000000000000000000009E
:10E2200000000000007DC3C37D2828282828282856
:10E23000282828FF0000FF303833C000000000000D
:10E24000004182D7EBFF3C282828282828282828A6
:10E250007DC3C37D0000000000000000000000003E
:10E260000000FF0000C0000001C2070B1F2C7CB0A3
:10E27000F0C0C0000000000000000000000000002E
:10E28000000000000000000000000000000000008E
:10E2900000FF0B1F2C7CB0F0C0C00000000000008D
:10E2A000000000000000000000000000000000006E
:10E2B00000003F3F3C3C3C3C3C3C00000000003F39
:10E2C0003F0F03000000030F3F3FFFFF0303030363
:10E2D00003000000000000FFFFC0F0FC3CFCF0C0A9
:10E2E000FFFFFFFFC0C0C0C0C0000000000000FF73
:10E2F000FF00000000000000FFFFFCFC0000000029
:10E3000000000000000000FCFC0000000000000015
:10E31000FCFC3F3F00000000000000000000003F48
:10E320003F000000000000003F3FFFFF0000000032
:10E3300000000000000000FFFF00000000000000DF
:10E34000FFFFFFFF0000000000000000000000FFD2
:10E35000FF030F3F3C3F0F03FFFFFCFC3C3C3C3CFA
:10E360003C3C0000000000FCFCF0C0000000C0F0DD
:10E37000FCFC3F3F0F03000000030F3F3F00003F46
:10E380003F000000000000003F3FFFFFC0F0FC3CEA
:10E39000FCF0C0FFFF0000FFFF00000000000000D5
:10E3A000FFFFFFFF00000000000000FFFF0000FF74
:10E3B000FF030F3F3C3F0F03FFFFFCFC000000008A
:10E3C000000000FCFC0000FCFCF0C0000000C0F0FD
:10E3D000FCFC3F3F3C3C3C3C3F3F00000000003F1A
:10E3E0003F000000000000003F3FFFFF0303030366
:10E3F00003030000000000FFFF0000000000000019
:10E40000FFFFC0C0C0C0C0C0FFFF0000000000FF91
:10E41000FF030F3F3C3F0F03FFFFFCFC3C3C3C3C39
:10E42000FCFC0000000000FCFCF0C0000000C0F09C
:10E43000FCFC00000000000000003F303030300FD6
:10E440000000003F000000030000003F000000004B
:10E45000000000000000000000000000FFC0C0C07D
:10E46000C03F000000FF000000FF000000FF0000B0
:10E470000000000000000303030303030303C3C3FE
:10E48000C3C3C30303030303C3C3C303C3C3C3039C
:10E490000303030303030303000003033F33333386
:10E4A0003333333F030300000000FF00000F000080
:10E4B0000000030000FF00000000FF0000FF030356
:10E4C00000003F0000FF00000000FCCC3C0C0C0CE6
:10E4D0000C0C0C0C0CFC0000000000020200000000
:10E4E000002A2A0000000002020000000000008054
:10E4F000A0A000030F8D8D0F0300A0A080000000DE
:10E50000002828282800FFD755555555D7FF002843
:10E5100028282800000000020A0A00C0F07272F0E9
:10E52000C0000A0A02000000000000808000000015
:10E5300000A8A8000000008080000000003F3F3CD1
:10E540003C003F3F00003F3F0000000000FFFF0095
:10E550000000FFFF0303FFFF0000000000FFFF00BB
:10E560000000FFFFC0C0FFFF0000000000FCFC3CFB
:10E570003C00FCFC0000FCFC003C3C0000000003F4
:10E580000F0300003E3E3E3E0000030F030000006C
:10E590000000C0F0EAAFBFBFFFFDFDFFBFBFAFEAA5
:10E5A000F0C0000000FFFFAAFFFFFFD755555555EB
:10E5B000D7FFFFFFAAFFFF000000030FABFAFEFE2C
:10E5C000FF7F7FFFFEFEFAAB0F030000000000C0DC
:10E5D000F0C00000BCBCBCBC0000C0F0C00000002B
:10E5E000003F303333333333333333333333333325
:10E5F00033303F0000FF03333333333333333333AC
:10E60000333333333303FF00000000000C300C00C1
:10E610000000000000300C300000000000FFD5DDDD
:10E62000DDDDDDDDDDDDDDDDDDDDDDDDDDD5FF00DD
:10E6300000FC5CDCDCDCDCDCDCDCDCDCDCDCDCDC56
:10E64000DC5CFC00C0F0FCFFFCF0C000000000003F
:10E65000000000000000000000000000000000FFBB
:10E6600000FFC0C0C03F0000000000000F3030FFBE
:10E6700000FF303030CF000F00000F00F00C0CFC1A
:10E6800000FC0C0C0CF000FC3030C000000000005E
:10E69000000000000000000000000000003CC3C3B8
:10E6A0003C003FF0C0C0F03C000000000000000053
:10E6B0000000FF000000000000000000000000005B
:10E6C0000000F03C0C0C3CF00000003C3C3FFFFF25
:10E6D000FF3F00C0C0C000FF000808008888AA00F3
:10E6E0000A08AA00AA882A0000000000000000030F
:10E6F00003030303030303030303030303030303EA
:10E70000030303FF010101018181810181818101F5
:10E71000838F0C3C3030F0C0C0C0C0C0000000008F
:10E72000000000000000000000000000000000FFEA
:10E730000000000000000000030F3CF0D5000000C6
:10E7400000000000000000000000000000000000C9
:10E750000000000000000000000000FF00000000BA
:10E7600000000FFCC0000000550000000000000089
:10E770000000000000000000000000000000000099
:10E7800000000000000000FF000000000FFCC000BF
:10E790000000000055000000000000000000000024
:10E7A0000000000000000000000000000000000069
:10E7B000000000FF0000003FF0000000000000002B
:10E7C00055000000000000000000000000000000F4
:10E7D000000000000000000000000000000000FF3A
:10E7E00000003FF0000000000000000055000000A5
:10E7F0000000000000000000000000000000000019
:10E800000000000000000000000000FF003FF000DA
:10E8100000000000000000005500000000000000A3
:10E8200000000000000000000000000000000000E8
:10E8300000000000000000FF00FF000000000000DA
:10E840000000000055000000000000000000000073
:10E8500000000000000000000000000000000000B8
:10E86000000000C0C0C0C0C0C0C0C0C0C0CFCCC0CD
:10E87000C0C0C0C0C0C0C0C0C0C0C0C0C0C0C0C098
:10E88000C0C0C0C0C0C0C0C0C0C0C0C0C0C0C00048
:10E890000000000000000000C0FFC000FFC3C30074
:10E8A0000000000000000000000000000000000068
:10E8B00000000000000000000000000000FF909039
:10E8C0009090FF0000FF01010101FF00808080FFA8
:10E8D0008080800000FF81818181FF000000009F17
:10E8E00091919191F10000010000000000FF8181F1
:10E8F0008181FF003F081423003F08083F0000000B
:10E90000009F91919191F100000100000000009F93
:10E9100091919191F1003F081423003F08083F00B6
:10E920000000009F91919191F10000010000000012
:10E9300000F010101010FF003F081423003F0808DB
:10E940003F000000009F91919191F10000010000B3
:10E950000000008080808080FF003F081423003F7B
:10E9600008083F000000009191919191FF00000183
:10E970000000000000FF81818181FF003F08142317
:10E98000003F08083F000000009191919191FF0025
:10E99000000100000000009191919191FF003F085B
:10E9A0001423003F08083F000000009191919191CD
:10E9B000FF0000010000000000FF919191919F0075
:10E9C0003F081423003F08083F00000000F010102B
:10E9D0001010FF0000010000000000FF8181818114
:10E9E000FF003F081423003F08083F00000000F02C
:10E9F00010101010FF0000010000000000F01010C7
:10EA00001010FF003F081423003F08083F000000DB
:10EA100000F010101010FF0000010000000000F1D5
:10EA200091919191FF003F081423003F08083F0097
:10EA3000000000F1919191919F0000010000000001
:10EA400000F010101010FF003F081423003F0808CA
:10EA50003F00000000F1919191919F0000010000A2
:10EA6000000000F191919191FF003F081423003FB5
:10EA700008083F00000000FF919191919F00000164
:10EA80000000000000FF919191919F003F08142326
:10EA9000003F08083F000000008080808080FF0069
:10EAA000000100000000009F91919191F1003F084A
:10EAB0001423003F08083F00000000FF919191914E
:10EAC000FF0000010000000000FF81818181FF0044
:10EAD0003F081423003F08083F00000000FF90900B
:10EAE0009090FF0000FF01010101FF00808080FF86
:10EAF0008080800000FF81818181FF000000008014
:10EB000080808080FF00000000000000009F919145
:10EB10009191F1003F081423003F08083F000000D6
:10EB200000FF91919191FF0000000000000000F1B2
:10EB300091919191FF003F081423003F08083F0086
:10EB4000000000FF000000000000FF81818181FFC4
:10EB5000008080808080FF003F081423003F080869
:10EB60003F00000000FF0000000000009F91919115
:10EB700091F100F010101010FF003F081423003F27
:10EB800008083F00000000FF000000000000F01037
:10EB9000101010FF000000000000FF003F081423C9
:10EBA000003F08083F00000000FF000000000000D8
:10EBB000F1919191919F00F191919191FF003F0806
:10EBC0001423003F08083F00000000FF0000000081
:10EBD00000008080808080FF00FF919191919F00D4
:10EBE0003F081423003F08083F00000000FF00001A
:10EBF00000000000F191919191FF0091919191910C
:10EC0000FF003F081423003F08083F000000009F5A
:10EC100091919191F100000000FF000000000000C0
:10EC2000FF0000003F081423003F08083F000000D9
:10EC3000009F91919191F1009F91919191F100FF2D
:10EC400091919191FF003F081423003F08083F0075
:10EC50000000009F91919191FF00F010101010FFA3
:10EC600000F1919191919F003F081423003F080803
:10EC70003F000000009F91919191F100FF919191CF
:10EC8000919F009F91919191F1003F081423003FC3
:10EC900008083F000000009F91919191F100FF91C1
:10ECA000919191FF00FF81818181FF003F08142332
:10ECB000003F08083F000000009F91919191F100F2
:10ECC000F191919191FF008080808080FF003F084A
:10ECD0001423003F08083F0000000091919191919A
:10ECE000FF00000000FF000000F010101010FF00F7
:10ECF0003F081423003F08083F000000003F3F305A
:10ED000030303F3F00000000030C00000000000016
:10ED100000FFFFF0F0F0FFFF000000C030CCC0FFAC
:10ED20000000000000000F0000000000000F0C0CAD
:10ED30000C0C0CCC0C0F00000000FC0CCC330C00B5
:10ED400000FF0000F0F0F00000FF000000000000F5
:10ED5000C000000000FC0C0CFCFCFC0C0CFC0000D7
:10ED60000004010000001500000001040000000084
:10ED700000000000010101400A2A2A2A0A4001017C
:10ED800001000000000000000000010480A0A1A01C
:10ED900080070FCCCCFDCCCC0F030000004000005E
:10EDA0000000500000FF044000FC0C4004FF000085
:10EDB000000000000000000000F03C4C0C1C0C4C5B
:10EDC0003CF000000F3F3F3CFCFCF0F0F0F0F0F0B6
:10EDD000F0F0F0F0F0F0F0F0F0F0F0F0F0F0F0F033
:10EDE000F0F0F0F0F0F0F0F0F0F0F0F0F0F0FCFC0B
:10EDF0003C3F3F0F003FFFFC000000000000000010
:10EE000000000103070F1F1F2E2E3E3D39393D3EE6
:10EE10003E3E3E3F2F1F0F0B070201010505050077
:10EE200000000000FCFF3FFFFF00000000000000AA
:10EE3000030F3FBFFFFEF9EAAAAAA599656AAAA532
:10EE400096956A9AA5A5A9A9EAEAFAFEFF7F6F5BE3
:10EE500055010000000000FFFFFFFF00000000025E
:10EE60001FBFFEFEFAE9955A6AAAA99555AAAAAA51
:10EE7000AAA9555555E9AA5A55A95A95A9A6A9FA74
:10EE8000FFFFFF6F0600000000FFFFFFFF00000014
:10EE90005A969A6BAFFE95556AA9A555555AA9AAD7
:10EEA000AAAAAA5555550555A9AA5555AA5A555560
:10EEB0005595FAFFFFFFFF16000000FFFFFFFF0060
:10EEC0000000BAAFBFFFFFAA159555565A5A6D6E8E
:10EED0001F5FA9A4A8555555551F5FAF5AAAABA5EA
:10EEE00055555556AAEAF9FEFFA9000000FFFFFF9D
:10EEF000FF00000040F4FEFFFFA555AAAA56AA5540
:10EF000000F9FAFAF9100141400050F9FAFAB9553E
:10EF10009556AAAA55AAAFABAA5AD140000000FF45
:10EF2000FFFFFF0000000000018594B5AAAAAAA96E
:10EF3000B96E5650404000000000000000004050F4
:10EF4000566A95A9A9AAAAAAEAC19094400000000D
:10EF500000FFFFFFFF00000000101415555596AA92
:10EF6000AA555595A9AA2A1E0A0A060105051A2AB4
:10EF70007ABAA555555556AAA9596A5A5605010097
:10EF8000000000FFFFFFFF0000004040404055A58B
:10EF90009594AA5655565595A9BDFEEFA5605046C5
:10EFA0008BFFBE6656575BABAB920050508090A073
:10EFB0009050000000FFFFFFFF0300000000000072
:10EFC0004050051EBAFEBFFFFFBFBFFEF9F96F023A
:10EFD0001AFEFAFEFFFFFFEAFFFFFFFA2905000015
:10EFE00000000000000003FFFFC0FFFF0F0303034A
:10EFF00000000000509090A0F0F0F0E090505050D1
:10F00000A0E0F0A0505050D0E0F0F0F0F0E0505010
:10F01000500000000303030FFFFFC00000C0C0C08A
:10F02000F0F0F0F0F0F0F0F0F0F0F0F0F0F0F0F0E0
:10F03000F0F0F0F0F0F0F0F0F0F0F0F0F0F0F0F0D0
:10F04000F0F0F0F0F0F0F0F0C0C0C00000000F3FB2
:10F050003F3CFCFCF0F0F0F0F0F0F0F0F0F0F0F0FD
:10F06000F0F0F0F0F0F0F0F0F0F0F0F0F0F0F0F0A0
:10F07000F0F0F0F0F0F0F0F0FCFC3C3F3F0F003F10
:10F08000FFFC000000000000000000000000000085
:10F090000000000000000000000000000000000070
:10F0A0000000000000000000000000000000FCFF65
:10F0B0003FFFFF0000000000000000000000000013
:10F0C0000000000000000000000000000000000040
:10F0D0000000000000000000000000000000000030
:10F0E00000FFFFFFFF000000000000000000000024
:10F0F0000000000000000000000000000000000010
:10F10000000000030F3FFF3F0F030000000000005E
:10F11000000000FFFFFFFF000000000000000000F3
:10F1200000000000000003030303000000000000D3
:10F130000000003CFCFCFFFFFFFFFFFCFC3C00006C
:10F140000000000000FFFFFFFF00000000000000C3
:10F1500000000C3FFE3A0B0BEFEFEFEF0B0B3AFE0C
:10F160003F0C000000000000FFFFFFFFFF00000059
:10F1700000000000000000FFFFFFFF000000000093
:10F180000000000F0F0AAFFFFFFDF5D5D5F5FDFF1D
:10F19000FFAF0A0F0F0000000000FFFFFFFFFF009E
:10F1A000000000000000000000FFFFFFFF00000063
:10F1B0000000000000F0F0A0FAFFFF7F5F57575FEC
:10F1C0007FFFFFFAA0F0F00000000000C0C0C0C048
:10F1D000C000000000000000000000FFFFFFFF0073
:10F1E000000000000000000030FCBFACE0E0FBFBD2
:10F1F000FBFBE0E0ACBFFC300000000000000000C2
:10F2000000000000000000000000000000FFFFFF01
:10F21000FF000000000000000000000000000000EF
:10F22000C0C0C0C0000000000000000000000000DE
:10F23000000000000000000000000000000000FFCF
:10F24000FFFFFF03000000000000000000000000BE
:10F2500000000000000000000000000000000000AE
:10F26000000000000000000000000000000000009E
:10F2700003FFFFC0FFFF0F030303000000000000B7
:10F28000000000000000000000000000000000007E
:10F290000000000000000000000000000000030368
:10F2A000030FFFFFC00000C3C3C3FFFFFFFFFFFF4B
:10F2B000FFFFFFFFFFFFFFFFFFFFFFFFFFFFFFFF5E
:10F2C000FFFFFFFFFFFFFFFFFFFFFFFFFFFFFFFF4E
:10F2D000FFFFC3C3C30000000F3F3F3CFCFCF0F046
:10F2E000F0F0F0F0F0F0F0F0F0F0F0F0F0F0F0F01E
:10F2F000F0F0F0F0F0F0F0F0F0F0F0F0F0F0F0F00E
:10F30000F0F0FCFC3C3F3F0F003FFFFC0000000022
:10F3100000000000000000000000000000000000ED
:10F320003FD5D53F000000000000000000000000B5
:10F330000000000000000000FCFF3FFFFF00000095
:10F340000000000000000000FCD7D5350F000000D1
:10F350000000C37373C300000000000F35D5D7FC55
:10F360000000000000000000000000FFFFFFFF00A1
:10F37000000000000000000000000000C0C0030FFB
:10F380003FFCF0F0F0FFFFFFFFFFFF3F0F03C0C0A7
:10F3900000000000000000000000000000FFFFFF70
:10F3A000FF00000000000000030D0D0D0D03000F15
:10F3B000FFFC0000000000FFFFFFFFFFFFFFFFFF5B
:10F3C0000F00030D0D0D0D0300000000000000FFF5
:10F3D000FFFFFF00000000000000C070707070C0F0
:10F3E00000F0FF3F0000000000FFFFFFFFFFFFFFF6
:10F3F000FFFFF000C070707070C0000000000000DF
:10F4000000FFFFFFFF000000000000000000000000
:10F4100000000303C0F0FC3F0F0F0FFFFFFFFFFFD3
:10F42000FFFCF0C00303000000000000000000002B
:10F43000000000FFFFFFFF000000000000000000D0
:10F4400000003FD7575CF00000000000C3CDCDC3E3
:10F450000000000000F05C57D73F000000000000F3
:10F460000000000000FFFFFFFF00000000000000A0
:10F470000000000000000000000000000000FC5739
:10F4800057FC000000000000000000000000000029
:10F4900000000000000000FFFFFFFF000000000070
:10F4A00000000000030F0C0C0C0C0C0C0C0C0C0CD2
:10F4B0000C0C0C0C0C0C0C0C0C0C0C0C0C0C0F0392
:10F4C000000000000000000000FFFFFFFF0300003D
:10F4D000000000000000FF00000000000000555583
:10F4E00055555555AAAAAAAAAAAAFFFFFFFFFFFFD2
:10F4F00000FF000000000000000003FFFFC0FFFF4E
:10F500000F03030300000000C0F030303030303013
:10F5100030303030303030303030303030303030EB
:10F520003030F0C0000000000303030FFFFFC000F5
:10F5300000C3C3C3FFFFFFFFFFFFFFFFFFFFFFFF8E
:10F54000FFFFFFFFFFFFFFFFFFFFFFFFFFFFFFFFCB
:10F55000FFFFFFFFFFFFFFFFFFFFFFFFC3C3C3006E
:10F5600000000F3F3F3CFCFCF0F0F0F0F0F0F0F05A
:10F57000F0F0F0F0F0F0F0F0F0F0F0F0F0F0F0F08B
:10F58000F0F0F0F0F0F0F0F0F0F0F0F0FCFC3C3FC8
:10F590003F0F003FFFFC00000000000000000000E3
:10F5A000000000000000000000000000000000005B
:10F5B000000000000000000000000000000000004B
:10F5C0000000FCFF3FFFFF00000000000000000003
:10F5D000000000000000000000000000000000002B
:10F5E000000000000000000000000000000000001B
:10F5F0000000000000FFFFFFFF00000000003F3F91
:10F60000000000003F3F000000003F3F00000000FE
:10F610000000000002002A000A0002002A00020086
:10F620000A000200000000FFFFFFFF0000000000D2
:10F63000FFFF0000000BFDFD0B000000FFFF0000BE
:10F640000000000000000000A00080000000A000FA
:10F65000000080000000000000FFFFFFFF0000002E
:10F660000000FFFF00000080FFFF80000000FFFFA0
:10F670000000000000000000000F3E3BF6C1C0C0CB
:10F68000C1C1F0303C0F0000000000FFFFFFFF0091
:10F69000000000B8DFDFB8000000FFFF000000003E
:10F6A000FFFF0000000000000000FFC04090D06499
:10F6B00018030040501400C0FF00000000FFFFFFCF
:10F6C000FF0000000000FFFF00000000FFFF00003F
:10F6D00000B8DFDFB800000000000000FC0F0050A1
:10F6E0001405010090651E1B060FFC00000000FFC2
:10F6F000FFFFFF0000000000FCFC00000000FCFC1D
:10F7000000000000FCFC000000000000000000C041
:10F71000F0303C0C0C0C0C0C7CB0F0C00000000075
:10F7200000FFFFFFFF0000000000000000000000DD
:10F7300000000000000000000000000000000000C9
:10F7400000000000000000000000000000000000B9
:10F75000000000FFFFFFFF030000000000000000AA
:10F760000000000000000000000000000000000099
:10F770000000000000000000000000000000000089
:10F780000000000003FFFFC0FFFF0F0303030000A2
:10F790000000000000000000000000000000000069
:10F7A0000000000000000000000000000000000059
:10F7B00000000303030FFFFFC00000C0C0C0F0F053
:10F7C000F0F0F0F0F0F0F0F0F0F0F0F0F0F0F0F039
:10F7D000F0F0F0F0F0F0F0F0F0F0F0F0F0F0F0F029
:10F7E000F0F0F0F0F0F0C0C0C00000000F3F3F3C70
:10F7F000FCFCF0F0F0F0F0F0F0F0F0F0F0F0F0F0F1
:10F80000F0F0F0F0F0F0F0F0F0F0F0F0F0F0F0F0F8
:10F81000F0F0F0F0F0F0FCFC3C3F3F0F003FFFFC4D
:10F8200000000000000000000000000000000000D8
:10F8300000000000000000000000000000000000C8
:10F84000000000000000000000000000FCFF3FFF7F
:10F85000FF0000000000000000000000282F28002A
:10F860000000000000000000000000000000000098
:10F87000000000000000000000000000000000FF89
:10F88000FFFFFF000000000000000000000000FF7C
:10F890000000000000000000000000000000000068
:10F8A0000000000000000000000000000000000058
:10F8B00000FFFFFFFF000000000000000303030340
:10F8C00003FF03030303030303030303030303030C
:10F8D0000303030303030303030303030000000004
:10F8E000000000FFFFFFFF000000000000FFC0005D
:10F8F0000000000000000000000000000000000008
:10F9000000000000000003030000000000C0FF0032
:10F910000000000000FFFFFFFF000000000000FFEC
:10F92000FF3C3C3C3C3C3C3C3C3C3C3C3C3C3C3C54
:10F930003C3C3C3C3C3C3C3CFCFC3C3C3C3C3CFFC4
:10F94000FF000000000000FFFFFFFF0000000000BC
:10F9500000FF0000030E3A3A3A0E030000000000D8
:10F9600000000000000000333333333333333300FF
:10F970000000FF000000000000FFFFFFFF0000008C
:10F98000000000FF0000F0ACABABABACF00000003F
:10F990000000000000000000003333333333333302
:10F9A00033000000FF000000000000FFFFFFFF0029
:10F9B0000000000000F03C0C0C0C0C0C0C0C0C0CAF
:10F9C0000C0C0C0C0C0C0C0C0C0C0C0C0C0C0C0C77
:10F9D0000C0C0C0C0C3CF0000000000000FFFFFFC2
:10F9E000FF03000000000000000000000000000015
:10F9F0000000000000000000000000000000000007
:10FA0000000000000000000000000000000003FFF4
:10FA1000FFC0FFFF0F030303000000000000000011
:10FA200000000000000000000000000000000000D6
:10FA30000000000000000000000000000303030FAE
:10FA4000FFFFC00C0CCCCCCCFCFCFCFCFCFCFCFC9C
:10FA5000FCFCFCFCFCFCFCFCFCFCFCFCFCFCFCFCE6
:10FA6000FCFCFCFCFCFCFCFCFCFCFCFCFCFCFCFCD6
:10FA7000CCCCCC0C0C000F3F3F3CFCFCF0F0F0F089
:10FA8000F0F0F0F0F0F0F0F0F0F0F0F0F0F0F0F076
:10FA9000F0F0F0F0F0F0F0F0F0F0F0F0F0F0F0F066
:10FAA000FCFC3C3F3F0F003FFFFC0000000000005B
:10FAB0000000000000000000000000000000000046
:10FAC0000000000000000000000000000000000036
:10FAD000000000000000FCFF3FFFFF0000000000EE
:10FAE00000000A080808000A0200020A00000000DC
:10FAF0000000000000000000000000000000000006
:10FB0000000000000000000000FFFFFFFF000000F9
:10FB100000000000A880800000A8008000A800006D
:10FB2000000000000000000000000000A888888A93
:10FB300000AA000A00AA0000000000FFFFFFFF006B
:10FB40000000000000000000000000000000030FA3
:10FB50000F3F3C3C3C3C3F0F0F0300000000808007
:10FB600080800000800080000000000000FFFFFF98
:10FB7000FF000000000000000000000000033FFF45
:10FB8000F0C0000000000020280AC2F0FF3F030080
:10FB9000000000000000000000000000000000FF66
:10FBA000FFFFFF000000000000000000000000FF59
:10FBB000FF0000000000000000000000800000FFC7
:10FBC000FF00000000000000000000000000000036
:10FBD00000FFFFFFFF000000000000000000000029
:10FBE00000C0FCFF0F030000000000000000030F36
:10FBF000FFFCC0000000000000000000000000004A
:10FC0000000000FFFFFFFF000000000000000000F8
:10FC100000030F3FFCF0C0F0F0FC3C3C3C3CFCF02F
:10FC2000F0C00000000A0200020A000A0000000AF8
:10FC30000000000000FFFFFFFF00000000000000C8
:10FC40000F3FFCF0C00000000000000000000000BA
:10FC500000000000000000A8008000A800A008A08C
:10FC600008A00000000000FFFFFFFF0300000000ED
:10FC70000000000000000000000000000000000084
:10FC80000000000000000000000000000000000074
:10FC9000000000000000000003FFFFC0FFFF0F0393
:10FCA000030300000000000000000000000000004E
:10FCB0000000000000000000000000000000000044
:10FCC0000000000000000303030FFFFFC00000C39B
:10FCD000C3C3FFFFFFFFFFFFFFFFFFFFFFFFFFFFAC
:10FCE000FFFFFFFFFFFFFFFFFFFFFFFFFFFFFFFF24
:10FCF000FFFFFFFFFFFFFFFFFFFFC3C3C3000000C5
:10FD00000F3F3C3C3F0F0000FFFF0000FFFF0000E3
:10FD1000FFFF0000FFFF0000F0FC3C3CFCF0000097
:10FD200000003F3F000000000000FFFF0000000057
:10FD30000000FFFF000000000000FCFC00000000CD
:10FD40000F3F3C3C3F0F000000000003FFFF00009E
:10FD50000F3FFCF0C0000000FCFC3C3C3C3C0000C1
:10FD60000F3F3C3C3F0F000000000303FFFC00007E
:10FD70000000C0C0FF3F0000F0FC3C3CFCF0000075
:10FD80003F3F00003F3F0000FFFF0303FFFF000075
:10FD9000C0C0C0C0FFFF000000000000FCFC00006D
:10FDA0003F3F3C3C3C3C0000FFFF0F0F0F030000B7
:10FDB000000000C0FFFF0000F0FC3C3CFCF0000035
:10FDC0000F3F3C3C3F0F0000FFFF03030300000018
:10FDD000FFFFC0C0FFFF0000F0FC3C3CFCF0000057
:10FDE0003C3C3C3C3F3F00000000033FFCC00000A7
:10FDF0000000FFFF000000000000FCFC000000000D
:10FE00000F3F3C3C3F0F0000FFFF0303FFFF0000DC
:10FE1000FFFFC0C0FFFF0000F0FC3C3CFCF0000016
:10FE20000F3F3C3C3F0F0000FFFF0303FFFF0000BC
:10FE300000C0C0C0FFFF0000F0FC3C3CFCF0000034
:10FE400000000000000000000303030303030000A0
:10FE5000C0C0C0C0C0C00000000000000000000022
:10FE600000000000033F3C000000033FFCC0000016
:10FE7000033FFCC00000003CFCC00000000000008C
:10FE80000000000000030303030303030303030351
:10FE9000030303030303030000000000000000004D
:10FEA0000FFFFFFFFFFFFFFFFFFFFFFFFFFFFFFF52
:10FEB000FFFFFFFFFFFFFF0F000000000000FFFF3C
:10FEC000FFFFFFF0F0C0C0C0C0C0C0C0C0C0C0F0E5
:10FED000F0FFFFFFFFFF000000000000FFFFFFFF3B
:10FEE0000000000000000000000000000000000012
:10FEF000FFFFFFFF000000000000FFFFFFFF00000A
:10FF00000000000000000000000000000000FFFFF3
:10FF1000FFFF000000000000FFFFFFFF00000000E7
:10FF2000000000000000000000000000FFFFFFFFD5
:10FF3000000000000000FFFFFFFF000000000000C5
:10FF400000000000000000000000FFFFFFFF0000B5
:10FF500000000000FFFFFFFF0000000000000000A5
:10FF60000000000000000000FFFFFFFF0000000095
:10FF70000000FFFFFFFF0000000000000000000085
:10FF8000000000000000FFFFFFFF00000000000075
:10FF9000FFFFFFFFFF0F0F0303030303030303032D
:10FFA000030F0FFFFFFFFFFF000000000000F0FF46
:10FFB000FFFFFFFFFFFFFFFFFFFFFFFFFFFFFFFF51
:10FFC000FFFFFFFFFFF0000000000000000000C086
:10FFD000C0C0C0C0C0C0C0C0C0C0C0C0C0C0C0C021
:10FFE000C000000000000000000000000000000051
:10FFF00000000000030303030300000000000000F2
:020000040802F0
:100000000000000000000000000000000303030FD8
:100010000FFFFFFFFFFFFF000000000000000000D7
:1000200000000000000000000000F0F0F0F0F0F030
:10003000FFFFFFFFFF0000000000000000000000C5
:100040000000000000000000000000000000FFFFB2
:10005000FFFFFF00000000000000000000000000A3
:10006000000000000000000000000000FFFFFFFF94
:10007000FF00000000000000000000000000000081
:1000800000000000000000000000FFFFFFFFFF0075
:100090000000000000000000000000000000000060
:1000A0000000000000000000FFFFFFFFFF00000055
:1000B0000000000000000000000000000000000040
:1000C000000000000000FFFFFFFFFF000000000035
:1000D0000000000000000000000000000000000020
:1000E00000000000FFFFFFFFFF0000000000000015
:1000F0000000000000000000000000000000000000
:100100000000FFFFFFFFFF000000000000000000F4
:1001100000000000000000000000000000000000DF
:10012000FFFFFFFFFF0000000000000000000000D4
:100130000000000000000000000000000000C0C03F
:10014000C0C0C0000000000000000000000000006F
:100150000000000303030303030303030303030378
:100160000303030303030303000000000000000077
:10017000FFFFFFFFFFFFFFFFFFFFFFFFFFFFFFFF8F
:10018000FFFFFFFFFFFFFFFF000000000000C0C0F7
:10019000C0C0C0C0C0C0C0C0C0C0C0C0C0C0C0C05F
:1001A000F0FFFFFFFFFF0000000000000000000064
:1001B000000000000000000000000000000000FF40
:1001C000FFFFFFFF00000000000000000000000033
:1001D00000000000000000000000000003FFFFFF1F
:1001E000FFFF0000000000000F3F3F3F3F3F3F3F49
:1001F0003F3F3F3F3F3F3F3F3F3FFFFFFFFFFFFF8F
:10020000000000000000FFFFFFFFFFFFFCFCFCFC04
:10021000FCFCFCFCFCFCFCFCFCFCFCFCC0C000008E
:1002200000000000FFFFFFFF0000000000000000D2
:1002300000000000000000000000000000000000BE
:100240000000FFFFFFFF00000000000000000000B2
:10025000000000000000000000000000000000009E
:10026000FFFFFFFF0303030303030303030303036E
:100270000303030303030303000000000000FFFF68
:10028000FFFFFFFFFFFFFFFFFFFFFFFFFFFFFFFF7E
:10029000FFFFFFFFFFFF000000000000C0C0C0C064
:1002A000C0C0C0C0C0C0C0C0C0C0C0C0C0C0C0C04E
:1002B000C0C0C0C00000000000000003030303032F
:1002C00003030303030303030303030303030303FE
:1002D0000000000000000000FFFFFFFFFFFFFFFF26
:1002E000FFFFFFFFFFFFFFFFFFFFFFFFFFFFFFFF1E
:1002F000000000000000C0C0C0C0C0C0C0C0C0C07E
:10030000C0C0C0C0C0C0C0C0F0FFFFFFFFFF000002
:1003100000000000000000000000000000000000DD
:1003200000000000000000FFFFFFFFFF00000000D2
:1003300000000000000000000000000000000000BD
:100340000000000003FFFFFFFFFF000000000000AF
:10035000000F0F3F3F3F3F3F3F3F3F3F3F3F3F3F4C
:100360003F3FFFFFFFFFF0F000000000000000C073
:10037000C0FCFCFCFCFCFCFCFCFCFCFCFCFCFCFCF9
:10038000FFFFFFFF3F3F00000000000000000000F3
:10039000000000000000000000000000000000FF5E
:1003A000FFFFFFFF00000000000000000000000051
:1003B00000000000000000000000000000FFFFFF40
:1003C000FFFF000000000000030303030303030317
:1003D000030303030303030303033FFFFFFFFFFFC5
:1003E000000000000000FCFFFFFFFFFFFFFFFFFF1A
:1003F000FFFFFFFFFFFFFFFFFFFFFFFFFCFC000011
:100400000000000000C0C0C0C0C0C0C0C0C0C0C0AC
:10041000C0C0C0C0C0C0C0C0C0C00000000000005C
:1004200000000000000000000000000000000000CC
:1004300000030303000000000000000000000000B3
:100440000000000000000000000000000FFFFFFFA0
:10045000FFFFFF000000000000000000000000009F
:1004600000000000000000003F3FFFFFFFFFFFFF14
:10047000FF0000000000000000000000000000007D
:100480000000000303FFFFFFFCC0C0FFFFFFFF00F1
:10049000000000000000000000000000000000005C
:1004A0000FFFFFFFF0F0000000FFFFFFFF00000064
:1004B0000000000000000000000000003F3FFFFFC0
:1004C000FFC00000000000FFFFFFFF000000000071
:1004D000000000000000000303FFFFFFFC0000001D
:1004E0000000000000FFFFFFFF0000000000000010
:1004F000000000000FFFFFFFFFFF030303030303E0
:10050000030303FFFFFFFF030303030300000000D7
:100510000000F0FFFFFFFFFFFFFFFFFFFFFFFFFFF8
:10052000FFFFFFFFFFFFFFFFFFFF000000000000D5
:10053000000000000000000000000000000000FFBC
:10054000FFFFFF00000000000000000000000000AE
:1005500000000000000000000000000000FFFFFF9E
:10056000FF0000000000000000000000000000008C
:100570000000000000000000000000C0C0C0C0007B
:100580000000000000000000000003030303030359
:10059000030303030303030303030303030303032B
:1005A0000303000000000000FFFFFFFFFFFFFFFF4D
:1005B000FFFFFFFFFFFFFFFFFFFFFFFFFFFFFFFF4B
:1005C000000000000000FFFFFFFFC0C0C0C0C0C0AF
:1005D000C0C0C0C0C0C0C0C0C0C0C0C0C0C000009B
:1005E00000000000FFFFFFFF00000000000000000F
:1005F00000000000000000000000000000000000FB
:100600000000FFFFFFFF03030000000000000000E8
:1006100000000000000000000000000000000000DA
:10062000FFFFFFFFFFFF3F3F3F3F3F3F3F3F3F3F5A
:100630003F3F3F3F3F3F0F0F000000000000C0FC66
:10064000FCFCFCFCFCFCFCFCFCFCFCFCFCFCFCFCEA
:10065000FFFFFFFFFFFF00000000000000000000A0
:10066000000000000000000000000000000000FF8B
:10067000FFFFFFFF0000000000000000000000007E
:1006800000000000000000000000000000FFFFFF6D
:10069000FFFF000000000000030303030303030344
:1006A000030303030303030303033FFFFFFFFFFFF2
:1006B000000000000000FCFFFFFFFFFFFFFFFFFF47
:1006C000FFFFFFFFFFFFFFFFFFFFFFFFFCFC00003E
:1006D0000000000000C0C0C0C0C0C0C0C0C0C0C0DA
:1006E000C0C0C0C0C0C0C0C0C0C00000000000008A
:1006F00000000003030303030303030303030303D3
:1007000003030303030303030000000000000000D1
:10071000FFFFFFFFFFFFFFFFFFFFFFFFFFFFFFFFE9
:10072000FFFFFFFFFFFFFCFC000000000000FFFFD9
:10073000FFFFF0F0C0C0C0C0C0C0C0C0C0C0C0C0DB
:10074000C0C0C0C00000000000000000FFFFFFFFAD
:100750000000000000000000000000000000000099
:1007600000000000000000000000FFFFFFFF030387
:100770000000000000000000000000000000000079
:100780000000000000000000FFFFFFFFFFFF3F3FF1
:100790003F3F3F3F3F3F3F3F3F3F3F3F3F3F0F0FC9
:1007A000000000000000FFFFFFFFFFFFFCFCFCFC5F
:1007B000FCFCFCFCFCFCFCFCFFFFFFFFFFFF00005F
:1007C00000000000FFFFFFFF00000000000000002D
:1007D00000000000000000FFFFFFFFFF000000001E
:1007E0000000FFFFFFFF000000000000000000000D
:1007F0000000000000FFFFFFFFFF000000000000FE
:10080000FFFFFFFF3F3F0303030303030303030350
:1008100003033FFFFFFFFFFF000000000000FCFF9D
:10082000FFFFFFFFFFFFFFFFFFFFFFFFFFFFFFFFD8
:10083000FFFFFFFFFCFC00000000000000C0C0C084
:10084000C0C0C0C0C0C0C0C0C0C0C0C0C0C0C0C0A8
:10085000C0C0000000000000000000030303030309
:100860000303030303030303030303030303030358
:100870000000000000000000FCFFFFFFFFFFFFFF83
:10088000FFFFFFFFFFFFFFFFFFFFFFFFFFFFFFFF78
:1008900000000000000000C0C0C0C0C0C0C0C0C098
:1008A000C0C0C0C0C0C0FFFFFFFFFFFFC0C000004E
:1008B0000000000000000000000000000000000038
:1008C0000000003FFFFFFFFFFFC00000000000002E
:1008D0000000000000000000000000000000000F09
:1008E0000FFFFFFFFFF0F00000000000000000001D
:1008F0000000000000000000000000000FFFFFFFEC
:10090000FFFFF000000000000000000000000000F9
:1009100000000000000000000303FFFFFFFFFCFCDD
:1009200000000000000000000000000000000000C7
:10093000000000000003FFFFFFFFFFFC00000000BD
:1009400000000000000000000000000000000000A7
:10095000000000FFFFFFFFFFFF000000000000009D
:10096000000000000000000000000000000000FF88
:10097000FFFFFFFFFF00000000000000000000007C
:10098000000000000000000000000000FFFFFFFF6B
:10099000FFFF000000000000000000000000000059
:1009A00000000000000000000000C0C0C0C0C0C0C7
:1009B0000000000000000000000000000000000037
:1009C0000000000000000303030303030303030309
:1009D0000303030303000000000000000000000008
:1009E00003FFFFFFFFFFFFFFFFFFFFFFFFFFFFFF13
:1009F000FFFFFFFFFFFF0303000000000000FFFFF9
:100A0000FFFFF0F0C0C0C0C0C0C0C0C0C0C0C0C008
:100A1000F0FFFFFFFFFF000000000000FFFFFFFFEF
:100A2000000000000000000000000000000000FFC7
:100A3000FFFFFFFF000000000000FFFFFFFF0303B8
:100A400000000000000000000000000003FFFFFFA6
:100A5000FFFF000000000000C0F0F0FFFFFF3F3F7D
:100A60003F3F3F3F3F3F3F3F3F3FFFFFFFF0C0C0A3
:100A7000000000000000033F3FFFFFFFFCFCFCFC08
:100A8000FCFCFCFCFCFCFCFCFFFFFF3F0303000044
:100A900000000000FFFFFFFF00000000000000005A
:100AA00000000000000000FFFFFFFFFF000000004B
:100AB0000000FFFFFFFF000000000000000000003A
:100AC0000000000000FFFFFFFFFF0000000000002B
:100AD000FFFFFFFF3F3F030303030303030303037E
:100AE00003033FFFFFFFFFFF00000000000000FCCA
:100AF000FCFCFFFFFFFFFFFFFFFFFFFFFFFFFFFF0C
:100B0000FFFCFCFC000000000000000000000000F2
:100B1000C0C0C0C0C0C0C0C0C0C0C0C0C0C0C00095
:100B200000000000000000000000000303030303B6
:100B30000303030303030303030303030303030385
:100B40000000000000000000FFFFFFFFFFFFFFFFAD
:100B5000FFFFFFFFFFFFFFFFFFFFFFFFFFFFFFFFA5
:100B6000000000000000FFFFFFFFF0F0C0C0C0C0A9
:100B7000C0C0C0C0C0C0C0C0F0FFFFFFFFFF00008A
:100B800000000000FFFFFFFF000000000000000069
:100B900000000000000000FFFFFFFFFF000000005A
:100BA0000000FFFFFFFF0303000000000000000043
:100BB0000000000003FFFFFFFFFF00000000000037
:100BC000FFFFFFFFFFFF3F3F3F3F3F3F3F3F3F3FB5
:100BD0003F3FFFFFFFFFFFFF000000000000C0FCE1
:100BE000FCFCFCFCFCFCFCFCFCFCFCFCFCFCFCFC45
:100BF000FFFFFFFFFFFF00000000000000000000FB
:100C0000000000000000000000000000000000FFE5
:100C1000FFFFFFFF000000000000000000000000D8
:100C200000000000000000000000000000FFFFFFC7
:100C3000FFFF00000000000003030303030303039E
:100C4000030303030303030303033FFFFFFFFFFF4C
:100C5000000000000000FCFFFFFFFFFFFFFFFFFFA1
:100C6000FFFFFFFFFFFFFFFFFFFFFFFFFCFC000098
:100C70000000000000C0C0C0C0C0C0C0C0C0C0C034
:100C8000C0C0C0C0C0C0C0C0C0C0000000000000E4
:100C90000000000000000000000000000000000054
:100CA000000F30300F00000FFCC0000000000000FB
:100CB0000000C0C0000FFCC0030C0C0300000000CB
:100CC0000000000CFCC00000C03030C0000000FF7D
:100CD000C0CFCFCFC0FF0000F03F0CF0CCC3F30F6C
:100CE000C30C33C30CF03C3FF0C30033300FCCCC0B
:100CF00000FFC0CFCFCFC0FFFC0CCCCCCC0CFC0095
:100D0000CFF03CF0CCC3CFF03FC3FC030CF30CF3AB
:100D1000CCC0CCC00CC3CFF30C00FC0CCCCCCC0CA6
:100D2000FC3F3FF3CF300FCCCFFC333FCF0C330F22
:100D3000C3FCC3333F0CCCFFCF3F30F300F0F0C314
:100D4000F0F3C3F330F0003C33033F30F0CF3F30DB
:100D5000CCCC3C303F0F030CC0FCF33C3CF0C3F068
:100D6000C03FC03F3303C0FC33C303F00F0C0FC3BD
:100D7000F03C3FFFC3003C3F03CCF3C0FC0F300FFF
:100D8000FC300CF300003C3CCCCF0033CC003F03E4
:100D90003CC0C0FF330F33CCFF33C000CF3CC3C3D4
:100DA00033C3CC0CC3330CF00CFCFC3C3C00000007
:100DB00000C03030F03033000300F0F033F0FF3F7C
:100DC0000F30F33FF3CC0C0CC0003FCC00CFC3F08E
:100DD00000FCC0CFCFC3F3C3F303F300CF00F0CCCC
:100DE000F330C0C3FF3F0F33C00F3F300CFCCCF0DB
:100DF000C30FCF0CCC3F3FC3C0FCFF030C3FF3CF6E
:100E00003FFC303FF3FFCF000003033F33F00FCC34
:100E1000FFF0C3FC333F030FCC0CCCCC0CCFC03C59
:100E2000300F00CF303300FCF00F3F0CC00F3330D9
:100E3000003CC0F0CCF3FCFFC0CCC0FFC0F0CFF34F
:100E4000FF00FCFCFC00FF003CCFCF03F30FC033DE
:100E50000FFC3CFC030333C00CFC0CF3C00CFF3054
:100E6000C3C0C3CCF3C0F0C3FCC3FFCCF3CFC0CC32
:100E7000000FCC3C30FF00FCFCC3C0C0C0CC3FF333
:100E800000FCC3CC0C0300FF3CF0CF3F0C3CCCF08B
:100E9000FF00030000000003000000000F0000003E
:100EA00000030000000003000000000F000000002D
:100EB000030000000003000000000F00000000031A
:100EC0000000000003000000000F0000000003000D
:100ED00000000003000000000F00000000030000FD
:100EE000000003000000000F0000000003000000ED
:100EF0000003000000000F000000000300000000DD
:100F000003000000000F00000000030000000003C9
:100F1000FC0C0C0C0CFC0C0C0C0CFC0C0C0C0CFC51
:100F20000C0C0C0CFC0C0C0C0CFC0C0C0C0CFC0C31
:100F30000C0C0CFC0C0C0C0CFC0C0C0C0CFC0C0C21
:100F40000C0CFC0C0C0C0CFC0C0C0C0CFC0C0C0C11
:100F50000CFC0C0C0C0CFC0C0C0C0CFC0C0C0C0C01
:100F6000FC0C0C0C0CFC0C0C0C0CFC0C0C0C0CFC01
:100F70000C0C0C0CFC0C0C0C0CFC0C0C0C0CFC0CE1
:100F80000C0C0CFC0C0C0C0CFC0C0C0C0CFC0000E9
:100F9000000000030C303F000000000000000000D3
:100FA000FFC0FF000000FF000CC3300F0000000076
:100FB000FF03FF000000FF0030C30CF00000000042
:100FC000000000C0300CFC00000000000000000029
:100FD000000000030C303F000000030C0000000084
:100FE000FFC0FF000000FF0C3CC3300F00000000FA
:100FF000FF03FF0C30C0FF0030C30CF00000000006
:1010000030C000C0300CFC000000000000000000F8
:1010100000000000000000000000000000000000D0
:10102000000000000000000000000000000F30C0C1
:1010300000000000000300000000000000000000AD
:10104000030000000000C0300F003FC0000000009F
:10105000000FF000000000030F0F0300000000F07D
:101060000F0000000000C03FFC030000000000F083
:101070000F00000000C0F0F0C0000000000FF00002
:101080000000000003FC00F00C030000000000C0A2
:1010900000000000000000000000C0000000000090
:1010A000030CF00000000000000000000000000041
:1010B0000000000000000000000000000000000030
:1010C0000000000000000000000101010155550171
:1010D000010101010100000000000000000000000B
:1010E0000055550000000000000000000000000452
:1010F0001010404040000000005555000000000066
:1011000000401010040401000000000000555500CC
:1011100000000001010104041000000001010404AA
:10112000041010101055551010101010100401016B
:10113000000000404040404000AAAA00404040005B
:10114000000000000100004000000000000000005E
:1011500000AAAA00000000000000000040401004A7
:101160000404040400AAAA0004040410101040405F
:1011700000000002080820202080808080AAAA8029
:1011800080808080802008080202000000000000AB
:1011900000ABAB00000000000000020208000000ED
:1011A000000000000003030303ABAB0303030303CE
:1011B00003000000000080202020202000FFFF000E
:1011C00020202080808000000000000C3030C0C053
:1011D000C0280A0200AAAA00020A280000C0303073
:1011E0000C0C03000000000000FFFF0000000003E3
:1011F00003030C0C30000000000000000000008021
:10120000A0A8A8A08000000000000000000000C00E
:10121000C0C0C0C000FFFF00C0C0C0000000000090
:101220000000C0C0C0C0C0C0C0C0C0C0C0C0C0C03E
:10123000C0C0C0C0C0C0C0C0C0C0C0C0C0C0C0C0AE
:1012400000FFFF00C0C0C0C0C0C0C0C0C0C0000020
:1012500000C3C3C3FF00FFC0C0FF00FF0303FF00C4
:101260000303030300000000003C0F0300FFFF0026
:10127000030F3C00000000000000000000FC0C0C0C
:101280000C00FC0C0CFC00FC0000FC000C3CCC0C2A
:1012900000000000000000C0F0FCFCF0C0000000F6
:1012A0000000000000000000000303030000000035
:1012B000000000000000000000000000000000002E
:1012C000030303000000000000000000030303000C
:1012D000000000000000000000000000000000000E
:1012E00000000000FFFFFF00000000000000000001
:1012F0000000000000000000000000FFFFFF0000F1
:1013000000000000000000FFFFFF000000000000E0
:10131000000000000000000000000000000000FFCE
:10132000FFFF0000000000000000000F0F0F000092
:10133000000000000000FFFFFF00000000000000B0
:101340000000FFFFFF0000000000000000000000A0
:1013500000000000000000000000FFFFFF00000090
:101360000000033F3FFFFCFCC00000000000000045
:1013700000FFFFFF030303030303030303FFFFFF58
:101380000003030303030303030303030303030033
:101390000000000000FFFFFF03030FFFFFFCF0F061
:1013A000000000000000000000000000FFFFFFF050
:1013B000F0F0F0F0F0F0F0F0FFFFFF00F0F0F0F0F0
:1013C000F0F0F0F0F0F3F3FFFCFC00000000000090
:1013D000FFFFFFFFFFFFCFCF000000000000000075
:1013E00000000000000000FFFFFF00000000000000
:1013F000000000FFFFFF000000000000000F0F3F93
:10140000F0F0C00000000000000000FFFFFF00003F
:10141000C0FCFCFF3F3F0300000000000000000094
:101420000000FFFFFF000000000000000000FFFFC1
:10143000FF000000033F3FFCC0C0000000000000B0
:10144000000000000000FFFFFF000000000000F0AF
:10145000F0FCFFFF0F0000000000000000FFFFFF96
:10146000000000000000000000FFFFFF00FFFFFF82
:101470000F0F0F0F0F0F0F0F0F0F0F0000000000C7
:1014800000C0C0C0000000000000000000C0C0C0DC
:101490000000000000000000C0C0C000000000000C
:1014A00000000000C0C0C000C0C0C0C0C0C0C0C0FC
:1014B000C0C0C0C0C0C000000000000003030300A3
:1014C0000000000000000000000000000003030313
:1014D0000000000303030000000000000000000300
:1014E00003030000000000000000000000000000F6
:1014F00000000000000000FFFFFF0F0F00000000D1
:101500000000000000000F0FFFFFFF000000FFFFC2
:10151000FF000000000000000000FFFFFF000000CF
:1015200000000000000000000000000000000000BB
:101530000000FFFFFFFFFF3F000000000000000071
:101540003FFFFFFFFFFF000000FFFFFF0000000064
:101550000000000000FFFFFF00000000000000008E
:1015600000000000000000000000000000FFFFFF7E
:101570000000FCFFFF03000003FFFFFC0000FFFF73
:10158000FF000000FFFFFF03030303030303030344
:10159000FFFFFF000303030303030303030303032A
:1015A0000303000000000000FFFFFF000000F0F058
:1015B000FF0F0FFFF0F0000000FFFFFF000000FF33
:1015C000FFFFF0F0F0F0F0F0F0F0F0FFFFFF00F0C0
:1015D000F0F0F0F0F0F0F0F0F3F3FFFCFC000000AE
:1015E000000000FFFFFF0000000000C0FFFFC00080
:1015F00000000000FFFFFF000000FFFFFF000000F1
:10160000000000000000FFFFFF00000000000000DD
:101610000F0F3FF0F0C00000000000000000FFFFCF
:10162000FF0000000000000000000000000000FFBC
:10163000FFFF000000FFFFFF0000000000000000AF
:1016400000FFFFFF000000033F3FFCC0C0000000A0
:10165000000000000000000000FFFFFF000000008D
:1016600000000000000000000000FFFFFF0000007D
:10167000FFFFFF000000000000000000FFFFFF0070
:10168000FFFFFF0F0F0F0F0F0F0F0F0F0F0F0000B8
:1016900000000000C0C0C00000000000000000000A
:1016A0000000000000C0C0C0000000C0C0C00000BA
:1016B00000000000000000C0C0C000C0C0C0C0C02A
:1016C000C0C0C0C0C0C0C0C0C0000000000000005A
:1016D00000000000000000000000FFE0F4383D0EB4
:1016E0000F030300000000000000000000000000E5
:1016F00000000000000000000000000000000000EA
:10170000000000000000000000FF0000030F0C4C70
:101710008FD3E0F4383D0E0F0303000000000000FB
:10172000000000000000000000007DC3C37D2828E9
:101730002828282828282828FF0000FF0300303305
:101740003F00000000004182D7EBFF3C28282828FA
:1017500028282828287DC3C37D0000000000000041
:1017600000000000000000FF000000C0C0C1C20770
:101770000B1F2C7CB0F0C0C0000000000000000077
:101780000000000000000000000000000000000059
:10179000000000000000FF0B1F2C7CB0F0C0C00058
:1017A0000000000000000000000000000000000039
:1017B0000000000000000000000000000000000029
:1017C0000000000000000000000000FF0300000017
:1017D000000003FF0000000000000000FC0F0000FC
:1017E000000FFC00000000000000000000C0F03C02
:1017F000F0C000000000004C657630004C6576318A
:10180000004C657632004C657633004C65763400CA
:101810004C657635004C657636004C657637004C65
:10182000657638004C657639000000000000000045
:101830006410B71DC8206E3BAC30D9269041DC76D1
:10184000F4516B6B5861B24D3C7105502083B8ED7B
:1018500044930FF0E8A3D6D68CB361CBB0C2649B9F
:10186000D4D2D38678E20AA01CF2BDBD00000000ED
:1018700000000000000000004261636B6C69676853
:10188000742C20436F6E74726173742C20477265E0
:1018900079204C6576656C2C206574632E00000001
:1018A00000417564696F2073797374656D2E2045EE
:1018B000512C20546F6E652C2046696C7465722C17
:1018C000206574632E0000000000526164696F207F
:1018D000726563656976652C207369676E616C203B
:1018E00068616E646C696E672C206574632E0000FD
:1018F0000000004175746F2054756E696E67205347
:10190000617665284154532920636F6E6669677359
:101910002E00000000000000000000004465766911
:1019200063652073657474696E67732C20757064C9
:101930006174652C20616C61726D2C206574632E5E
:101940000000000000446576656C6F70657273205E
:1019500026206574632E00000000000000000000D7
:1019600000000000000000000000000000004469CA
:1019700073706C617900000000417564696F00004C
:1019800000000000526164696F0000000000005315
:1019900065617263680000000000446576696365F4
:1019A000000000000041626F75740000000000003C
:1019B000AB29020801000000FD2902080400000014
:1019C000A12802081C000000742902081F00000062
:1019D00086290208200000008F2802083700000036
:1019E0008D290208620000007A290208890000009F
:1019F000A52802088C00000080290208A100000030
:101A00005D290208AD000000AA280208BF000000FE
:101A1000F7280208C800000094280208D50000003A
:101A2000EF280208EF000000052A0208C2000000AB
:101A300099280208520000008A2802088500000048
:101A4000302A2001AE067869641990000A02FC0869
:101A50000001010102020304FC21302A6419841CE4
:101A6000B01D28232E22302AFC08C409800C480D02
:101A70003C0FA00F8E12C4130C173818BC1BB01DDE
:101A80008C231027502D442FBC342E36FC3AB83D01
:101A90004844EC45D4494C4ACA535A550064F4654D
:101AA000434E0000004F495254004A500000005578
:101AB0005300000034342E314B0034384B0000000A
:101AC00008080808021A324AAA8C694B2D723F4A4C
:101AD00033003F13723F4A33003F13723F4A3300D3
:101AE0003F13723F4A33003F13723F4A33003F13A4
:101AF0002F2A2A2A2A2A2A2A2A2A2A2A2A2A2A2A41
:101B00002A2A2A2A2A2A2A2A2A2A2A2A2A2A2A2A35
:101B10002A2A2A2A2A2A2A2A2A2A2A2A2A2A2A2A25
:101B20002A2A2A2A2A2A2A2A2A2A2A2A2A2A2A2F10
:101B30000A0A005B534655442F4552525D20556EAC
:101B400061626C6520746F206765742073667564CC
:101B50002064657669636528476574204E554C4C52
:101B600029210A005B4E564D2F4552525D20466C8E
:101B700061736820446174614261736520496E69D4
:101B800074204661696C210A005B4E564D2F574107
:101B9000524E5D205573657220666F7263652074C6
:101BA0006F207573652064656661756C7420636F62
:101BB0006E66696773210A0041524D2049443A20FC
:101BC00025642E2564284275696C643A2564290AC7
:101BD00000526164696F2044535030205061746337
:101BE00068205374617475733A2025642020202086
:101BF00056657273696F6E3A2025642028445350ED
:101C00002049443D25642C204150502049443D2525
:101C100064290A00417564696F2044535030205094
:101C200061746368205374617475733A202564206D
:101C300020202056657273696F6E3A202564202833
:101C40004453502049443D25642C204150502049A4
:101C5000443D2564290A00526164696F2044535051
:101C600031205061746368205374617475733A2035
:101C700025642020202056657273696F6E3A2025F6
:101C80006420284453502049443D25642C20415071
:101C9000502049443D2564290A00417564696F203C
:101CA00044535031205061746368205374617475DB
:101CB000733A2025642020202056657273696F6E68
:101CC0003A20256420284453502049443D25642C63
:101CD000204150502049443D2564290A0052616446
:101CE000696F2044535032205061746368205374EC
:101CF000617475733A202564202020205665727324
:101D0000696F6E3A20256420284453502049443D91
:101D100025642C204150502049443D2564290A0067
:101D20005B4E564D2F4552525D204661696C65648D
:101D300020746F20726561642022257322206669F9
:101D40006C6520282564292E0A005B4E564D2F45D0
:101D500052525D204661696C656420746F20636C2B
:101D60006F736520222573222066696C6520282503
:101D700064292E0A005B4E564D2F4552525D204677
:101D800061696C656420746F2077726974652022C4
:101D90002573222066696C65202825642F25642917
:101DA0002E0A005B4E564D2F5741524E5D20556E08
:101DB000657870656374656420226261736963503D
:101DC000617261222073697A653A2025642F256447
:101DD0002E0A005B4E564D2F5741524E5D20556ED8
:101DE0006578706563746564202263666741756415
:101DF000696F222073697A653A2025642F25642E45
:101E00000A005B4E564D2F5741524E5D20556E6570
:101E100078706563746564202263666754756E65C7
:101E200072222073697A653A2025642F25642E0A70
:101E3000005B4E564D2F5741524E5D20556E6578D2
:101E400070656374656420222573222073697A6546
:101E50003A2025642F25642E0A005B4E564D2F57DD
:101E600041524E5D20556E657870656374656420DF
:101E700022636667446973706C6179222073697AA2
:101E8000653A2025642F25642E0A005B4E564D2F9F
:101E90004552525D204661696C656420746F206F05
:101EA00070656E20226366674465766963652220EB
:101EB00066696C652E0A005B4E564D2F4552525D89
:101EC000204661696C656420746F206F70656E20B8
:101ED000222573222066696C652E0A005B4E564DE2
:101EE0002F4552525D204661696C656420746F20F5
:101EF0006F70656E20222573222066696C652066EE
:101F00006F722077726974652E0A0054756E65725F
:101F100020496E666F3A2053414637373558204482
:101F20006972616E61330A004D435520496E666FD8
:101F30003A204744333246333033524354360A0052
:101F40004669726D7761726520496E666F3A0A0064
:101F500056657273696F6E3A2025642E25642020C1
:101F6000202020202020446174653A2025640A0046
:101F70005B4E564D2F494E464F5D20426F6F744366
:101F80006F756E74202564202D3E2025640A005B49
:101F90004E564D2F494E464F5D20436F6E66696722
:101FA0002076657273696F6E3A20256420767320FF
:101FB00025640A00417564696F20445350302049FC
:101FC000443A20256425642E25640A00417564691D
:101FD0006F20445350312049443A20256425642E13
:101FE00025640A00526164696F20445350302049CF
:101FF000443A20256425642E2564256425640A005E
:10200000526164696F20445350312049443A20257D
:102010006425642E2564256425640A005261646980
:102020006F20445350322049443A20256425642EC1
:102030002564256425640A00466C6173683A20258E
:1020400064204B4279746520205352414D3A20253B
:1020500064204B427974650A005B4E564D2F574100
:10206000524E5D20436F6E666967207665727369B4
:102070006F6E206E6F74206D6174636821205573DC
:10208000696E672064656661756C7420636F6E6647
:102090006967730A00556E6971756549443A202570
:1020A00078257825780A000A2F2A2A2A2A2A2A2A15
:1020B0002A2A2A2A2A2A2A2A2A2A2A2A2A2A2A2A80
:1020C0002A2A2A2A2A2A2A2A2A2A2A2A2A2A2A2A70
:1020D0002A2A2A2A2A2A2A2A2A2A2A2A2A2A2A2A60
:1020E0002A2A2A2A2A2A2A2F00444F4E45005354CE
:1020F0004F5000626173696350617261006366678B
:1021000044657669636500486F6C64204F4B2074AA
:102110006F20636F6E6669726D00636667417564F8
:10212000696F0063666754756E657200626F6F74E5
:10213000436F756E7400636667446973706C617990
:1021400000250043482E0053414637373531205291
:102150006164696F0A4279204E79614B6F697368D7
:10216000690A537570706F7274206D6520696620FE
:10217000796F752077616E740A546869732069738A
:10218000206D7920515220436F646520202D3E0A36
:102190005468616E6B73210A456D61696C3A313127
:1021A00039343730333732374071712E636F6D0AEF
:1021B00051512047726F75703A363136373836359F
:1021C0003832004D69642020203A00426173732048
:1021D000203A00556E697175652049443A0A0A54DF
:1021E000756E65722049443A0A0A4669726D7761D4
:1021F00072652049443A00463A00473A00513A0095
:1022000046633A00547265626C653A00566F6C2002
:102210004761696E3A0042616C204C6566743A0011
:1022200042616C2052696768743A006442005374DA
:102230006172742053656172636820434800783589
:102240004B480078394B4800464D20464D534900D5
:102250004B00464D2043455100464D20694D5300EB
:10226000464D20434E53006442755600414D204177
:102270007564696F2042616E6457005468726573BB
:10228000686F6C64004C6F7720454D49204D6F643A
:102290006500415453204D6F64650044656D6F20A7
:1022A0004D6F6465005365742054696D65004C6919
:1022B0006768742054696D650053616D706C6520AA
:1022C00052617465004669726D7761726520557060
:1022D000646174650055502F444E2053656C6563EE
:1022E000742020486F6C64204F4B2044656C6574EB
:1022F0006500536F6674204D757465004D454E55ED
:10230000204261636B004E6F2073617665642063C9
:1023100068616E6E656C00464D20526567696F6E30
:1023200000464D2053746572656F00456E636F649F
:1023300065722053776170004D57205374657000AB
:10234000496E76657273652044697370004D6F6ED7
:102350006F20537065616B6572004E6F6973652005
:10236000426C616E6B657200464D2044652D656D53
:102370007068617369730041646170746976652087
:10238000556C7472614261737300317374204949F2
:1023900052204869676850617373004272696768C8
:1023A000746E65737300416E74616E6E6120536567
:1023B0006C65637400464D20695044204475616C1F
:1023C00020416E7400536F6674205265626F6F74A3
:1023D00000436F6E74726173740044796E616D694D
:1023E0006320437574005350444946204F75740070
:1023F000493253204F7574005B332E35207E2031D7
:1024000030305D20302E352F646976005B30207EC1
:102410002032345D203164422F6469760044617259
:102420006B2047726579004C696768742047726554
:1024300079004D616E616765204D656D6F72790041
:10244000253032752E2025752E253032754D487A6F
:1024500000253032752E2025756B487A007465781A
:102460007420612F620A00596F752063616E2067C6
:10247000657420746865206C61746573742076657A
:102480007273696F6E206F6E2068747470733A2F68
:102490002F6769746875622E636F6D2F61726D6945
:1024A0006E6B2F53465544202E0054686520666C91
:1024B00061736820646576696365206D616E756619
:1024C00061637475726572204944206973203078A5
:1024D000253032582C206D656D6F727920747970BB
:1024E00065204944206973203078253032582C20EB
:1024F0006361706163697479204944206973203095
:1025000078253032582E004572726F723A2025734A
:1025100020342D4279746520616464726573736937
:102520006E67206D6F6465206661696C65642E005E
:102530004572726F723A20257320666C6173682051
:1025400064657669636520696E697469616C697A2E
:102550006174696F6E206661696C65642E004572F6
:10256000726F723A2057726974655F737461747523
:1025700073207265676973746572206661696C6542
:10258000642E004572726F723A20466C6173682047
:102590006465766963652072657365742066616938
:1025A0006C65642E005761726E696E673A205468DC
:1025B000697320666C617368206465766963652061
:1025C0006973206E6F7420666F756E64206F722061
:1025D0006E6F7420737570706F727465642E004531
:1025E00072726F723A20466C617368206164647223
:1025F000657373206973206F7574206F6620626F36
:10260000756E642E004572726F723A205265616475
:1026100020666C61736820646576696365204A454D
:10262000444543204944206572726F722E00457202
:10263000726F723A20466C617368206572617365CF
:102640002053504920636F6D6D756E6963617465C9
:10265000206572726F722E004572726F723A204658
:102660006C617368206368697020657261736520AE
:1026700053504920636F6D6D756E69636174652099
:102680006572726F722E004572726F723A20466CDC
:102690006173682077726974652053504920636FB5
:1026A0006D6D756E6963617465206572726F722EEF
:1026B000004572726F723A20466C617368207761D0
:1026C000697420627573792068617320616E20657A
:1026D00072726F722E002825732920686173206141
:1026E0007373657274206661696C6564206174201F
:1026F00025732E00537461727420696E6974696168
:102700006C697A652053657269616C20466C6173EF
:102710006820556E6976657273616C2044726976C3
:102720006572285346554429205625732E00466F5E
:10273000756E64206120666C6173682063686970DF
:102740002E2053697A6520697320256C6420627994
:102750007465732E00466F756E64206120257320AA
:10276000666C61736820636869702E2053697A65AE
:1027700020697320256C642062797465732E00468D
:102780006F756E64206120257320257320666C614F
:10279000736820636869702E2053697A65206973B5
:1027A00020256C642062797465732E0025732034B3
:1027B0002D427974652061646472657373696E6714
:1027C000206D6F646520737563636573732E0046B7
:1027D0006C617368206465766963652072657365F2
:1027E0007420737563636573732E004572726F7224
:1027F0003A2043616E277420656E61626C652077B4
:1028000072697465207374617475732E00457272F9
:102810006F723A2043616E27742064697361626C41
:1028200065207772697465207374617475732E0006
:10283000257320666C617368206465766963652022
:10284000696E697469616C697A6564207375636324
:1028500065737366756C6C792E00312E312E3000E5
:10286000535049320077726974655F6772616E20F8
:102870003D3D2031207C7C2077726974655F6772F2
:10288000616E203D3D2032353600505559410041A2
:102890004D49430049535349004E4F522D4D454D2C
:1028A00000454F4E0045534D5400535354002E2EB7
:1028B0002F6C69622F736675642F7372632F736652
:1028C00075642E6300736675645F7265616400737E
:1028D00065745F77726974655F656E61626C65646B
:1028E00000726561645F6A656465635F696400576F
:1028F000696E626F6E6400476967614465766963FB
:1029000065007365745F345F627974655F616464E8
:10291000726573735F6D6F646500736675645F6580
:102920007261736500736675645F636869705F6583
:102930007261736500706167653235365F6F725F13
:10294000315F627974655F7772697465006161698E
:102950005F777269746500666C61736800487975A9
:102960006E64616900666C6173682D3E696E69749E
:102970005F6F6B0041746D656C00496E74656C002F
:10298000467564616E004D6963726F6E0053616ECF
:10299000796F00456E746572004E6F7200666C61EF
:1029A00073682D3E7370692E77720043797072657B
:1029B000737300736675645F726561645F737461DD
:1029C00074757300736675645F77726974655F739D
:1029D0007461747573007265736574006861726404
:1029E000776172655F696E697400736F6674776191
:1029F00072655F696E697400457869740046756A2E
:102A000069747375004D6163726F6E6978006D61F2
:102A10006B655F616464726573735F627974655F2F
:102A2000617272617900776169745F6275737900B0
:102A30004572726F723A20526561642061646472FB
:102A4000657373206279746573206572726F722189
:102A5000004572726F723A20436865636B2053467B
:102A60004450207369676E61747572652065727277
:102A70006F722E2049742773206D75737420626500
:102A8000203530343434363533682827532720270F
:102A900046272027442720275027292E00576172D8
:102AA0006E696E673A205265616420534644502037
:102AB000706172616D6574657220686561646572CC
:102AC00020696E666F726D6174696F6E20666169F0
:102AD0006C65642E2054686520257320646F6573CF
:102AE000206E6F7420737570706F7274204A454445
:102AF000454320534644502E0034204B422045721B
:102B000061736520697320737570706F727465648A
:102B1000207468726F7567686F75742074686520BB
:102B20006465766963652E20436F6D6D616E642008
:102B30006973203078253032582E00466C617368F6
:102B40002064657669636520737570706F72747345
:102B500020256C644B4220626C6F636B2065726150
:102B600073652E20436F6D6D616E64206973203034
:102B700078253032582E00436865636B204A4544FF
:102B8000454320626173696320666C6173682070DD
:102B90006172616D6574657220686561646572203B
:102BA0006973204F4B2E20546865207461626C65F8
:102BB0002069642069732025642C20726576657213
:102BC00073696F6E206973205625642E25642C204E
:102BD0006C656E6774682069732025642C207061B1
:102BE00072616D65746572207461626C6520706FCE
:102BF000696E7465722069732030782530366C58A0
:102C00002E00436865636B2053464450206865611D
:102C1000646572206973204F4B2E205468652072C2
:102C20006576657273696F6E206973205625642E10
:102C300025642C204E504E2069732025642E0045BB
:102C400072726F723A2054686520666C61736820F6
:102C5000636170616369747920697320677261745C
:102C60006572207468616E2033322047622F2034F1
:102C700020474221204E6F7420537570706F72741C
:102C800065642E004572726F723A20546869732031
:102C9000726576657273696F6E285625642E256499
:102CA00029206F662053464450206973206E6F744C
:102CB00020737570706F727465642E004572726F48
:102CC000723A205468697320726576657273696F11
:102CD0006E285625642E256429206F66204A4544B7
:102CE000454320626173696320666C61736820707C
:102CF0006172616D657465722068656164657220DA
:102D00006973206E6F7420737570706F7274656470
:102D10002E00556E69666F726D2034204B4220651F
:102D20007261736520697320756E617661696C618B
:102D3000626C6520666F72207468697320646576C2
:102D40006963652E005761726E696E673A20436150
:102D50006E27742072656164204A454445432062B1
:102D60006173696320666C61736820706172616D64
:102D700065746572207461626C652E00426C6F63CD
:102D80006B2050726F74656374206269747320697C
:102D90006E2064657669636527732073746174754A
:102DA0007320726567697374657220617265207340
:102DB0006F6C656C7920766F6C6174696C652E0040
:102DC00054617267657420666C6173682073746106
:102DD00074757320726567697374657220697320F6
:102DE0006E6F6E2D766F6C6174696C652E00577214
:102DF000697465206772616E756C6172697479209F
:102E00006973203120627974652E00332D206F7232
:102E100020342D427974652061646472657373692E
:102E20006E672E00332D42797465206F6E6C7920A9
:102E300061646472657373696E672E00342D427924
:102E40007465206F6E6C7920616464726573736958
:102E50006E672E004572726F723A2043616E27745E
:102E60002072656164205346445020686561646542
:102E7000722E004572726F723A2043616E27742081
:102E800072656164204A4544454320626173696309
:102E900020666C61736820706172616D6574657223
:102EA000206865616465722E0057726974652067D9
:102EB00072616E756C617269747920697320363441
:102EC000206279746573206F72206C61726765721D
:102ED0002E00466C617368206465766963652072B4
:102EE0006571756972657320696E73747275637448
:102EF000696F6E20353068206173207468652077B3
:102F00007269746520656E61626C65207072696FAC
:102F10007220746F20706572666F726D696E6720C3
:102F20006120766F6C6174696C6520777269746575
:102F300020746F20746865207374617475732072D7
:102F4000656769737465722E00466C6173682064EE
:102F5000657669636520726571756972657320694C
:102F60006E737472756374696F6E20303668206199
:102F7000732074686520777269746520656E61627C
:102F80006C65207072696F7220746F207065726654
:102F90006F726D696E67206120766F6C6174696C09
:102FA0006520777269746520746F2074686520737A
:102FB00074617475732072656769737465722E002D
:102FC0004572726F723A20546865204A4544454301
:102FD00020626173696320666C617368207061723E
:102FE000616D65746572207461626C65206C656EDC
:102FF00067746820286E6F77206973202564292004
:103000006572726F722E004572726F723A20556E41
:1030100069666F726D2034204B4220657261736562
:1030200020737570706F7274656420696E666F725C
:103030006D6174696F6E206572726F722E004361EC
:1030400070616369747920697320256C642042790A
:103050007465732E004D53422D4C53422020332073
:10306000202020322020202031202020203000610C
:10307000646472203C20314C203C3C203234004AB5
:103080004544454320626173696320666C617368DF
:1030900020706172616D65746572207461626C6527
:1030A00020696E666F3A005B253034645D203078AD
:1030B000253032582030782530325820307825306D
:1030C00032582030782530325800726561645F7361
:1030D0006664705F64617461002E2E2F6C69622FCC
:1030E000736675642F7372632F736675645F73669E
:1030F00064702E6300666C6173682D3E7366647045
:103100002E617661696C61626C6500726561645FF5
:1031100062617369635F7461626C650072656164AA
:103120005F62756600736675645F726561645F7384
:1031300066647000726561645F62617369635F6891
:10314000656164657200726561645F736664705F77
:1031500068656164657200736675645F7366647048
:103160005F6765745F7375697461626C655F6572D2
:1031700061736572005B534655445D2825733A259B
:103180006C642920005B534655445D002E2E2F6C45
:1031900069622F736675642F706F72742F73667512
:1031A000645F706F72742E63007370695F77726909
:1031B00074655F726561640077726974655F6275DA
:1031C000660025733A25643A64656275673A20465D
:1031D0006978696E67206D6F7665207768696C65C0
:1031E0002072656C6F636174696E67207B3078252F
:1031F000782C20307825787D20307825780A257342
:103200000A0025733A25643A64656275673A204678
:103210006978696E67206D6F7665207768696C657F
:1032200020666978696E67206F727068616E7320BE
:103230007B307825782C20307825787D20307825D3
:10324000780A25730A0025733A25643A6572726F0D
:10325000723A20496E76616C696420626C6F636BB0
:103260002073697A652028257520213D2025752940
:1032700025730A0025733A25643A6572726F723AB3
:1032800020496E76616C696420626C6F636B2063A9
:103290006F756E742028257520213D202575292500
:1032A000730A0025733A25643A6572726F723A2088
:1032B000556E737570706F727465642066696C65A5
:1032C0005F6D617820282575203E2025752925739E
:1032D0000A0025733A25643A6572726F723A205576
:1032E0006E737570706F72746564206E616D655F6A
:1032F0006D617820282575203E2025752925730AC3
:103300000025733A25643A6572726F723A20556EE1
:10331000737570706F7274656420617474725F6D20
:10332000617820282575203E2025752925730A00FF
:1033300025733A25643A64656275673A20466F756D
:103340006E64206F6C646572206D696E6F7220769A
:10335000657273696F6E207625642E2564203C208B
:103360007625642E256425730A0025733A25643A70
:103370006572726F723A20496E76616C696420766C
:10338000657273696F6E207625642E256420213D59
:10339000207625642E256425730A0025733A25645A
:1033A0003A7761726E3A205375706572626C6F6322
:1033B0006B203078257820686173206265636F6DBB
:1033C0006520756E7772697461626C6525730A0099
:1033D00025733A25643A7761726E3A20556E6162C0
:1033E0006C6520746F20657870616E6420737570F1
:1033F0006572626C6F636B25730A0025733A2564EE
:103400003A7761726E3A204379636C652064657423
:10341000656374656420696E207461696C206C69F1
:10342000737425730A0025733A25643A64656275DE
:10343000673A20457870616E64696E6720737570B5
:103440006572626C6F636B206174207265762025F3
:103450007525730A0025733A25643A6572726F7296
:103460003A204E6F206D6F7265206672656520731D
:1034700070616365203078257825730A0025733ADA
:1034800025643A64656275673A2042616420626C23
:103490006F636B206174203078257825730A0025CE
:1034A000733A25643A64656275673A2046697869BB
:1034B0006E67206D6F7665207B307825782C203004
:1034C0007825787D203078257825730A0025733A91
:1034D00025643A64656275673A20466F756E6420AC
:1034E00070656E64696E67206773746174652030FF
:1034F0007825303878253038782530387825730AA3
:103500000025733A25643A64656275673A2052650E
:103510006C6F636174696E67207B307825782C202E
:10352000307825787D202D3E207B307825782C2022
:10353000307825787D25730A0025733A25643A642E
:10354000656275673A20466978696E672068616CC4
:10355000662D6F727068616E207B307825782C2024
:10356000307825787D202D3E207B307825782C20E2
:10357000307825787D25730A0025733A25643A64EE
:10358000656275673A20526577726974696E672063
:103590007375706572626C6F636B207B3078257811
:1035A0002C20307825787D25730A0025733A256410
:1035B0003A64656275673A20466978696E67206F7C
:1035C000727068616E207B307825782C20307825E9
:1035D000787D25730A0025733A25643A6572726F07
:1035E000723A20436F7272757074656420646972F8
:1035F0002070616972206174207B307825782C20DE
:10360000307825787D25730A0025733A25643A774A
:1036100061726E3A20556E61626C6520746F207322
:10362000706C6974207B307825782C203078257870
:103630007D25730A002E2E002E2E2F6C69622F6CB2
:103640006974746C6566732F6C66732E63006C69A5
:1036500074746C656673005B4C46532F494E464F3D
:103660005D204C465320626C6F636B2073697A65F2
:103670003A202564210A005B4C46532F494E464FA1
:103680005D204C465320626C6F636B20636F756ED8
:10369000743A202564210A002E2E2F6C69622F6C4B
:1036A0006974746C6566732F6C66735F706F727487
:1036B0002E6300736675645F6465762D3E696E697E
:1036C000745F6F6B00736675645F646576002A2AA9
:1036D0002A20617373657274696F6E206661696C0C
:1036E00065643A20002C2066696C6520002C206CF3
:1036F000696E6520000000001837020800000020F5
:10370000F807000068090008F0370208F8070020F1
:1037100058660000DCAB010801152EEDB701080763
:10372000000C001FBD0108082A10000FC301080A81
:1037300000142E31CE01080C0018008DDB010806A4
:103740002E0800646430000A0037000A0050520559
:103750002A442C4762616E64466D2E62616E644C31
:10376000770062616E644D770C1D62616E64537701
:1037700000992902080551602802087301014013CD
:10378000758B0108DD8A0108E18901080D8C0108AB
:10379000000142014210320243F4014202022702B8
:1037A0006CA0380020423B002001000A640100099F
:1037B0004601000900640EFF010005006400E803F3
:1037C0000A01090596019602FF14019602FF3201D3
:1037D0009602FFC80196330429335802330101428F
:1037E000124202420A0520DF273501520142010040
:0400000508000131BD
:00000001FF
